USE mydb;
SET SESSION sql_mode='NO_AUTO_VALUE_ON_ZERO';
INSERT INTO image (id,description,image_url) VALUES (0,error image not found,no url found);
INSERT INTO image (id,description,image_url) VALUES (1,greek cuisine,https://thumbs.dreamstime.com/b/greek-food-table-scene-top-down-view-dark-background-souvlaki-gyros-wraps-salad-spanakopita-dolmades-pita-lemon-potatoes-225466730.jpg);
INSERT INTO image (id,description,image_url) VALUES (2,french cuisine,https://media.istockphoto.com/id/584597902/vector/french-cuisine-icons.jpg?s=612x612&w=0&k=20&c=-mAbhivcSqKAoTyHFZ27fH5XmlSgS-f9EUrl9Hf10IE=);
INSERT INTO image (id,description,image_url) VALUES (3,indian cuisine,https://t4.ftcdn.net/jpg/02/84/46/89/360_F_284468940_1bg6BwgOfjCnE3W0wkMVMVqddJgtMynE.jpg);
INSERT INTO image (id,description,image_url) VALUES (4,italian cuisine,https://media.istockphoto.com/id/1227415751/photo/full-table-of-italian-meals-on-plates-pizza-pasta-ravioli-carpaccio-caprese-salad-and-tomato.jpg?s=612x612&w=0&k=20&c=0qCRhYGQw0w6ahhVX-4ezayA9r81A81cwbPDbgRlC5s=);
INSERT INTO image (id,description,image_url) VALUES (5,japanese cuisine,https://media.gettyimages.com/id/1300135479/photo/traditional-japanese-dishes-sushi-and-sushi-roll-set-rice-bowls-tuna-tataki.jpg?s=612x612&w=gi&k=20&c=gCZVauon73_wj5BThVQP3axU062jV1udZwApn4yZzEI=);
INSERT INTO image (id,description,image_url) VALUES (6,chinese cuisine,https://media.istockphoto.com/id/545286388/photo/chinese-food-blank-background.jpg?s=612x612&w=0&k=20&c=pqOIy07YKO5PlU5VxjscwTGRrrZ8PluKMUjSOz-II60=);
INSERT INTO image (id,description,image_url) VALUES (7,mexican cuisine,https://encrypted-tbn0.gstatic.com/images?q=tbn:ANd9GcTlt4IkGPmtzTYHsFrhUfHZsl7D9oR_XoDeKyEGRJEPMw&s);
INSERT INTO image (id,description,image_url) VALUES (8,german cuisine,https://t3.ftcdn.net/jpg/02/90/54/44/360_F_290544453_eut3D4HHoR9DnZaLqFJLgPhyj25mMLFq.jpg);
INSERT INTO image (id,description,image_url) VALUES (9,korean cuisine,https://www.shutterstock.com/shutterstock/photos/2327701667/display_1500/stock-photo-korean-foods-served-on-a-dining-table-perfect-for-photo-illustration-article-or-any-cooking-2327701667.jpg);
INSERT INTO image (id,description,image_url) VALUES (10,turkish cuisine,https://t3.ftcdn.net/jpg/02/72/40/16/360_F_272401663_Oz1FHbPJjmTSsOArkkb4X8pUeiVxDueR.jpg);
INSERT INTO image (id,description,image_url) VALUES (11,albanian cuisine,https://irp.cdn-website.com/560b6587/dms3rep/multi/image20-f1109880.png);
INSERT INTO image (id,description,image_url) VALUES (12,american cuisine,https://t3.ftcdn.net/jpg/01/92/00/86/360_F_192008611_KrKZcq3NyiNSksLVPc76SQyBeXOfq1o0.jpg);
INSERT INTO image (id,description,image_url) VALUES (13,bulgarian cuisine,https://www.shutterstock.com/image-photo/traditional-uzbek-oriental-cuisine-family-600nw-1146169040.jpg);
INSERT INTO image (id,description,image_url) VALUES (14,russian cuisine,https://t3.ftcdn.net/jpg/03/00/22/82/360_F_300228239_Fb5WbnaOmvjdPLOieoxlpiR9hBaz4PL9.jpg);
INSERT INTO image (id,description,image_url) VALUES (2001,Cabbage carrots etc,https://img.freepik.com/free-vector/vegetables-icons-set_1284-21276.jpg?size=338&ext=jpg&ga=GA1.1.2082370165.1715904000&semt=sph);
INSERT INTO image (id,description,image_url) VALUES (2002,Apples bananas etc,https://img.freepik.com/free-photo/vibrant-collection-healthy-fruit-vegetables-generated-by-ai_24640-80425.jpg);
INSERT INTO image (id,description,image_url) VALUES (2003,Potato cereal etc,https://media02.stockfood.com/largepreviews/Mzk5Mzg4NQ==/00128835-Cereals-bread-spaghetti-potatoes-and-rice.jpg);
INSERT INTO image (id,description,image_url) VALUES (2004,Milk, cheese etc,https://img.freepik.com/free-photo/view-allergens-commonly-found-dairy_23-2150170319.jpg);
INSERT INTO image (id,description,image_url) VALUES (2005,Peas beans etc,https://publish.purewow.net/wp-content/uploads/sites/2/2022/07/types-of-legumes-hero.jpg?resize=720%2C780);
INSERT INTO image (id,description,image_url) VALUES (2006,Beef pork etc,https://www.shutterstock.com/image-photo/fresh-raw-beef-steaks-on-260nw-1457200706.jpg);
INSERT INTO image (id,description,image_url) VALUES (2007,Chicken etc,https://media.istockphoto.com/id/93456512/photo/raw-chicken.jpg?s=612x612&w=0&k=20&c=UuvFL4g04JjBtrBdF9dAVReSUxELJey3CHEZv5z9OyE=);
INSERT INTO image (id,description,image_url) VALUES (2008,Eggs (come on),https://cdn.britannica.com/94/151894-050-F72A5317/Brown-eggs.jpg);
INSERT INTO image (id,description,image_url) VALUES (2009,fish shrimps etc,https://media.istockphoto.com/id/520490716/photo/seafood-on-ice.jpg?s=612x612&w=0&k=20&c=snyxGY26viNQ6BWqW-ez4U7tAO65Z_tmAFPMobiZ9Q4=);
INSERT INTO image (id,description,image_url) VALUES (2010,Olives Nuts etc,https://media.istockphoto.com/id/1332649193/photo/oil-hazelnut-in-sauceboat-on-board.jpg?s=612x612&w=0&k=20&c=jv7yA9YdXRHSBcJEqayZjQqRctZZGmD_WbX1jFMsHfE=);
INSERT INTO image (id,description,image_url) VALUES (3001,A vibrant and festive theme featuring a taco bar,https://media-cdn.tripadvisor.com/media/photo-s/19/a5/2b/8a/taco-fiesta-bali.jpg);
INSERT INTO image (id,description,image_url) VALUES (3002,A theme inspired by the flavors of the Mediterranean,https://www.shutterstock.com/image-illustration/set-delicious-tasty-spanish-delights-260nw-609078893.jpg);
INSERT INTO image (id,description,image_url) VALUES (3003,Classic Italian fare with a cozy trattoria ambiance,https://www.shutterstock.com/shutterstock/photos/1054754711/display_1500/stock-photo-view-of-a-small-local-restaurant-or-trattoria-in-italy-1054754711.jpg);
INSERT INTO image (id,description,image_url) VALUES (3004,A hearty barbecue feast with grilled meats,https://img.evbuc.com/https%3A%2F%2Fcdn.evbuc.com%2Fimages%2F702364939%2F1334550967343%2F1%2Foriginal.20240221-201702?w=1000&auto=format%2Ccompress&q=75&sharp=10&s=af66148673e16cfa8cf0d7a496ae94a3);
INSERT INTO image (id,description,image_url) VALUES (3005,A mix of popular dishes from different Asian cuisines,https://media.istockphoto.com/id/1317255793/photo/rijsttafel-nusantara-an-elaborate-meal-of-indonesian-dishes.jpg?s=612x612&w=0&k=20&c=F_CtvP1w7CMbth0vyT-aqzkB3D5TqZbnwgLc7tbpnsc=);
INSERT INTO image (id,description,image_url) VALUES (3006,A theme centered around fresh locally-sourced ingredients,https://media.istockphoto.com/id/1346744481/photo/anonymous-chef-harvesting-fresh-vegetables-on-a-farm.jpg?s=612x612&w=0&k=20&c=U9h4fAi68nwVndAJW8TF-f2lFFCO2Y-XrZWA2gah1Xw=);
INSERT INTO image (id,description,image_url) VALUES (3007,A feast for seafood lovers,https://st.depositphotos.com/20827338/57620/i/450/depositphotos_576201884-stock-photo-seafood-plate-shrimp-shellfish-crab.jpg);
INSERT INTO image (id,description,image_url) VALUES (3008,Elegant and classic French dishes,https://www.shutterstock.com/image-photo/cozy-street-tables-cafe-paris-260nw-1078952957.jpg);
INSERT INTO image (id,description,image_url) VALUES (3009,Comfort food from the American South,https://vintagemattituck.com/cdn/shop/products/Southern-Comfort-Whiskey-750ml_1024x1024.jpg?v=1577747836);
INSERT INTO image (id,description,image_url) VALUES (3010,An array of street food from around the world,https://encrypted-tbn0.gstatic.com/images?q=tbn:ANd9GcSWEqUB0xkb-EHP0I9Ev9mYy6cf3idzoaX6I0vyxlTVkA&s);
INSERT INTO cuisine (name,image_id) VALUES (Greek,1);
INSERT INTO cuisine (name,image_id) VALUES (French,2);
INSERT INTO cuisine (name,image_id) VALUES (Indian,3);
INSERT INTO cuisine (name,image_id) VALUES (Italian,4);
INSERT INTO cuisine (name,image_id) VALUES (Japanese,5);
INSERT INTO cuisine (name,image_id) VALUES (Chinese,6);
INSERT INTO cuisine (name,image_id) VALUES (Mexican,7);
INSERT INTO cuisine (name,image_id) VALUES (German,8);
INSERT INTO cuisine (name,image_id) VALUES (Korean,9);
INSERT INTO cuisine (name,image_id) VALUES (Turkish,10);
INSERT INTO cuisine (name,image_id) VALUES (Albanian,11);
INSERT INTO cuisine (name,image_id) VALUES (American,12);
INSERT INTO cuisine (name,image_id) VALUES (Bulgarian,13);
INSERT INTO cuisine (name,image_id) VALUES (Russian,14);
INSERT INTO food_team (short_name,description,long_name,image_id) VALUES (vegetarian,Cabbage carrots etc,Vegetables,2001);
INSERT INTO food_team (short_name,description,long_name,image_id) VALUES (fruity,Apples bananas etc,Fruit,2002);
INSERT INTO food_team (short_name,description,long_name,image_id) VALUES (potatoy,Potato cereal etc,Cereal and Potatoes,2003);
INSERT INTO food_team (short_name,description,long_name,image_id) VALUES (dairy,Milk, cheese etc,Milk and Dairy products,2004);
INSERT INTO food_team (short_name,description,long_name,image_id) VALUES (legumy,Peas beans etc,Legumes,2005);
INSERT INTO food_team (short_name,description,long_name,image_id) VALUES (red-carnivorous,Beef pork etc,Red Meat,2006);
INSERT INTO food_team (short_name,description,long_name,image_id) VALUES (white-carnivorous,Chicken etc,White Meat,2007);
INSERT INTO food_team (short_name,description,long_name,image_id) VALUES (eggy,Eggs (come on),Eggs,2008);
INSERT INTO food_team (short_name,description,long_name,image_id) VALUES (seafood,fish shrimps etc,Fish and Seafood,2009);
INSERT INTO food_team (short_name,description,long_name,image_id) VALUES (oil-nuts,Olives Nuts etc,Fat Oils and Nuts,2010);
INSERT INTO ingredient (name,cal_per_100,food_team_short_name,image_id) VALUES (lamb,600.0,legumy,0);
INSERT INTO ingredient (name,cal_per_100,food_team_short_name,image_id) VALUES (rice,300.0,vegetarian,0);
INSERT INTO ingredient (name,cal_per_100,food_team_short_name,image_id) VALUES (water,0.0,seafood,0);
INSERT INTO ingredient (name,cal_per_100,food_team_short_name,image_id) VALUES (yogurt,0.0,seafood,0);
INSERT INTO ingredient (name,cal_per_100,food_team_short_name,image_id) VALUES (egg,100.0,legumy,0);
INSERT INTO ingredient (name,cal_per_100,food_team_short_name,image_id) VALUES (flour,300.0,potatoy,0);
INSERT INTO ingredient (name,cal_per_100,food_team_short_name,image_id) VALUES (salt,0.0,eggy,0);
INSERT INTO ingredient (name,cal_per_100,food_team_short_name,image_id) VALUES (olive oil,800.0,fruity,0);
INSERT INTO ingredient (name,cal_per_100,food_team_short_name,image_id) VALUES (phyllo dough,200.0,eggy,0);
INSERT INTO ingredient (name,cal_per_100,food_team_short_name,image_id) VALUES (walnuts,600.0,red-carnivorous,0);
INSERT INTO ingredient (name,cal_per_100,food_team_short_name,image_id) VALUES (sugar,300.0,legumy,0);
INSERT INTO ingredient (name,cal_per_100,food_team_short_name,image_id) VALUES (cinnamon,200.0,fruity,0);
INSERT INTO ingredient (name,cal_per_100,food_team_short_name,image_id) VALUES (butter,700.0,oil-nuts,0);
INSERT INTO ingredient (name,cal_per_100,food_team_short_name,image_id) VALUES (lemon juice,0.0,oil-nuts,0);
INSERT INTO ingredient (name,cal_per_100,food_team_short_name,image_id) VALUES (red bell pepper,0.0,vegetarian,0);
INSERT INTO ingredient (name,cal_per_100,food_team_short_name,image_id) VALUES (onions,0.0,seafood,0);
INSERT INTO ingredient (name,cal_per_100,food_team_short_name,image_id) VALUES (tomato,0.0,red-carnivorous,0);
INSERT INTO ingredient (name,cal_per_100,food_team_short_name,image_id) VALUES (cottage cheese,0.0,fruity,0);
INSERT INTO ingredient (name,cal_per_100,food_team_short_name,image_id) VALUES (canned shrimp,100.0,red-carnivorous,0);
INSERT INTO ingredient (name,cal_per_100,food_team_short_name,image_id) VALUES (garlic,100.0,red-carnivorous,0);
INSERT INTO ingredient (name,cal_per_100,food_team_short_name,image_id) VALUES (dried thyme,200.0,oil-nuts,0);
INSERT INTO ingredient (name,cal_per_100,food_team_short_name,image_id) VALUES (lemon,0.0,potatoy,0);
INSERT INTO ingredient (name,cal_per_100,food_team_short_name,image_id) VALUES (spinach,0.0,eggy,0);
INSERT INTO ingredient (name,cal_per_100,food_team_short_name,image_id) VALUES (feta cheese,200.0,seafood,0);
INSERT INTO ingredient (name,cal_per_100,food_team_short_name,image_id) VALUES (white bean,300.0,legumy,0);
INSERT INTO ingredient (name,cal_per_100,food_team_short_name,image_id) VALUES (chili powder,0.0,oil-nuts,0);
INSERT INTO ingredient (name,cal_per_100,food_team_short_name,image_id) VALUES (mint,0.0,white-carnivorous,0);
INSERT INTO ingredient (name,cal_per_100,food_team_short_name,image_id) VALUES (vegetable oil,9800.0,fruity,0);
INSERT INTO ingredient (name,cal_per_100,food_team_short_name,image_id) VALUES (zucchini,0.0,fruity,0);
INSERT INTO ingredient (name,cal_per_100,food_team_short_name,image_id) VALUES (eggplant,0.0,white-carnivorous,0);
INSERT INTO ingredient (name,cal_per_100,food_team_short_name,image_id) VALUES (parsley,0.0,dairy,0);
INSERT INTO ingredient (name,cal_per_100,food_team_short_name,image_id) VALUES (mussels,0.0,legumy,0);
INSERT INTO ingredient (name,cal_per_100,food_team_short_name,image_id) VALUES (white wine,0.0,red-carnivorous,0);
INSERT INTO ingredient (name,cal_per_100,food_team_short_name,image_id) VALUES (ground beef,200.0,eggy,0);
INSERT INTO ingredient (name,cal_per_100,food_team_short_name,image_id) VALUES (cheddar cheese,400.0,potatoy,0);
INSERT INTO ingredient (name,cal_per_100,food_team_short_name,image_id) VALUES (hamburger buns,200.0,eggy,0);
INSERT INTO ingredient (name,cal_per_100,food_team_short_name,image_id) VALUES (lettuce,0.0,oil-nuts,0);
INSERT INTO ingredient (name,cal_per_100,food_team_short_name,image_id) VALUES (pickle,0.0,red-carnivorous,0);
INSERT INTO ingredient (name,cal_per_100,food_team_short_name,image_id) VALUES (unbleached flour,300.0,red-carnivorous,0);
INSERT INTO ingredient (name,cal_per_100,food_team_short_name,image_id) VALUES (apple,0.0,vegetarian,0);
INSERT INTO ingredient (name,cal_per_100,food_team_short_name,image_id) VALUES (chicken,200.0,white-carnivorous,0);
INSERT INTO ingredient (name,cal_per_100,food_team_short_name,image_id) VALUES (paprika,200.0,oil-nuts,0);
INSERT INTO ingredient (name,cal_per_100,food_team_short_name,image_id) VALUES (garlic powder,300.0,eggy,0);
INSERT INTO ingredient (name,cal_per_100,food_team_short_name,image_id) VALUES (oil,9800.0,red-carnivorous,0);
INSERT INTO ingredient (name,cal_per_100,food_team_short_name,image_id) VALUES (pasta,300.0,seafood,0);
INSERT INTO ingredient (name,cal_per_100,food_team_short_name,image_id) VALUES (whole milk,0.0,seafood,0);
INSERT INTO ingredient (name,cal_per_100,food_team_short_name,image_id) VALUES (breadcrumbs,300.0,dairy,0);
INSERT INTO ingredient (name,cal_per_100,food_team_short_name,image_id) VALUES (ribs,200.0,legumy,0);
INSERT INTO ingredient (name,cal_per_100,food_team_short_name,image_id) VALUES (brown sugar,300.0,vegetarian,0);
INSERT INTO ingredient (name,cal_per_100,food_team_short_name,image_id) VALUES (barbecue sauce,0.0,dairy,0);
INSERT INTO ingredient (name,cal_per_100,food_team_short_name,image_id) VALUES (baking powder,0.0,dairy,0);
INSERT INTO ingredient (name,cal_per_100,food_team_short_name,image_id) VALUES (maple syrup,200.0,dairy,0);
INSERT INTO ingredient (name,cal_per_100,food_team_short_name,image_id) VALUES (baking soda,0.0,fruity,0);
INSERT INTO ingredient (name,cal_per_100,food_team_short_name,image_id) VALUES (vanilla extract,200.0,red-carnivorous,0);
INSERT INTO ingredient (name,cal_per_100,food_team_short_name,image_id) VALUES (chocolate chip,500.0,oil-nuts,0);
INSERT INTO ingredient (name,cal_per_100,food_team_short_name,image_id) VALUES (bacon,300.0,vegetarian,0);
INSERT INTO ingredient (name,cal_per_100,food_team_short_name,image_id) VALUES (bread,200.0,seafood,0);
INSERT INTO ingredient (name,cal_per_100,food_team_short_name,image_id) VALUES (mayonnaise,0.0,dairy,0);
INSERT INTO ingredient (name,cal_per_100,food_team_short_name,image_id) VALUES (celery,0.0,legumy,0);
INSERT INTO ingredient (name,cal_per_100,food_team_short_name,image_id) VALUES (potato,0.0,eggy,0);
INSERT INTO ingredient (name,cal_per_100,food_team_short_name,image_id) VALUES (clams,100.0,dairy,0);
INSERT INTO ingredient (name,cal_per_100,food_team_short_name,image_id) VALUES (cream,300.0,oil-nuts,0);
INSERT INTO ingredient (name,cal_per_100,food_team_short_name,image_id) VALUES (saltine crackers,400.0,seafood,0);
INSERT INTO ingredient (name,cal_per_100,food_team_short_name,image_id) VALUES (chocolate,400.0,vegetarian,0);
INSERT INTO ingredient (name,cal_per_100,food_team_short_name,image_id) VALUES (unsweetened cocoa powder,200.0,eggy,0);
INSERT INTO ingredient (name,cal_per_100,food_team_short_name,image_id) VALUES (cucumber,0.0,dairy,0);
INSERT INTO ingredient (name,cal_per_100,food_team_short_name,image_id) VALUES (pork,100.0,eggy,0);
INSERT INTO ingredient (name,cal_per_100,food_team_short_name,image_id) VALUES (white mushroom,0.0,dairy,0);
INSERT INTO ingredient (name,cal_per_100,food_team_short_name,image_id) VALUES (tomato paste,0.0,eggy,0);
INSERT INTO ingredient (name,cal_per_100,food_team_short_name,image_id) VALUES (yeast,300.0,eggy,0);
INSERT INTO ingredient (name,cal_per_100,food_team_short_name,image_id) VALUES (powdered sugar,300.0,white-carnivorous,0);
INSERT INTO ingredient (name,cal_per_100,food_team_short_name,image_id) VALUES (beef,100.0,white-carnivorous,0);
INSERT INTO ingredient (name,cal_per_100,food_team_short_name,image_id) VALUES (dill weed,0.0,red-carnivorous,0);
INSERT INTO ingredient (name,cal_per_100,food_team_short_name,image_id) VALUES (dough,200.0,seafood,0);
INSERT INTO ingredient (name,cal_per_100,food_team_short_name,image_id) VALUES (nuts,600.0,white-carnivorous,0);
INSERT INTO ingredient (name,cal_per_100,food_team_short_name,image_id) VALUES (egg white,0.0,oil-nuts,0);
INSERT INTO ingredient (name,cal_per_100,food_team_short_name,image_id) VALUES (dark chocolate,500.0,vegetarian,0);
INSERT INTO ingredient (name,cal_per_100,food_team_short_name,image_id) VALUES (heavy whipping cream,300.0,red-carnivorous,0);
INSERT INTO ingredient (name,cal_per_100,food_team_short_name,image_id) VALUES (cabbage,0.0,legumy,0);
INSERT INTO ingredient (name,cal_per_100,food_team_short_name,image_id) VALUES (tomato sauce,0.0,oil-nuts,0);
INSERT INTO ingredient (name,cal_per_100,food_team_short_name,image_id) VALUES (sirloin steak,200.0,red-carnivorous,0);
INSERT INTO ingredient (name,cal_per_100,food_team_short_name,image_id) VALUES (mustard,0.0,seafood,0);
INSERT INTO ingredient (name,cal_per_100,food_team_short_name,image_id) VALUES (beef broth,0.0,dairy,0);
INSERT INTO ingredient (name,cal_per_100,food_team_short_name,image_id) VALUES (sour cream,100.0,seafood,0);
INSERT INTO ingredient (name,cal_per_100,food_team_short_name,image_id) VALUES (honey,300.0,dairy,0);
INSERT INTO ingredient (name,cal_per_100,food_team_short_name,image_id) VALUES (beets,0.0,fruity,0);
INSERT INTO ingredient (name,cal_per_100,food_team_short_name,image_id) VALUES (carrots,0.0,oil-nuts,0);
INSERT INTO ingredient (name,cal_per_100,food_team_short_name,image_id) VALUES (white vinegar,0.0,oil-nuts,0);
INSERT INTO ingredient (name,cal_per_100,food_team_short_name,image_id) VALUES (black pepper,200.0,fruity,0);
INSERT INTO ingredient (name,cal_per_100,food_team_short_name,image_id) VALUES (buckwheat groat,300.0,dairy,0);
INSERT INTO ingredient (name,cal_per_100,food_team_short_name,image_id) VALUES (ginger,0.0,vegetarian,0);
INSERT INTO ingredient (name,cal_per_100,food_team_short_name,image_id) VALUES (cloves,200.0,red-carnivorous,0);
INSERT INTO ingredient (name,cal_per_100,food_team_short_name,image_id) VALUES (green peas,0.0,red-carnivorous,0);
INSERT INTO ingredient (name,cal_per_100,food_team_short_name,image_id) VALUES (cooked chicken,100.0,legumy,0);
INSERT INTO ingredient (name,cal_per_100,food_team_short_name,image_id) VALUES (bay leaf,300.0,eggy,0);
INSERT INTO recipe (type,difficulty,name,description,prep_time_m,cook_time_m,cuisine_name,ingredient_name,portions,image_id) VALUES (Cooking,3,Tavë Kosi,A traditional Albanian dish of baked lamb and rice, topped with a yogurt and egg mixture.,20,60,Greek,lamb,1,0);
INSERT INTO recipe (type,difficulty,name,description,prep_time_m,cook_time_m,cuisine_name,ingredient_name,portions,image_id) VALUES (Pastry,4,Bakllasarem,A sweet pastry filled with a mixture of walnuts, sugar, and cinnamon, similar to baklava.,30,45,French,phyllo dough,1,0);
INSERT INTO recipe (type,difficulty,name,description,prep_time_m,cook_time_m,cuisine_name,ingredient_name,portions,image_id) VALUES (Cooking,2,Fërgesë,A hearty dish of peppers, tomatoes, and cottage cheese, often served as a warm side dish or main course.,15,30,Indian,red bell pepper,1,0);
INSERT INTO recipe (type,difficulty,name,description,prep_time_m,cook_time_m,cuisine_name,ingredient_name,portions,image_id) VALUES (Cooking,3,Speca të mbushur,Bell peppers stuffed with rice, herbs, and seafood, baked until tender.,20,40,Italian,red bell pepper,1,0);
INSERT INTO recipe (type,difficulty,name,description,prep_time_m,cook_time_m,cuisine_name,ingredient_name,portions,image_id) VALUES (Cooking,3,Byrek me Spinaq,A savory pie made with phyllo dough, filled with spinach and feta cheese.,20,30,Japanese,phyllo dough,1,0);
INSERT INTO recipe (type,difficulty,name,description,prep_time_m,cook_time_m,cuisine_name,ingredient_name,portions,image_id) VALUES (Cooking,2,Jani me fasule,A traditional bean stew slowly cooked with onions, tomatoes, and spices.,15,120,Chinese,white bean,1,0);
INSERT INTO recipe (type,difficulty,name,description,prep_time_m,cook_time_m,cuisine_name,ingredient_name,portions,image_id) VALUES (Pastry,3,Shëndetli,A walnut cake soaked in syrup, often served during special occasions and holidays.,20,30,Mexican,walnuts,1,0);
INSERT INTO recipe (type,difficulty,name,description,prep_time_m,cook_time_m,cuisine_name,ingredient_name,portions,image_id) VALUES (Cooking,2,Qifqi,Rice balls seasoned with mint and fried until crispy, a popular dish from Gjirokastër.,15,10,German,rice,1,0);
INSERT INTO recipe (type,difficulty,name,description,prep_time_m,cook_time_m,cuisine_name,ingredient_name,portions,image_id) VALUES (Cooking,1,Përime në zgare,A variety of grilled vegetables, typically seasoned with olive oil, salt, and herbs.,10,15,Korean,zucchini,1,0);
INSERT INTO recipe (type,difficulty,name,description,prep_time_m,cook_time_m,cuisine_name,ingredient_name,portions,image_id) VALUES (Cooking,2,Mish me midhje,A seafood dish featuring sautéed mussels with garlic, wine, and fresh herbs, often served over pasta or with crusty bread.,15,30,Turkish,mussels,1,0);
INSERT INTO recipe (type,difficulty,name,description,prep_time_m,cook_time_m,cuisine_name,ingredient_name,portions,image_id) VALUES (Cooking,2,Cheeseburger,A classic American cheeseburger with a juicy beef patty, topped with cheddar cheese, lettuce, tomato, onions, and pickles, served on a toasted bun.,10,10,Albanian,ground beef,1,0);
INSERT INTO recipe (type,difficulty,name,description,prep_time_m,cook_time_m,cuisine_name,ingredient_name,portions,image_id) VALUES (Pastry,3,Apple Pie,A traditional American dessert, this apple pie features a flaky pastry crust filled with sweet and spicy cinnamon apple filling.,30,45,American,unbleached flour,1,0);
INSERT INTO recipe (type,difficulty,name,description,prep_time_m,cook_time_m,cuisine_name,ingredient_name,portions,image_id) VALUES (Cooking,2,Fried Chicken,Crispy fried chicken, seasoned with a blend of spices and fried to a perfect golden brown.,20,20,Bulgarian,chicken,1,0);
INSERT INTO recipe (type,difficulty,name,description,prep_time_m,cook_time_m,cuisine_name,ingredient_name,portions,image_id) VALUES (Cooking,2,Macaroni and Cheese,A creamy, cheesy macaroni and cheese dish, baked until bubbly and golden.,10,20,Russian,pasta,1,0);
INSERT INTO recipe (type,difficulty,name,description,prep_time_m,cook_time_m,cuisine_name,ingredient_name,portions,image_id) VALUES (Cooking,3,Barbecue Ribs,Slow-cooked pork ribs slathered in barbecue sauce, grilled until tender and caramelized.,15,180,Greek,ribs,1,0);
INSERT INTO recipe (type,difficulty,name,description,prep_time_m,cook_time_m,cuisine_name,ingredient_name,portions,image_id) VALUES (Cooking,1,Pancakes,Fluffy American pancakes, served hot with butter and maple syrup.,10,15,French,unbleached flour,1,0);
INSERT INTO recipe (type,difficulty,name,description,prep_time_m,cook_time_m,cuisine_name,ingredient_name,portions,image_id) VALUES (Pastry,2,Chocolate Chip Cookies,Classic soft and chewy chocolate chip cookies, loaded with chocolate chips and baked to perfection.,15,10,Indian,unbleached flour,1,0);
INSERT INTO recipe (type,difficulty,name,description,prep_time_m,cook_time_m,cuisine_name,ingredient_name,portions,image_id) VALUES (Cooking,1,BLT Sandwich,A simple but delicious sandwich with bacon, lettuce, and tomato, served on toasted bread with mayonnaise.,5,10,Italian,bacon,1,0);
INSERT INTO recipe (type,difficulty,name,description,prep_time_m,cook_time_m,cuisine_name,ingredient_name,portions,image_id) VALUES (Cooking,3,Clam Chowder,A creamy New England clam chowder, rich with clams, potatoes, onions, and celery, thickened with cream and served with oyster crackers.,20,45,Japanese,bacon,1,0);
INSERT INTO recipe (type,difficulty,name,description,prep_time_m,cook_time_m,cuisine_name,ingredient_name,portions,image_id) VALUES (Pastry,2,Brownies,Rich, fudgy chocolate brownies with a moist center and crispy edges, filled with chunks of chocolate.,10,25,Chinese,butter,1,0);
INSERT INTO recipe (type,difficulty,name,description,prep_time_m,cook_time_m,cuisine_name,ingredient_name,portions,image_id) VALUES (Cooking,1,Shopska Salata,A traditional Bulgarian salad made from tomatoes, cucumbers, onions, and topped with a generous amount of sirene cheese.,15,0,Mexican,tomato,1,0);
INSERT INTO recipe (type,difficulty,name,description,prep_time_m,cook_time_m,cuisine_name,ingredient_name,portions,image_id) VALUES (Cooking,3,Kavarma,A hearty Bulgarian stew made with meat (typically pork or chicken), onions, mushrooms, and peppers, seasoned with paprika and herbs.,20,60,German,pork,1,0);
INSERT INTO recipe (type,difficulty,name,description,prep_time_m,cook_time_m,cuisine_name,ingredient_name,portions,image_id) VALUES (Cooking,3,Banitsa,A traditional Bulgarian pastry made from layers of phyllo dough filled with eggs and cheese.,20,40,Korean,phyllo dough,1,0);
INSERT INTO recipe (type,difficulty,name,description,prep_time_m,cook_time_m,cuisine_name,ingredient_name,portions,image_id) VALUES (Cooking,2,Mekitsa,A traditional Bulgarian breakfast, mekitsa is a deep-fried dough pastry, served with powdered sugar, honey, or jam.,30,15,Turkish,flour,1,0);
INSERT INTO recipe (type,difficulty,name,description,prep_time_m,cook_time_m,cuisine_name,ingredient_name,portions,image_id) VALUES (Cooking,3,Musaka,Bulgarian style moussaka is a baked dish of potatoes, minced meat, and a topping of yogurt and eggs, similar to the Greek version but without eggplant.,30,90,Albanian,potato,1,0);
INSERT INTO recipe (type,difficulty,name,description,prep_time_m,cook_time_m,cuisine_name,ingredient_name,portions,image_id) VALUES (Cooking,1,Tarator,A cold yogurt soup popular in the summer, made with cucumbers, garlic, dill, and walnuts.,10,0,American,yogurt,1,0);
INSERT INTO recipe (type,difficulty,name,description,prep_time_m,cook_time_m,cuisine_name,ingredient_name,portions,image_id) VALUES (Pastry,3,Kadaif,A dessert of shredded phyllo dough, baked with nuts and saturated with syrup.,20,40,Bulgarian,dough,1,0);
INSERT INTO recipe (type,difficulty,name,description,prep_time_m,cook_time_m,cuisine_name,ingredient_name,portions,image_id) VALUES (Cooking,1,Bulgarian Cheese Toast,A quick and satisfying breakfast item made with bread, Bulgarian cheese, and often topped with a fried egg.,5,5,Russian,bread,1,0);
INSERT INTO recipe (type,difficulty,name,description,prep_time_m,cook_time_m,cuisine_name,ingredient_name,portions,image_id) VALUES (Pastry,4,Garash Cake,A rich chocolate cake made with layers of walnut sponge cake and dark chocolate ganache, named after the Hungarian pastry chef Garash.,30,30,Greek,egg white,1,0);
INSERT INTO recipe (type,difficulty,name,description,prep_time_m,cook_time_m,cuisine_name,ingredient_name,portions,image_id) VALUES (Cooking,3,Sarmi,Traditional Bulgarian stuffed cabbage rolls filled with a mix of minced meats, rice, and herbs, cooked in a tomato-based sauce.,30,60,French,cabbage,1,0);
INSERT INTO recipe (type,difficulty,name,description,prep_time_m,cook_time_m,cuisine_name,ingredient_name,portions,image_id) VALUES (Cooking,3,Beef Stroganoff,A classic rich and creamy Russian dish featuring sautéed pieces of beef served in a sauce with smetana (sour cream).,15,30,Indian,sirloin steak,1,0);
INSERT INTO recipe (type,difficulty,name,description,prep_time_m,cook_time_m,cuisine_name,ingredient_name,portions,image_id) VALUES (Pastry,4,Medovik,A popular Russian honey cake featuring several thin layers of cake filled with sweetened sour cream.,30,60,Italian,honey,1,0);
INSERT INTO recipe (type,difficulty,name,description,prep_time_m,cook_time_m,cuisine_name,ingredient_name,portions,image_id) VALUES (Cooking,2,Borscht,A hearty beet soup traditionally served hot or cold with a dollop of sour cream.,20,120,Japanese,beets,1,0);
INSERT INTO recipe (type,difficulty,name,description,prep_time_m,cook_time_m,cuisine_name,ingredient_name,portions,image_id) VALUES (Cooking,4,Pelmeni,Traditional Russian dumplings filled with minced meat and wrapped in a thin dough, served with butter or sour cream.,60,10,Chinese,flour,1,0);
INSERT INTO recipe (type,difficulty,name,description,prep_time_m,cook_time_m,cuisine_name,ingredient_name,portions,image_id) VALUES (Cooking,2,Syrniki,Sweet cheese pancakes made from tvorog (cottage cheese), typically served with sour cream or jam.,10,15,Mexican,cheddar cheese,1,0);
INSERT INTO recipe (type,difficulty,name,description,prep_time_m,cook_time_m,cuisine_name,ingredient_name,portions,image_id) VALUES (Cooking,1,Kasha,A staple of Russian cuisine, kasha refers to any grain cooked in water or milk, often served as a side dish.,5,25,German,buckwheat groat,1,0);
INSERT INTO recipe (type,difficulty,name,description,prep_time_m,cook_time_m,cuisine_name,ingredient_name,portions,image_id) VALUES (Pastry,3,Pryaniki,Traditional Russian honey bread cookies spiced with ginger and cloves, often glazed with sugar icing.,20,25,Korean,honey,1,0);
INSERT INTO recipe (type,difficulty,name,description,prep_time_m,cook_time_m,cuisine_name,ingredient_name,portions,image_id) VALUES (Pastry,4,Zefir,A type of soft confectionery made by whipping fruit and berry purée with sugar and egg whites, similar to marshmallows.,45,0,Turkish,apple,1,0);
INSERT INTO recipe (type,difficulty,name,description,prep_time_m,cook_time_m,cuisine_name,ingredient_name,portions,image_id) VALUES (Cooking,2,Olivier Salad,Also known as Russian Salad, this dish is a combination of diced potatoes, vegetables, eggs, and meat dressed with mayonnaise.,30,20,Albanian,potato,1,0);
INSERT INTO recipe (type,difficulty,name,description,prep_time_m,cook_time_m,cuisine_name,ingredient_name,portions,image_id) VALUES (Cooking,2,Shchi,A traditional Russian soup made with cabbage, meat, and various vegetables, known for its hearty and comforting qualities.,15,60,American,onions,1,0);
INSERT INTO recipe_has_meal (recipe_name,recipe_cuisine_name,meal_type) VALUES (Tavë Kosi,Greek,dinner);
INSERT INTO recipe_has_meal (recipe_name,recipe_cuisine_name,meal_type) VALUES (Bakllasarem,French,dessert);
INSERT INTO recipe_has_meal (recipe_name,recipe_cuisine_name,meal_type) VALUES (Fërgesë,Indian,lunch);
INSERT INTO recipe_has_meal (recipe_name,recipe_cuisine_name,meal_type) VALUES (Speca të mbushur,Italian,dinner);
INSERT INTO recipe_has_meal (recipe_name,recipe_cuisine_name,meal_type) VALUES (Byrek me Spinaq,Japanese,breakfast);
INSERT INTO recipe_has_meal (recipe_name,recipe_cuisine_name,meal_type) VALUES (Jani me fasule,Chinese,dinner);
INSERT INTO recipe_has_meal (recipe_name,recipe_cuisine_name,meal_type) VALUES (Shëndetli,Mexican,dessert);
INSERT INTO recipe_has_meal (recipe_name,recipe_cuisine_name,meal_type) VALUES (Qifqi,German,lunch);
INSERT INTO recipe_has_meal (recipe_name,recipe_cuisine_name,meal_type) VALUES (Përime në zgare,Korean,dinner);
INSERT INTO recipe_has_meal (recipe_name,recipe_cuisine_name,meal_type) VALUES (Mish me midhje,Turkish,brunch);
INSERT INTO recipe_has_meal (recipe_name,recipe_cuisine_name,meal_type) VALUES (Cheeseburger,Albanian,dinner);
INSERT INTO recipe_has_meal (recipe_name,recipe_cuisine_name,meal_type) VALUES (Apple Pie,American,dessert);
INSERT INTO recipe_has_meal (recipe_name,recipe_cuisine_name,meal_type) VALUES (Fried Chicken,Bulgarian,lunch);
INSERT INTO recipe_has_meal (recipe_name,recipe_cuisine_name,meal_type) VALUES (Macaroni and Cheese,Russian,dinner);
INSERT INTO recipe_has_meal (recipe_name,recipe_cuisine_name,meal_type) VALUES (Barbecue Ribs,Greek,dinner);
INSERT INTO recipe_has_meal (recipe_name,recipe_cuisine_name,meal_type) VALUES (Pancakes,French,breakfast);
INSERT INTO recipe_has_meal (recipe_name,recipe_cuisine_name,meal_type) VALUES (Chocolate Chip Cookies,Indian,dessert);
INSERT INTO recipe_has_meal (recipe_name,recipe_cuisine_name,meal_type) VALUES (BLT Sandwich,Italian,lunch);
INSERT INTO recipe_has_meal (recipe_name,recipe_cuisine_name,meal_type) VALUES (Clam Chowder,Japanese,dinner);
INSERT INTO recipe_has_meal (recipe_name,recipe_cuisine_name,meal_type) VALUES (Brownies,Chinese,dessert);
INSERT INTO recipe_has_meal (recipe_name,recipe_cuisine_name,meal_type) VALUES (Shopska Salata,Mexican,dinner);
INSERT INTO recipe_has_meal (recipe_name,recipe_cuisine_name,meal_type) VALUES (Kavarma,German,dinner);
INSERT INTO recipe_has_meal (recipe_name,recipe_cuisine_name,meal_type) VALUES (Banitsa,Korean,lunch);
INSERT INTO recipe_has_meal (recipe_name,recipe_cuisine_name,meal_type) VALUES (Mekitsa,Turkish,breakfast);
INSERT INTO recipe_has_meal (recipe_name,recipe_cuisine_name,meal_type) VALUES (Musaka,Albanian,dinner);
INSERT INTO recipe_has_meal (recipe_name,recipe_cuisine_name,meal_type) VALUES (Tarator,American,lunch);
INSERT INTO recipe_has_meal (recipe_name,recipe_cuisine_name,meal_type) VALUES (Kadaif,Bulgarian,dessert);
INSERT INTO recipe_has_meal (recipe_name,recipe_cuisine_name,meal_type) VALUES (Bulgarian Cheese Toast,Russian,breakfast);
INSERT INTO recipe_has_meal (recipe_name,recipe_cuisine_name,meal_type) VALUES (Garash Cake,Greek,dessert);
INSERT INTO recipe_has_meal (recipe_name,recipe_cuisine_name,meal_type) VALUES (Sarmi,French,dinner);
INSERT INTO recipe_has_meal (recipe_name,recipe_cuisine_name,meal_type) VALUES (Beef Stroganoff,Indian,dinner);
INSERT INTO recipe_has_meal (recipe_name,recipe_cuisine_name,meal_type) VALUES (Medovik,Italian,dessert);
INSERT INTO recipe_has_meal (recipe_name,recipe_cuisine_name,meal_type) VALUES (Borscht,Japanese,lunch);
INSERT INTO recipe_has_meal (recipe_name,recipe_cuisine_name,meal_type) VALUES (Pelmeni,Chinese,dinner);
INSERT INTO recipe_has_meal (recipe_name,recipe_cuisine_name,meal_type) VALUES (Syrniki,Mexican,breakfast);
INSERT INTO recipe_has_meal (recipe_name,recipe_cuisine_name,meal_type) VALUES (Kasha,German,dinner);
INSERT INTO recipe_has_meal (recipe_name,recipe_cuisine_name,meal_type) VALUES (Pryaniki,Korean,dessert);
INSERT INTO recipe_has_meal (recipe_name,recipe_cuisine_name,meal_type) VALUES (Zefir,Turkish,dessert);
INSERT INTO recipe_has_meal (recipe_name,recipe_cuisine_name,meal_type) VALUES (Olivier Salad,Albanian,brunch);
INSERT INTO recipe_has_meal (recipe_name,recipe_cuisine_name,meal_type) VALUES (Shchi,American,lunch);
INSERT INTO recipe_has_label (recipe_name,recipe_cuisine_name,label_name) VALUES (Tavë Kosi,Greek,dinner);
INSERT INTO recipe_has_label (recipe_name,recipe_cuisine_name,label_name) VALUES (Tavë Kosi,Greek,traditional);
INSERT INTO recipe_has_label (recipe_name,recipe_cuisine_name,label_name) VALUES (Bakllasarem,French,dessert);
INSERT INTO recipe_has_label (recipe_name,recipe_cuisine_name,label_name) VALUES (Bakllasarem,French,traditional);
INSERT INTO recipe_has_label (recipe_name,recipe_cuisine_name,label_name) VALUES (Fërgesë,Indian,lunch);
INSERT INTO recipe_has_label (recipe_name,recipe_cuisine_name,label_name) VALUES (Fërgesë,Indian,traditional);
INSERT INTO recipe_has_label (recipe_name,recipe_cuisine_name,label_name) VALUES (Speca të mbushur,Italian,dinner);
INSERT INTO recipe_has_label (recipe_name,recipe_cuisine_name,label_name) VALUES (Speca të mbushur,Italian,seafood);
INSERT INTO recipe_has_label (recipe_name,recipe_cuisine_name,label_name) VALUES (Byrek me Spinaq,Japanese,breakfast);
INSERT INTO recipe_has_label (recipe_name,recipe_cuisine_name,label_name) VALUES (Byrek me Spinaq,Japanese,quick);
INSERT INTO recipe_has_label (recipe_name,recipe_cuisine_name,label_name) VALUES (Jani me fasule,Chinese,dinner);
INSERT INTO recipe_has_label (recipe_name,recipe_cuisine_name,label_name) VALUES (Jani me fasule,Chinese,hearty);
INSERT INTO recipe_has_label (recipe_name,recipe_cuisine_name,label_name) VALUES (Shëndetli,Mexican,dessert);
INSERT INTO recipe_has_label (recipe_name,recipe_cuisine_name,label_name) VALUES (Shëndetli,Mexican,traditional);
INSERT INTO recipe_has_label (recipe_name,recipe_cuisine_name,label_name) VALUES (Qifqi,German,lunch);
INSERT INTO recipe_has_label (recipe_name,recipe_cuisine_name,label_name) VALUES (Qifqi,German,light);
INSERT INTO recipe_has_label (recipe_name,recipe_cuisine_name,label_name) VALUES (Përime në zgare,Korean,dinner);
INSERT INTO recipe_has_label (recipe_name,recipe_cuisine_name,label_name) VALUES (Përime në zgare,Korean,traditional);
INSERT INTO recipe_has_label (recipe_name,recipe_cuisine_name,label_name) VALUES (Mish me midhje,Turkish,brunch);
INSERT INTO recipe_has_label (recipe_name,recipe_cuisine_name,label_name) VALUES (Mish me midhje,Turkish,seafood);
INSERT INTO recipe_has_label (recipe_name,recipe_cuisine_name,label_name) VALUES (Cheeseburger,Albanian,dinner);
INSERT INTO recipe_has_label (recipe_name,recipe_cuisine_name,label_name) VALUES (Cheeseburger,Albanian,classic);
INSERT INTO recipe_has_label (recipe_name,recipe_cuisine_name,label_name) VALUES (Apple Pie,American,dessert);
INSERT INTO recipe_has_label (recipe_name,recipe_cuisine_name,label_name) VALUES (Apple Pie,American,traditional);
INSERT INTO recipe_has_label (recipe_name,recipe_cuisine_name,label_name) VALUES (Fried Chicken,Bulgarian,lunch);
INSERT INTO recipe_has_label (recipe_name,recipe_cuisine_name,label_name) VALUES (Fried Chicken,Bulgarian,fast food);
INSERT INTO recipe_has_label (recipe_name,recipe_cuisine_name,label_name) VALUES (Macaroni and Cheese,Russian,dinner);
INSERT INTO recipe_has_label (recipe_name,recipe_cuisine_name,label_name) VALUES (Macaroni and Cheese,Russian,comfort food);
INSERT INTO recipe_has_label (recipe_name,recipe_cuisine_name,label_name) VALUES (Barbecue Ribs,Greek,dinner);
INSERT INTO recipe_has_label (recipe_name,recipe_cuisine_name,label_name) VALUES (Barbecue Ribs,Greek,BBQ);
INSERT INTO recipe_has_label (recipe_name,recipe_cuisine_name,label_name) VALUES (Pancakes,French,breakfast);
INSERT INTO recipe_has_label (recipe_name,recipe_cuisine_name,label_name) VALUES (Pancakes,French,quick);
INSERT INTO recipe_has_label (recipe_name,recipe_cuisine_name,label_name) VALUES (Chocolate Chip Cookies,Indian,dessert);
INSERT INTO recipe_has_label (recipe_name,recipe_cuisine_name,label_name) VALUES (Chocolate Chip Cookies,Indian,chocolate);
INSERT INTO recipe_has_label (recipe_name,recipe_cuisine_name,label_name) VALUES (BLT Sandwich,Italian,lunch);
INSERT INTO recipe_has_label (recipe_name,recipe_cuisine_name,label_name) VALUES (BLT Sandwich,Italian,sandwich);
INSERT INTO recipe_has_label (recipe_name,recipe_cuisine_name,label_name) VALUES (Clam Chowder,Japanese,dinner);
INSERT INTO recipe_has_label (recipe_name,recipe_cuisine_name,label_name) VALUES (Clam Chowder,Japanese,seafood);
INSERT INTO recipe_has_label (recipe_name,recipe_cuisine_name,label_name) VALUES (Brownies,Chinese,dessert);
INSERT INTO recipe_has_label (recipe_name,recipe_cuisine_name,label_name) VALUES (Brownies,Chinese,classic);
INSERT INTO recipe_has_label (recipe_name,recipe_cuisine_name,label_name) VALUES (Shopska Salata,Mexican,dinner);
INSERT INTO recipe_has_label (recipe_name,recipe_cuisine_name,label_name) VALUES (Shopska Salata,Mexican,traditional);
INSERT INTO recipe_has_label (recipe_name,recipe_cuisine_name,label_name) VALUES (Kavarma,German,dinner);
INSERT INTO recipe_has_label (recipe_name,recipe_cuisine_name,label_name) VALUES (Kavarma,German,hearty);
INSERT INTO recipe_has_label (recipe_name,recipe_cuisine_name,label_name) VALUES (Banitsa,Korean,lunch);
INSERT INTO recipe_has_label (recipe_name,recipe_cuisine_name,label_name) VALUES (Banitsa,Korean,traditional);
INSERT INTO recipe_has_label (recipe_name,recipe_cuisine_name,label_name) VALUES (Mekitsa,Turkish,breakfast);
INSERT INTO recipe_has_label (recipe_name,recipe_cuisine_name,label_name) VALUES (Mekitsa,Turkish,quick);
INSERT INTO recipe_has_label (recipe_name,recipe_cuisine_name,label_name) VALUES (Musaka,Albanian,dinner);
INSERT INTO recipe_has_label (recipe_name,recipe_cuisine_name,label_name) VALUES (Musaka,Albanian,comfort);
INSERT INTO recipe_has_label (recipe_name,recipe_cuisine_name,label_name) VALUES (Tarator,American,lunch);
INSERT INTO recipe_has_label (recipe_name,recipe_cuisine_name,label_name) VALUES (Tarator,American,soup);
INSERT INTO recipe_has_label (recipe_name,recipe_cuisine_name,label_name) VALUES (Kadaif,Bulgarian,dessert);
INSERT INTO recipe_has_label (recipe_name,recipe_cuisine_name,label_name) VALUES (Kadaif,Bulgarian,traditional);
INSERT INTO recipe_has_label (recipe_name,recipe_cuisine_name,label_name) VALUES (Bulgarian Cheese Toast,Russian,breakfast);
INSERT INTO recipe_has_label (recipe_name,recipe_cuisine_name,label_name) VALUES (Bulgarian Cheese Toast,Russian,hearty);
INSERT INTO recipe_has_label (recipe_name,recipe_cuisine_name,label_name) VALUES (Garash Cake,Greek,dessert);
INSERT INTO recipe_has_label (recipe_name,recipe_cuisine_name,label_name) VALUES (Garash Cake,Greek,festive);
INSERT INTO recipe_has_label (recipe_name,recipe_cuisine_name,label_name) VALUES (Sarmi,French,dinner);
INSERT INTO recipe_has_label (recipe_name,recipe_cuisine_name,label_name) VALUES (Sarmi,French,traditional);
INSERT INTO recipe_has_label (recipe_name,recipe_cuisine_name,label_name) VALUES (Beef Stroganoff,Indian,dinner);
INSERT INTO recipe_has_label (recipe_name,recipe_cuisine_name,label_name) VALUES (Beef Stroganoff,Indian,traditional);
INSERT INTO recipe_has_label (recipe_name,recipe_cuisine_name,label_name) VALUES (Medovik,Italian,dessert);
INSERT INTO recipe_has_label (recipe_name,recipe_cuisine_name,label_name) VALUES (Medovik,Italian,holiday);
INSERT INTO recipe_has_label (recipe_name,recipe_cuisine_name,label_name) VALUES (Borscht,Japanese,lunch);
INSERT INTO recipe_has_label (recipe_name,recipe_cuisine_name,label_name) VALUES (Borscht,Japanese,hearty);
INSERT INTO recipe_has_label (recipe_name,recipe_cuisine_name,label_name) VALUES (Pelmeni,Chinese,dinner);
INSERT INTO recipe_has_label (recipe_name,recipe_cuisine_name,label_name) VALUES (Pelmeni,Chinese,winter);
INSERT INTO recipe_has_label (recipe_name,recipe_cuisine_name,label_name) VALUES (Syrniki,Mexican,breakfast);
INSERT INTO recipe_has_label (recipe_name,recipe_cuisine_name,label_name) VALUES (Syrniki,Mexican,quick);
INSERT INTO recipe_has_label (recipe_name,recipe_cuisine_name,label_name) VALUES (Kasha,German,dinner);
INSERT INTO recipe_has_label (recipe_name,recipe_cuisine_name,label_name) VALUES (Kasha,German,filling);
INSERT INTO recipe_has_label (recipe_name,recipe_cuisine_name,label_name) VALUES (Pryaniki,Korean,dessert);
INSERT INTO recipe_has_label (recipe_name,recipe_cuisine_name,label_name) VALUES (Pryaniki,Korean,festive);
INSERT INTO recipe_has_label (recipe_name,recipe_cuisine_name,label_name) VALUES (Zefir,Turkish,dessert);
INSERT INTO recipe_has_label (recipe_name,recipe_cuisine_name,label_name) VALUES (Zefir,Turkish,simple);
INSERT INTO recipe_has_label (recipe_name,recipe_cuisine_name,label_name) VALUES (Olivier Salad,Albanian,brunch);
INSERT INTO recipe_has_label (recipe_name,recipe_cuisine_name,label_name) VALUES (Olivier Salad,Albanian,hearty);
INSERT INTO recipe_has_label (recipe_name,recipe_cuisine_name,label_name) VALUES (Shchi,American,lunch);
INSERT INTO recipe_has_label (recipe_name,recipe_cuisine_name,label_name) VALUES (Shchi,American,traditional);
INSERT INTO tip (id,tip) VALUES (1,Ensure the lamb is tender before adding the yogurt mixture.);
INSERT INTO tip (id,tip) VALUES (2,Serve with a side of fresh salad to balance the richness of the dish.);
INSERT INTO tip (id,tip) VALUES (3,Can substitute lamb with chicken for a different flavor.);
INSERT INTO tip (id,tip) VALUES (4,Cut the pastry before baking to make serving easier.);
INSERT INTO tip (id,tip) VALUES (5,Ensure the syrup is hot when poured over the cooled pastry to absorb properly.);
INSERT INTO tip (id,tip) VALUES (6,Can add clove or cardamom to the syrup for extra flavor.);
INSERT INTO tip (id,tip) VALUES (7,Add chili flakes for a spicy kick.);
INSERT INTO tip (id,tip) VALUES (8,Can be made ahead and reheated, enhancing the flavors.);
INSERT INTO tip (id,tip) VALUES (9,Perfect as a vegetarian main course.);
INSERT INTO tip (id,tip) VALUES (10,Ensure the rice is not overcooked as it will bake further in the oven.);
INSERT INTO tip (id,tip) VALUES (11,Can use a mix of seafood like shrimp and scallops.);
INSERT INTO tip (id,tip) VALUES (12,Top with cheese for the last 10 minutes of baking for a melty crust.);
INSERT INTO tip (id,tip) VALUES (13,Keep the phyllo dough covered with a damp towel while working to prevent it from drying out.);
INSERT INTO tip (id,tip) VALUES (14,Add onions to the spinach mixture for extra flavor.);
INSERT INTO tip (id,tip) VALUES (15,Serve with yogurt for breakfast or a light lunch.);
INSERT INTO tip (id,tip) VALUES (16,Check water level during cooking and add more if needed to prevent sticking.);
INSERT INTO tip (id,tip) VALUES (17,Can be served with pickled vegetables for added flavor.);
INSERT INTO tip (id,tip) VALUES (18,Leftovers taste even better the next day as flavors meld.);
INSERT INTO tip (id,tip) VALUES (19,Do not underbake the cake; ensure it is fully set to absorb the syrup.);
INSERT INTO tip (id,tip) VALUES (20,Pierce the cake with a fork before pouring syrup to enhance absorption.);
INSERT INTO tip (id,tip) VALUES (21,Serve with a dollop of whipped cream or vanilla ice cream.);
INSERT INTO tip (id,tip) VALUES (22,Use short-grain rice for better stickiness and forming.);
INSERT INTO tip (id,tip) VALUES (23,Add finely chopped onions to the rice mixture for extra flavor.);
INSERT INTO tip (id,tip) VALUES (24,Serve with plain yogurt or tzatziki for dipping.);
INSERT INTO tip (id,tip) VALUES (25,Ensure the grill is very hot before adding vegetables to get good sear marks.);
INSERT INTO tip (id,tip) VALUES (26,Can be served as a side dish or as a vegetarian main course.);
INSERT INTO tip (id,tip) VALUES (27,Drizzle with balsamic vinegar before serving for added flavor.);
INSERT INTO tip (id,tip) VALUES (28,Always use fresh mussels for the best flavor.);
INSERT INTO tip (id,tip) VALUES (29,Discard any mussels that do not open after cooking.);
INSERT INTO tip (id,tip) VALUES (30,Add a pinch of chili flakes for a spicy version.);
INSERT INTO tip (id,tip) VALUES (31,Do not press down on the patties while grilling to keep the juices inside.);
INSERT INTO tip (id,tip) VALUES (32,For extra flavor, add a slice of bacon on top of the cheese.);
INSERT INTO tip (id,tip) VALUES (33,Use high-quality meat with a bit of fat for juicier patties.);
INSERT INTO tip (id,tip) VALUES (34,Keep all ingredients, especially the butter and water, cold when making the crust.);
INSERT INTO tip (id,tip) VALUES (35,Let the pie cool for at least 20 minutes after baking to set the filling.);
INSERT INTO tip (id,tip) VALUES (36,Sprinkle a little sugar on top of the crust before baking for a sweet crunch.);
INSERT INTO tip (id,tip) VALUES (37,Keep the oil temperature consistent for the best results.);
INSERT INTO tip (id,tip) VALUES (38,Add a bit of hot sauce to the egg wash for a spicy kick.);
INSERT INTO tip (id,tip) VALUES (39,Let the chicken rest for a few minutes after frying for extra crispiness.);
INSERT INTO tip (id,tip) VALUES (40,For extra creamy macaroni, add a dollop of cream cheese to the sauce.);
INSERT INTO tip (id,tip) VALUES (41,Use a mix of different cheeses for more depth of flavor.);
INSERT INTO tip (id,tip) VALUES (42,Add cooked bacon or ham for a heartier dish.);
INSERT INTO tip (id,tip) VALUES (43,Let the ribs marinate with the dry rub overnight for deeper flavor.);
INSERT INTO tip (id,tip) VALUES (44,Keep a water pan in the grill to maintain moisture during the final grilling.);
INSERT INTO tip (id,tip) VALUES (45,Apply multiple layers of barbecue sauce for a richer flavor.);
INSERT INTO tip (id,tip) VALUES (46,Do not overmix the batter to keep pancakes fluffy.);
INSERT INTO tip (id,tip) VALUES (47,Add blueberries or chocolate chips to the batter for variety.);
INSERT INTO tip (id,tip) VALUES (48,Test griddle temperature with a small amount of batter; it should sizzle.);
INSERT INTO tip (id,tip) VALUES (49,Chill the dough for 30 minutes before baking to prevent spreading.);
INSERT INTO tip (id,tip) VALUES (50,Use a combination of chocolate chip types (milk, dark, white) for extra flavor.);
INSERT INTO tip (id,tip) VALUES (51,Store cookies in an airtight container to keep them soft.);
INSERT INTO tip (id,tip) VALUES (52,Add a slice of avocado or a fried egg to elevate this classic sandwich.);
INSERT INTO tip (id,tip) VALUES (53,Use thick-cut bacon for more texture and flavor.);
INSERT INTO tip (id,tip) VALUES (54,Toast the bread lightly to keep it from getting soggy from the tomato.);
INSERT INTO tip (id,tip) VALUES (55,Do not let the chowder boil after adding the cream to prevent curdling.);
INSERT INTO tip (id,tip) VALUES (56,For a thicker chowder, mash some of the potatoes slightly before adding the cream.);
INSERT INTO tip (id,tip) VALUES (57,Enhance the flavor by adding a bay leaf during simmering.);
INSERT INTO tip (id,tip) VALUES (58,Do not overmix the batter to keep the brownies fudgy.);
INSERT INTO tip (id,tip) VALUES (59,Add nuts like walnuts or pecans for a crunchy texture.);
INSERT INTO tip (id,tip) VALUES (60,Serve warm with a scoop of ice cream for a decadent dessert.);
INSERT INTO tip (id,tip) VALUES (61,Chill the vegetables before preparing for a refreshing starter.);
INSERT INTO tip (id,tip) VALUES (62,Serve alongside a loaf of crusty bread.);
INSERT INTO tip (id,tip) VALUES (63,Add roasted red peppers for additional flavor and color.);
INSERT INTO tip (id,tip) VALUES (64,Serve with a side of Bulgarian bread or over cooked rice.);
INSERT INTO tip (id,tip) VALUES (65,Adjust the amount of paprika to taste for a spicier version.);
INSERT INTO tip (id,tip) VALUES (66,Can be made ahead and reheated, as it tastes even better the next day.);
INSERT INTO tip (id,tip) VALUES (67,Keep phyllo dough covered with a damp towel to prevent drying out.);
INSERT INTO tip (id,tip) VALUES (68,Serve with plain yogurt or a hot drink for a traditional breakfast.);
INSERT INTO tip (id,tip) VALUES (69,Add spinach or leeks to the filling for a variation.);
INSERT INTO tip (id,tip) VALUES (70,Do not overcrowd the fryer to maintain a consistent temperature.);
INSERT INTO tip (id,tip) VALUES (71,Serve immediately while hot for the best texture.);
INSERT INTO tip (id,tip) VALUES (72,Experiment with savory versions by adding cheese or garlic to the dough.);
INSERT INTO tip (id,tip) VALUES (73,Let the musaka sit for 10-15 minutes after baking to firm up for easier serving.);
INSERT INTO tip (id,tip) VALUES (74,Add a layer of sautéed onions and carrots for extra flavor and moisture.);
INSERT INTO tip (id,tip) VALUES (75,Serve with a side salad of cucumbers and tomatoes.);
INSERT INTO tip (id,tip) VALUES (76,Serve very cold for a refreshing summer dish.);
INSERT INTO tip (id,tip) VALUES (77,Add ice cubes just before serving to keep it chilled.);
INSERT INTO tip (id,tip) VALUES (78,Experiment with adding other herbs like mint for a different flavor profile.);
INSERT INTO tip (id,tip) VALUES (79,Ensure the syrup is hot when poured over to soak the kadaif thoroughly.);
INSERT INTO tip (id,tip) VALUES (80,Allow the kadaif to sit for several hours to fully absorb the syrup and enhance the flavors.);
INSERT INTO tip (id,tip) VALUES (81,Serve with a dollop of whipped cream or a scoop of ice cream.);
INSERT INTO tip (id,tip) VALUES (82,Serve with a side of tomato slices or olives.);
INSERT INTO tip (id,tip) VALUES (83,For extra flavor, add a sprinkle of paprika or black pepper on the cheese before broiling.);
INSERT INTO tip (id,tip) VALUES (84,Ensure the bread is toasted first to prevent it from becoming soggy.);
INSERT INTO tip (id,tip) VALUES (85,Make sure each sponge layer is cooled before applying ganache.);
INSERT INTO tip (id,tip) VALUES (86,If the ganache is too runny, chill it before spreading on the cake layers.);
INSERT INTO tip (id,tip) VALUES (87,Decorate with walnut pieces or chocolate shavings for an elegant finish.);
INSERT INTO tip (id,tip) VALUES (88,Ensure the cabbage leaves are not ripped to prevent filling from leaking out.);
INSERT INTO tip (id,tip) VALUES (89,Add a bit of smoked meat to the pot for a deeper flavor.);
INSERT INTO tip (id,tip) VALUES (90,Serve with a dollop of yogurt or sour cream.);
INSERT INTO tip (id,tip) VALUES (91,Use high-quality beef for the best texture.);
INSERT INTO tip (id,tip) VALUES (92,Do not let the sour cream boil to prevent curdling.);
INSERT INTO tip (id,tip) VALUES (93,Serve with a side of pickles for an authentic Russian experience.);
INSERT INTO tip (id,tip) VALUES (94,Ensure each layer is evenly rolled to cook uniformly.);
INSERT INTO tip (id,tip) VALUES (95,The cake tastes better after it soaks overnight, plan accordingly.);
INSERT INTO tip (id,tip) VALUES (96,Use a serrated knife for easier slicing of the soft layers.);
INSERT INTO tip (id,tip) VALUES (97,Adjust the amount of vinegar and sugar to balance the sweetness and acidity.);
INSERT INTO tip (id,tip) VALUES (98,Can be served with a slice of rye bread.);
INSERT INTO tip (id,tip) VALUES (99,Add a beef bone to the pot for extra flavor.);
INSERT INTO tip (id,tip) VALUES (100,Make sure to seal the dumplings well to prevent them from opening while boiling.);
INSERT INTO tip (id,tip) VALUES (101,Pelmeni can be frozen for future use before boiling.);
INSERT INTO tip (id,tip) VALUES (102,Serve with vinegar or mustard for added flavor.);
INSERT INTO tip (id,tip) VALUES (103,Ensure the tvorog is well-drained to make the patties easier to form.);
INSERT INTO tip (id,tip) VALUES (104,Adjust the amount of flour to achieve the desired thickness.);
INSERT INTO tip (id,tip) VALUES (105,Try different jams as toppings for variety.);
INSERT INTO tip (id,tip) VALUES (106,For a richer flavor, toast the groats in a dry pan before boiling.);
INSERT INTO tip (id,tip) VALUES (107,Can be served with sautéed onions for added taste.);
INSERT INTO tip (id,tip) VALUES (108,Excellent base for adding vegetables or meat for a heartier meal.);
INSERT INTO tip (id,tip) VALUES (109,Allow the dough to rest before rolling for easier handling.);
INSERT INTO tip (id,tip) VALUES (110,Adjust spice amounts to taste.);
INSERT INTO tip (id,tip) VALUES (111,The icing sets better if cookies are completely cool.);
INSERT INTO tip (id,tip) VALUES (112,Use a silicone mat for easier removal after drying.);
INSERT INTO tip (id,tip) VALUES (113,Experiment with different fruit purées for variety.);
INSERT INTO tip (id,tip) VALUES (114,Ensure the mixture is very stiff before piping to maintain shape.);
INSERT INTO tip (id,tip) VALUES (115,Dice all ingredients to the same size for a uniform texture.);
INSERT INTO tip (id,tip) VALUES (116,Can be made a day ahead to enhance the flavors.);
INSERT INTO tip (id,tip) VALUES (117,Add a little mustard to the mayonnaise for extra zest.);
INSERT INTO tip (id,tip) VALUES (118,Using a mix of pork and beef can enhance the flavor.);
INSERT INTO tip (id,tip) VALUES (119,Serve with rye bread for an authentic Russian meal.);
INSERT INTO tip (id,tip) VALUES (120,Add a splash of vinegar or lemon juice for added zest.);
INSERT INTO recipe_has_tip (recipe_name,recipe_cuisine_name,tip_id) VALUES (Tavë Kosi,Greek,1);
INSERT INTO recipe_has_tip (recipe_name,recipe_cuisine_name,tip_id) VALUES (Tavë Kosi,Greek,2);
INSERT INTO recipe_has_tip (recipe_name,recipe_cuisine_name,tip_id) VALUES (Tavë Kosi,Greek,3);
INSERT INTO recipe_has_tip (recipe_name,recipe_cuisine_name,tip_id) VALUES (Bakllasarem,French,4);
INSERT INTO recipe_has_tip (recipe_name,recipe_cuisine_name,tip_id) VALUES (Bakllasarem,French,5);
INSERT INTO recipe_has_tip (recipe_name,recipe_cuisine_name,tip_id) VALUES (Bakllasarem,French,6);
INSERT INTO recipe_has_tip (recipe_name,recipe_cuisine_name,tip_id) VALUES (Fërgesë,Indian,7);
INSERT INTO recipe_has_tip (recipe_name,recipe_cuisine_name,tip_id) VALUES (Fërgesë,Indian,8);
INSERT INTO recipe_has_tip (recipe_name,recipe_cuisine_name,tip_id) VALUES (Fërgesë,Indian,9);
INSERT INTO recipe_has_tip (recipe_name,recipe_cuisine_name,tip_id) VALUES (Speca të mbushur,Italian,10);
INSERT INTO recipe_has_tip (recipe_name,recipe_cuisine_name,tip_id) VALUES (Speca të mbushur,Italian,11);
INSERT INTO recipe_has_tip (recipe_name,recipe_cuisine_name,tip_id) VALUES (Speca të mbushur,Italian,12);
INSERT INTO recipe_has_tip (recipe_name,recipe_cuisine_name,tip_id) VALUES (Byrek me Spinaq,Japanese,13);
INSERT INTO recipe_has_tip (recipe_name,recipe_cuisine_name,tip_id) VALUES (Byrek me Spinaq,Japanese,14);
INSERT INTO recipe_has_tip (recipe_name,recipe_cuisine_name,tip_id) VALUES (Byrek me Spinaq,Japanese,15);
INSERT INTO recipe_has_tip (recipe_name,recipe_cuisine_name,tip_id) VALUES (Jani me fasule,Chinese,16);
INSERT INTO recipe_has_tip (recipe_name,recipe_cuisine_name,tip_id) VALUES (Jani me fasule,Chinese,17);
INSERT INTO recipe_has_tip (recipe_name,recipe_cuisine_name,tip_id) VALUES (Jani me fasule,Chinese,18);
INSERT INTO recipe_has_tip (recipe_name,recipe_cuisine_name,tip_id) VALUES (Shëndetli,Mexican,19);
INSERT INTO recipe_has_tip (recipe_name,recipe_cuisine_name,tip_id) VALUES (Shëndetli,Mexican,20);
INSERT INTO recipe_has_tip (recipe_name,recipe_cuisine_name,tip_id) VALUES (Shëndetli,Mexican,21);
INSERT INTO recipe_has_tip (recipe_name,recipe_cuisine_name,tip_id) VALUES (Qifqi,German,22);
INSERT INTO recipe_has_tip (recipe_name,recipe_cuisine_name,tip_id) VALUES (Qifqi,German,23);
INSERT INTO recipe_has_tip (recipe_name,recipe_cuisine_name,tip_id) VALUES (Qifqi,German,24);
INSERT INTO recipe_has_tip (recipe_name,recipe_cuisine_name,tip_id) VALUES (Përime në zgare,Korean,25);
INSERT INTO recipe_has_tip (recipe_name,recipe_cuisine_name,tip_id) VALUES (Përime në zgare,Korean,26);
INSERT INTO recipe_has_tip (recipe_name,recipe_cuisine_name,tip_id) VALUES (Përime në zgare,Korean,27);
INSERT INTO recipe_has_tip (recipe_name,recipe_cuisine_name,tip_id) VALUES (Mish me midhje,Turkish,28);
INSERT INTO recipe_has_tip (recipe_name,recipe_cuisine_name,tip_id) VALUES (Mish me midhje,Turkish,29);
INSERT INTO recipe_has_tip (recipe_name,recipe_cuisine_name,tip_id) VALUES (Mish me midhje,Turkish,30);
INSERT INTO recipe_has_tip (recipe_name,recipe_cuisine_name,tip_id) VALUES (Cheeseburger,Albanian,31);
INSERT INTO recipe_has_tip (recipe_name,recipe_cuisine_name,tip_id) VALUES (Cheeseburger,Albanian,32);
INSERT INTO recipe_has_tip (recipe_name,recipe_cuisine_name,tip_id) VALUES (Cheeseburger,Albanian,33);
INSERT INTO recipe_has_tip (recipe_name,recipe_cuisine_name,tip_id) VALUES (Apple Pie,American,34);
INSERT INTO recipe_has_tip (recipe_name,recipe_cuisine_name,tip_id) VALUES (Apple Pie,American,35);
INSERT INTO recipe_has_tip (recipe_name,recipe_cuisine_name,tip_id) VALUES (Apple Pie,American,36);
INSERT INTO recipe_has_tip (recipe_name,recipe_cuisine_name,tip_id) VALUES (Fried Chicken,Bulgarian,37);
INSERT INTO recipe_has_tip (recipe_name,recipe_cuisine_name,tip_id) VALUES (Fried Chicken,Bulgarian,38);
INSERT INTO recipe_has_tip (recipe_name,recipe_cuisine_name,tip_id) VALUES (Fried Chicken,Bulgarian,39);
INSERT INTO recipe_has_tip (recipe_name,recipe_cuisine_name,tip_id) VALUES (Macaroni and Cheese,Russian,40);
INSERT INTO recipe_has_tip (recipe_name,recipe_cuisine_name,tip_id) VALUES (Macaroni and Cheese,Russian,41);
INSERT INTO recipe_has_tip (recipe_name,recipe_cuisine_name,tip_id) VALUES (Macaroni and Cheese,Russian,42);
INSERT INTO recipe_has_tip (recipe_name,recipe_cuisine_name,tip_id) VALUES (Barbecue Ribs,Greek,43);
INSERT INTO recipe_has_tip (recipe_name,recipe_cuisine_name,tip_id) VALUES (Barbecue Ribs,Greek,44);
INSERT INTO recipe_has_tip (recipe_name,recipe_cuisine_name,tip_id) VALUES (Barbecue Ribs,Greek,45);
INSERT INTO recipe_has_tip (recipe_name,recipe_cuisine_name,tip_id) VALUES (Pancakes,French,46);
INSERT INTO recipe_has_tip (recipe_name,recipe_cuisine_name,tip_id) VALUES (Pancakes,French,47);
INSERT INTO recipe_has_tip (recipe_name,recipe_cuisine_name,tip_id) VALUES (Pancakes,French,48);
INSERT INTO recipe_has_tip (recipe_name,recipe_cuisine_name,tip_id) VALUES (Chocolate Chip Cookies,Indian,49);
INSERT INTO recipe_has_tip (recipe_name,recipe_cuisine_name,tip_id) VALUES (Chocolate Chip Cookies,Indian,50);
INSERT INTO recipe_has_tip (recipe_name,recipe_cuisine_name,tip_id) VALUES (Chocolate Chip Cookies,Indian,51);
INSERT INTO recipe_has_tip (recipe_name,recipe_cuisine_name,tip_id) VALUES (BLT Sandwich,Italian,52);
INSERT INTO recipe_has_tip (recipe_name,recipe_cuisine_name,tip_id) VALUES (BLT Sandwich,Italian,53);
INSERT INTO recipe_has_tip (recipe_name,recipe_cuisine_name,tip_id) VALUES (BLT Sandwich,Italian,54);
INSERT INTO recipe_has_tip (recipe_name,recipe_cuisine_name,tip_id) VALUES (Clam Chowder,Japanese,55);
INSERT INTO recipe_has_tip (recipe_name,recipe_cuisine_name,tip_id) VALUES (Clam Chowder,Japanese,56);
INSERT INTO recipe_has_tip (recipe_name,recipe_cuisine_name,tip_id) VALUES (Clam Chowder,Japanese,57);
INSERT INTO recipe_has_tip (recipe_name,recipe_cuisine_name,tip_id) VALUES (Brownies,Chinese,58);
INSERT INTO recipe_has_tip (recipe_name,recipe_cuisine_name,tip_id) VALUES (Brownies,Chinese,59);
INSERT INTO recipe_has_tip (recipe_name,recipe_cuisine_name,tip_id) VALUES (Brownies,Chinese,60);
INSERT INTO recipe_has_tip (recipe_name,recipe_cuisine_name,tip_id) VALUES (Shopska Salata,Mexican,61);
INSERT INTO recipe_has_tip (recipe_name,recipe_cuisine_name,tip_id) VALUES (Shopska Salata,Mexican,62);
INSERT INTO recipe_has_tip (recipe_name,recipe_cuisine_name,tip_id) VALUES (Shopska Salata,Mexican,63);
INSERT INTO recipe_has_tip (recipe_name,recipe_cuisine_name,tip_id) VALUES (Kavarma,German,64);
INSERT INTO recipe_has_tip (recipe_name,recipe_cuisine_name,tip_id) VALUES (Kavarma,German,65);
INSERT INTO recipe_has_tip (recipe_name,recipe_cuisine_name,tip_id) VALUES (Kavarma,German,66);
INSERT INTO recipe_has_tip (recipe_name,recipe_cuisine_name,tip_id) VALUES (Banitsa,Korean,67);
INSERT INTO recipe_has_tip (recipe_name,recipe_cuisine_name,tip_id) VALUES (Banitsa,Korean,68);
INSERT INTO recipe_has_tip (recipe_name,recipe_cuisine_name,tip_id) VALUES (Banitsa,Korean,69);
INSERT INTO recipe_has_tip (recipe_name,recipe_cuisine_name,tip_id) VALUES (Mekitsa,Turkish,70);
INSERT INTO recipe_has_tip (recipe_name,recipe_cuisine_name,tip_id) VALUES (Mekitsa,Turkish,71);
INSERT INTO recipe_has_tip (recipe_name,recipe_cuisine_name,tip_id) VALUES (Mekitsa,Turkish,72);
INSERT INTO recipe_has_tip (recipe_name,recipe_cuisine_name,tip_id) VALUES (Musaka,Albanian,73);
INSERT INTO recipe_has_tip (recipe_name,recipe_cuisine_name,tip_id) VALUES (Musaka,Albanian,74);
INSERT INTO recipe_has_tip (recipe_name,recipe_cuisine_name,tip_id) VALUES (Musaka,Albanian,75);
INSERT INTO recipe_has_tip (recipe_name,recipe_cuisine_name,tip_id) VALUES (Tarator,American,76);
INSERT INTO recipe_has_tip (recipe_name,recipe_cuisine_name,tip_id) VALUES (Tarator,American,77);
INSERT INTO recipe_has_tip (recipe_name,recipe_cuisine_name,tip_id) VALUES (Tarator,American,78);
INSERT INTO recipe_has_tip (recipe_name,recipe_cuisine_name,tip_id) VALUES (Kadaif,Bulgarian,79);
INSERT INTO recipe_has_tip (recipe_name,recipe_cuisine_name,tip_id) VALUES (Kadaif,Bulgarian,80);
INSERT INTO recipe_has_tip (recipe_name,recipe_cuisine_name,tip_id) VALUES (Kadaif,Bulgarian,81);
INSERT INTO recipe_has_tip (recipe_name,recipe_cuisine_name,tip_id) VALUES (Bulgarian Cheese Toast,Russian,82);
INSERT INTO recipe_has_tip (recipe_name,recipe_cuisine_name,tip_id) VALUES (Bulgarian Cheese Toast,Russian,83);
INSERT INTO recipe_has_tip (recipe_name,recipe_cuisine_name,tip_id) VALUES (Bulgarian Cheese Toast,Russian,84);
INSERT INTO recipe_has_tip (recipe_name,recipe_cuisine_name,tip_id) VALUES (Garash Cake,Greek,85);
INSERT INTO recipe_has_tip (recipe_name,recipe_cuisine_name,tip_id) VALUES (Garash Cake,Greek,86);
INSERT INTO recipe_has_tip (recipe_name,recipe_cuisine_name,tip_id) VALUES (Garash Cake,Greek,87);
INSERT INTO recipe_has_tip (recipe_name,recipe_cuisine_name,tip_id) VALUES (Sarmi,French,88);
INSERT INTO recipe_has_tip (recipe_name,recipe_cuisine_name,tip_id) VALUES (Sarmi,French,89);
INSERT INTO recipe_has_tip (recipe_name,recipe_cuisine_name,tip_id) VALUES (Sarmi,French,90);
INSERT INTO recipe_has_tip (recipe_name,recipe_cuisine_name,tip_id) VALUES (Beef Stroganoff,Indian,91);
INSERT INTO recipe_has_tip (recipe_name,recipe_cuisine_name,tip_id) VALUES (Beef Stroganoff,Indian,92);
INSERT INTO recipe_has_tip (recipe_name,recipe_cuisine_name,tip_id) VALUES (Beef Stroganoff,Indian,93);
INSERT INTO recipe_has_tip (recipe_name,recipe_cuisine_name,tip_id) VALUES (Medovik,Italian,94);
INSERT INTO recipe_has_tip (recipe_name,recipe_cuisine_name,tip_id) VALUES (Medovik,Italian,95);
INSERT INTO recipe_has_tip (recipe_name,recipe_cuisine_name,tip_id) VALUES (Medovik,Italian,96);
INSERT INTO recipe_has_tip (recipe_name,recipe_cuisine_name,tip_id) VALUES (Borscht,Japanese,97);
INSERT INTO recipe_has_tip (recipe_name,recipe_cuisine_name,tip_id) VALUES (Borscht,Japanese,98);
INSERT INTO recipe_has_tip (recipe_name,recipe_cuisine_name,tip_id) VALUES (Borscht,Japanese,99);
INSERT INTO recipe_has_tip (recipe_name,recipe_cuisine_name,tip_id) VALUES (Pelmeni,Chinese,100);
INSERT INTO recipe_has_tip (recipe_name,recipe_cuisine_name,tip_id) VALUES (Pelmeni,Chinese,101);
INSERT INTO recipe_has_tip (recipe_name,recipe_cuisine_name,tip_id) VALUES (Pelmeni,Chinese,102);
INSERT INTO recipe_has_tip (recipe_name,recipe_cuisine_name,tip_id) VALUES (Syrniki,Mexican,103);
INSERT INTO recipe_has_tip (recipe_name,recipe_cuisine_name,tip_id) VALUES (Syrniki,Mexican,104);
INSERT INTO recipe_has_tip (recipe_name,recipe_cuisine_name,tip_id) VALUES (Syrniki,Mexican,105);
INSERT INTO recipe_has_tip (recipe_name,recipe_cuisine_name,tip_id) VALUES (Kasha,German,106);
INSERT INTO recipe_has_tip (recipe_name,recipe_cuisine_name,tip_id) VALUES (Kasha,German,107);
INSERT INTO recipe_has_tip (recipe_name,recipe_cuisine_name,tip_id) VALUES (Kasha,German,108);
INSERT INTO recipe_has_tip (recipe_name,recipe_cuisine_name,tip_id) VALUES (Pryaniki,Korean,109);
INSERT INTO recipe_has_tip (recipe_name,recipe_cuisine_name,tip_id) VALUES (Pryaniki,Korean,110);
INSERT INTO recipe_has_tip (recipe_name,recipe_cuisine_name,tip_id) VALUES (Pryaniki,Korean,111);
INSERT INTO recipe_has_tip (recipe_name,recipe_cuisine_name,tip_id) VALUES (Zefir,Turkish,112);
INSERT INTO recipe_has_tip (recipe_name,recipe_cuisine_name,tip_id) VALUES (Zefir,Turkish,113);
INSERT INTO recipe_has_tip (recipe_name,recipe_cuisine_name,tip_id) VALUES (Zefir,Turkish,114);
INSERT INTO recipe_has_tip (recipe_name,recipe_cuisine_name,tip_id) VALUES (Olivier Salad,Albanian,115);
INSERT INTO recipe_has_tip (recipe_name,recipe_cuisine_name,tip_id) VALUES (Olivier Salad,Albanian,116);
INSERT INTO recipe_has_tip (recipe_name,recipe_cuisine_name,tip_id) VALUES (Olivier Salad,Albanian,117);
INSERT INTO recipe_has_tip (recipe_name,recipe_cuisine_name,tip_id) VALUES (Shchi,American,118);
INSERT INTO recipe_has_tip (recipe_name,recipe_cuisine_name,tip_id) VALUES (Shchi,American,119);
INSERT INTO recipe_has_tip (recipe_name,recipe_cuisine_name,tip_id) VALUES (Shchi,American,120);
INSERT INTO equipment (name,manual,image_id) VALUES (skillet,used for cooking,0);
INSERT INTO equipment (name,manual,image_id) VALUES (baking dish,used for cooking,0);
INSERT INTO equipment (name,manual,image_id) VALUES (whisk,used for cooking,0);
INSERT INTO equipment (name,manual,image_id) VALUES (oven,used for cooking,0);
INSERT INTO equipment (name,manual,image_id) VALUES (saucepan,used for cooking,0);
INSERT INTO equipment (name,manual,image_id) VALUES (stove,used for cooking,0);
INSERT INTO equipment (name,manual,image_id) VALUES (pot,used for cooking,0);
INSERT INTO equipment (name,manual,image_id) VALUES (baking pan,used for cooking,0);
INSERT INTO equipment (name,manual,image_id) VALUES (cake pan,used for cooking,0);
INSERT INTO equipment (name,manual,image_id) VALUES (bowl,used for cooking,0);
INSERT INTO equipment (name,manual,image_id) VALUES (grill,used for cooking,0);
INSERT INTO equipment (name,manual,image_id) VALUES (knife,used for cooking,0);
INSERT INTO equipment (name,manual,image_id) VALUES (cutting board,used for cooking,0);
INSERT INTO equipment (name,manual,image_id) VALUES (mixing bowl,used for cooking,0);
INSERT INTO equipment (name,manual,image_id) VALUES (pie dish,used for cooking,0);
INSERT INTO equipment (name,manual,image_id) VALUES (rolling pin,used for cooking,0);
INSERT INTO equipment (name,manual,image_id) VALUES (deep fryer,used for cooking,0);
INSERT INTO equipment (name,manual,image_id) VALUES (tongs,used for cooking,0);
INSERT INTO equipment (name,manual,image_id) VALUES (paper towels,used for cooking,0);
INSERT INTO equipment (name,manual,image_id) VALUES (aluminum foil,used for cooking,0);
INSERT INTO equipment (name,manual,image_id) VALUES (basting brush,used for cooking,0);
INSERT INTO equipment (name,manual,image_id) VALUES (griddle or skillet,used for cooking,0);
INSERT INTO equipment (name,manual,image_id) VALUES (spatula,used for cooking,0);
INSERT INTO equipment (name,manual,image_id) VALUES (baking sheet,used for cooking,0);
INSERT INTO equipment (name,manual,image_id) VALUES (wire rack,used for cooking,0);
INSERT INTO equipment (name,manual,image_id) VALUES (pan,used for cooking,0);
INSERT INTO equipment (name,manual,image_id) VALUES (toaster,used for cooking,0);
INSERT INTO equipment (name,manual,image_id) VALUES (brush,used for cooking,0);
INSERT INTO equipment (name,manual,image_id) VALUES (garlic press,used for cooking,0);
INSERT INTO equipment (name,manual,image_id) VALUES (tray,used for cooking,0);
INSERT INTO equipment (name,manual,image_id) VALUES (frying pan,used for cooking,0);
INSERT INTO equipment (name,manual,image_id) VALUES (mixing bowls,used for cooking,0);
INSERT INTO equipment (name,manual,image_id) VALUES (strainer,used for cooking,0);
INSERT INTO equipment (name,manual,image_id) VALUES (cookie cutter,used for cooking,0);
INSERT INTO equipment (name,manual,image_id) VALUES (blender,used for cooking,0);
INSERT INTO equipment (name,manual,image_id) VALUES (piping bag,used for cooking,0);
INSERT INTO recipe_has_equipment (recipe_name,recipe_cuisine_name,equipment) VALUES (Tavë Kosi,Greek,skillet);
INSERT INTO recipe_has_equipment (recipe_name,recipe_cuisine_name,equipment) VALUES (Tavë Kosi,Greek,baking dish);
INSERT INTO recipe_has_equipment (recipe_name,recipe_cuisine_name,equipment) VALUES (Tavë Kosi,Greek,whisk);
INSERT INTO recipe_has_equipment (recipe_name,recipe_cuisine_name,equipment) VALUES (Tavë Kosi,Greek,oven);
INSERT INTO recipe_has_equipment (recipe_name,recipe_cuisine_name,equipment) VALUES (Bakllasarem,French,baking dish);
INSERT INTO recipe_has_equipment (recipe_name,recipe_cuisine_name,equipment) VALUES (Bakllasarem,French,oven);
INSERT INTO recipe_has_equipment (recipe_name,recipe_cuisine_name,equipment) VALUES (Bakllasarem,French,saucepan);
INSERT INTO recipe_has_equipment (recipe_name,recipe_cuisine_name,equipment) VALUES (Fërgesë,Indian,skillet);
INSERT INTO recipe_has_equipment (recipe_name,recipe_cuisine_name,equipment) VALUES (Fërgesë,Indian,stove);
INSERT INTO recipe_has_equipment (recipe_name,recipe_cuisine_name,equipment) VALUES (Speca të mbushur,Italian,oven);
INSERT INTO recipe_has_equipment (recipe_name,recipe_cuisine_name,equipment) VALUES (Speca të mbushur,Italian,baking dish);
INSERT INTO recipe_has_equipment (recipe_name,recipe_cuisine_name,equipment) VALUES (Speca të mbushur,Italian,pot);
INSERT INTO recipe_has_equipment (recipe_name,recipe_cuisine_name,equipment) VALUES (Byrek me Spinaq,Japanese,oven);
INSERT INTO recipe_has_equipment (recipe_name,recipe_cuisine_name,equipment) VALUES (Byrek me Spinaq,Japanese,baking pan);
INSERT INTO recipe_has_equipment (recipe_name,recipe_cuisine_name,equipment) VALUES (Byrek me Spinaq,Japanese,skillet);
INSERT INTO recipe_has_equipment (recipe_name,recipe_cuisine_name,equipment) VALUES (Jani me fasule,Chinese,pot);
INSERT INTO recipe_has_equipment (recipe_name,recipe_cuisine_name,equipment) VALUES (Jani me fasule,Chinese,stove);
INSERT INTO recipe_has_equipment (recipe_name,recipe_cuisine_name,equipment) VALUES (Shëndetli,Mexican,oven);
INSERT INTO recipe_has_equipment (recipe_name,recipe_cuisine_name,equipment) VALUES (Shëndetli,Mexican,cake pan);
INSERT INTO recipe_has_equipment (recipe_name,recipe_cuisine_name,equipment) VALUES (Shëndetli,Mexican,saucepan);
INSERT INTO recipe_has_equipment (recipe_name,recipe_cuisine_name,equipment) VALUES (Qifqi,German,skillet);
INSERT INTO recipe_has_equipment (recipe_name,recipe_cuisine_name,equipment) VALUES (Qifqi,German,pot);
INSERT INTO recipe_has_equipment (recipe_name,recipe_cuisine_name,equipment) VALUES (Qifqi,German,bowl);
INSERT INTO recipe_has_equipment (recipe_name,recipe_cuisine_name,equipment) VALUES (Përime në zgare,Korean,grill);
INSERT INTO recipe_has_equipment (recipe_name,recipe_cuisine_name,equipment) VALUES (Përime në zgare,Korean,knife);
INSERT INTO recipe_has_equipment (recipe_name,recipe_cuisine_name,equipment) VALUES (Përime në zgare,Korean,bowl);
INSERT INTO recipe_has_equipment (recipe_name,recipe_cuisine_name,equipment) VALUES (Mish me midhje,Turkish,skillet);
INSERT INTO recipe_has_equipment (recipe_name,recipe_cuisine_name,equipment) VALUES (Mish me midhje,Turkish,pot);
INSERT INTO recipe_has_equipment (recipe_name,recipe_cuisine_name,equipment) VALUES (Cheeseburger,Albanian,grill);
INSERT INTO recipe_has_equipment (recipe_name,recipe_cuisine_name,equipment) VALUES (Cheeseburger,Albanian,knife);
INSERT INTO recipe_has_equipment (recipe_name,recipe_cuisine_name,equipment) VALUES (Cheeseburger,Albanian,cutting board);
INSERT INTO recipe_has_equipment (recipe_name,recipe_cuisine_name,equipment) VALUES (Apple Pie,American,oven);
INSERT INTO recipe_has_equipment (recipe_name,recipe_cuisine_name,equipment) VALUES (Apple Pie,American,mixing bowl);
INSERT INTO recipe_has_equipment (recipe_name,recipe_cuisine_name,equipment) VALUES (Apple Pie,American,pie dish);
INSERT INTO recipe_has_equipment (recipe_name,recipe_cuisine_name,equipment) VALUES (Apple Pie,American,rolling pin);
INSERT INTO recipe_has_equipment (recipe_name,recipe_cuisine_name,equipment) VALUES (Fried Chicken,Bulgarian,deep fryer);
INSERT INTO recipe_has_equipment (recipe_name,recipe_cuisine_name,equipment) VALUES (Fried Chicken,Bulgarian,bowl);
INSERT INTO recipe_has_equipment (recipe_name,recipe_cuisine_name,equipment) VALUES (Fried Chicken,Bulgarian,tongs);
INSERT INTO recipe_has_equipment (recipe_name,recipe_cuisine_name,equipment) VALUES (Fried Chicken,Bulgarian,paper towels);
INSERT INTO recipe_has_equipment (recipe_name,recipe_cuisine_name,equipment) VALUES (Macaroni and Cheese,Russian,pot);
INSERT INTO recipe_has_equipment (recipe_name,recipe_cuisine_name,equipment) VALUES (Macaroni and Cheese,Russian,oven);
INSERT INTO recipe_has_equipment (recipe_name,recipe_cuisine_name,equipment) VALUES (Macaroni and Cheese,Russian,saucepan);
INSERT INTO recipe_has_equipment (recipe_name,recipe_cuisine_name,equipment) VALUES (Macaroni and Cheese,Russian,baking dish);
INSERT INTO recipe_has_equipment (recipe_name,recipe_cuisine_name,equipment) VALUES (Barbecue Ribs,Greek,oven);
INSERT INTO recipe_has_equipment (recipe_name,recipe_cuisine_name,equipment) VALUES (Barbecue Ribs,Greek,grill);
INSERT INTO recipe_has_equipment (recipe_name,recipe_cuisine_name,equipment) VALUES (Barbecue Ribs,Greek,aluminum foil);
INSERT INTO recipe_has_equipment (recipe_name,recipe_cuisine_name,equipment) VALUES (Barbecue Ribs,Greek,basting brush);
INSERT INTO recipe_has_equipment (recipe_name,recipe_cuisine_name,equipment) VALUES (Pancakes,French,bowl);
INSERT INTO recipe_has_equipment (recipe_name,recipe_cuisine_name,equipment) VALUES (Pancakes,French,whisk);
INSERT INTO recipe_has_equipment (recipe_name,recipe_cuisine_name,equipment) VALUES (Pancakes,French,griddle or skillet);
INSERT INTO recipe_has_equipment (recipe_name,recipe_cuisine_name,equipment) VALUES (Pancakes,French,spatula);
INSERT INTO recipe_has_equipment (recipe_name,recipe_cuisine_name,equipment) VALUES (Chocolate Chip Cookies,Indian,mixing bowl);
INSERT INTO recipe_has_equipment (recipe_name,recipe_cuisine_name,equipment) VALUES (Chocolate Chip Cookies,Indian,baking sheet);
INSERT INTO recipe_has_equipment (recipe_name,recipe_cuisine_name,equipment) VALUES (Chocolate Chip Cookies,Indian,oven);
INSERT INTO recipe_has_equipment (recipe_name,recipe_cuisine_name,equipment) VALUES (Chocolate Chip Cookies,Indian,wire rack);
INSERT INTO recipe_has_equipment (recipe_name,recipe_cuisine_name,equipment) VALUES (BLT Sandwich,Italian,pan);
INSERT INTO recipe_has_equipment (recipe_name,recipe_cuisine_name,equipment) VALUES (BLT Sandwich,Italian,toaster);
INSERT INTO recipe_has_equipment (recipe_name,recipe_cuisine_name,equipment) VALUES (BLT Sandwich,Italian,knife);
INSERT INTO recipe_has_equipment (recipe_name,recipe_cuisine_name,equipment) VALUES (BLT Sandwich,Italian,cutting board);
INSERT INTO recipe_has_equipment (recipe_name,recipe_cuisine_name,equipment) VALUES (Clam Chowder,Japanese,pot);
INSERT INTO recipe_has_equipment (recipe_name,recipe_cuisine_name,equipment) VALUES (Clam Chowder,Japanese,knife);
INSERT INTO recipe_has_equipment (recipe_name,recipe_cuisine_name,equipment) VALUES (Clam Chowder,Japanese,cutting board);
INSERT INTO recipe_has_equipment (recipe_name,recipe_cuisine_name,equipment) VALUES (Brownies,Chinese,oven);
INSERT INTO recipe_has_equipment (recipe_name,recipe_cuisine_name,equipment) VALUES (Brownies,Chinese,mixing bowl);
INSERT INTO recipe_has_equipment (recipe_name,recipe_cuisine_name,equipment) VALUES (Brownies,Chinese,baking pan);
INSERT INTO recipe_has_equipment (recipe_name,recipe_cuisine_name,equipment) VALUES (Shopska Salata,Mexican,knife);
INSERT INTO recipe_has_equipment (recipe_name,recipe_cuisine_name,equipment) VALUES (Shopska Salata,Mexican,cutting board);
INSERT INTO recipe_has_equipment (recipe_name,recipe_cuisine_name,equipment) VALUES (Shopska Salata,Mexican,bowl);
INSERT INTO recipe_has_equipment (recipe_name,recipe_cuisine_name,equipment) VALUES (Kavarma,German,pot);
INSERT INTO recipe_has_equipment (recipe_name,recipe_cuisine_name,equipment) VALUES (Kavarma,German,knife);
INSERT INTO recipe_has_equipment (recipe_name,recipe_cuisine_name,equipment) VALUES (Kavarma,German,cutting board);
INSERT INTO recipe_has_equipment (recipe_name,recipe_cuisine_name,equipment) VALUES (Banitsa,Korean,oven);
INSERT INTO recipe_has_equipment (recipe_name,recipe_cuisine_name,equipment) VALUES (Banitsa,Korean,baking dish);
INSERT INTO recipe_has_equipment (recipe_name,recipe_cuisine_name,equipment) VALUES (Banitsa,Korean,brush);
INSERT INTO recipe_has_equipment (recipe_name,recipe_cuisine_name,equipment) VALUES (Mekitsa,Turkish,deep fryer);
INSERT INTO recipe_has_equipment (recipe_name,recipe_cuisine_name,equipment) VALUES (Mekitsa,Turkish,bowl);
INSERT INTO recipe_has_equipment (recipe_name,recipe_cuisine_name,equipment) VALUES (Mekitsa,Turkish,rolling pin);
INSERT INTO recipe_has_equipment (recipe_name,recipe_cuisine_name,equipment) VALUES (Musaka,Albanian,oven);
INSERT INTO recipe_has_equipment (recipe_name,recipe_cuisine_name,equipment) VALUES (Musaka,Albanian,baking dish);
INSERT INTO recipe_has_equipment (recipe_name,recipe_cuisine_name,equipment) VALUES (Tarator,American,bowl);
INSERT INTO recipe_has_equipment (recipe_name,recipe_cuisine_name,equipment) VALUES (Tarator,American,knife);
INSERT INTO recipe_has_equipment (recipe_name,recipe_cuisine_name,equipment) VALUES (Tarator,American,garlic press);
INSERT INTO recipe_has_equipment (recipe_name,recipe_cuisine_name,equipment) VALUES (Kadaif,Bulgarian,oven);
INSERT INTO recipe_has_equipment (recipe_name,recipe_cuisine_name,equipment) VALUES (Kadaif,Bulgarian,tray);
INSERT INTO recipe_has_equipment (recipe_name,recipe_cuisine_name,equipment) VALUES (Kadaif,Bulgarian,saucepan);
INSERT INTO recipe_has_equipment (recipe_name,recipe_cuisine_name,equipment) VALUES (Bulgarian Cheese Toast,Russian,oven);
INSERT INTO recipe_has_equipment (recipe_name,recipe_cuisine_name,equipment) VALUES (Bulgarian Cheese Toast,Russian,toaster);
INSERT INTO recipe_has_equipment (recipe_name,recipe_cuisine_name,equipment) VALUES (Bulgarian Cheese Toast,Russian,frying pan);
INSERT INTO recipe_has_equipment (recipe_name,recipe_cuisine_name,equipment) VALUES (Garash Cake,Greek,oven);
INSERT INTO recipe_has_equipment (recipe_name,recipe_cuisine_name,equipment) VALUES (Garash Cake,Greek,mixing bowls);
INSERT INTO recipe_has_equipment (recipe_name,recipe_cuisine_name,equipment) VALUES (Garash Cake,Greek,whisk);
INSERT INTO recipe_has_equipment (recipe_name,recipe_cuisine_name,equipment) VALUES (Garash Cake,Greek,cake pan);
INSERT INTO recipe_has_equipment (recipe_name,recipe_cuisine_name,equipment) VALUES (Sarmi,French,pot);
INSERT INTO recipe_has_equipment (recipe_name,recipe_cuisine_name,equipment) VALUES (Sarmi,French,knife);
INSERT INTO recipe_has_equipment (recipe_name,recipe_cuisine_name,equipment) VALUES (Sarmi,French,cutting board);
INSERT INTO recipe_has_equipment (recipe_name,recipe_cuisine_name,equipment) VALUES (Beef Stroganoff,Indian,pan);
INSERT INTO recipe_has_equipment (recipe_name,recipe_cuisine_name,equipment) VALUES (Beef Stroganoff,Indian,knife);
INSERT INTO recipe_has_equipment (recipe_name,recipe_cuisine_name,equipment) VALUES (Beef Stroganoff,Indian,cutting board);
INSERT INTO recipe_has_equipment (recipe_name,recipe_cuisine_name,equipment) VALUES (Medovik,Italian,oven);
INSERT INTO recipe_has_equipment (recipe_name,recipe_cuisine_name,equipment) VALUES (Medovik,Italian,mixing bowl);
INSERT INTO recipe_has_equipment (recipe_name,recipe_cuisine_name,equipment) VALUES (Medovik,Italian,baking sheet);
INSERT INTO recipe_has_equipment (recipe_name,recipe_cuisine_name,equipment) VALUES (Medovik,Italian,whisk);
INSERT INTO recipe_has_equipment (recipe_name,recipe_cuisine_name,equipment) VALUES (Medovik,Italian,rolling pin);
INSERT INTO recipe_has_equipment (recipe_name,recipe_cuisine_name,equipment) VALUES (Borscht,Japanese,pot);
INSERT INTO recipe_has_equipment (recipe_name,recipe_cuisine_name,equipment) VALUES (Borscht,Japanese,knife);
INSERT INTO recipe_has_equipment (recipe_name,recipe_cuisine_name,equipment) VALUES (Borscht,Japanese,cutting board);
INSERT INTO recipe_has_equipment (recipe_name,recipe_cuisine_name,equipment) VALUES (Pelmeni,Chinese,pot);
INSERT INTO recipe_has_equipment (recipe_name,recipe_cuisine_name,equipment) VALUES (Pelmeni,Chinese,rolling pin);
INSERT INTO recipe_has_equipment (recipe_name,recipe_cuisine_name,equipment) VALUES (Pelmeni,Chinese,bowl);
INSERT INTO recipe_has_equipment (recipe_name,recipe_cuisine_name,equipment) VALUES (Pelmeni,Chinese,knife);
INSERT INTO recipe_has_equipment (recipe_name,recipe_cuisine_name,equipment) VALUES (Syrniki,Mexican,pan);
INSERT INTO recipe_has_equipment (recipe_name,recipe_cuisine_name,equipment) VALUES (Syrniki,Mexican,mixing bowl);
INSERT INTO recipe_has_equipment (recipe_name,recipe_cuisine_name,equipment) VALUES (Syrniki,Mexican,spatula);
INSERT INTO recipe_has_equipment (recipe_name,recipe_cuisine_name,equipment) VALUES (Kasha,German,pot);
INSERT INTO recipe_has_equipment (recipe_name,recipe_cuisine_name,equipment) VALUES (Kasha,German,strainer);
INSERT INTO recipe_has_equipment (recipe_name,recipe_cuisine_name,equipment) VALUES (Pryaniki,Korean,oven);
INSERT INTO recipe_has_equipment (recipe_name,recipe_cuisine_name,equipment) VALUES (Pryaniki,Korean,mixing bowl);
INSERT INTO recipe_has_equipment (recipe_name,recipe_cuisine_name,equipment) VALUES (Pryaniki,Korean,rolling pin);
INSERT INTO recipe_has_equipment (recipe_name,recipe_cuisine_name,equipment) VALUES (Pryaniki,Korean,cookie cutter);
INSERT INTO recipe_has_equipment (recipe_name,recipe_cuisine_name,equipment) VALUES (Zefir,Turkish,blender);
INSERT INTO recipe_has_equipment (recipe_name,recipe_cuisine_name,equipment) VALUES (Zefir,Turkish,mixing bowl);
INSERT INTO recipe_has_equipment (recipe_name,recipe_cuisine_name,equipment) VALUES (Zefir,Turkish,piping bag);
INSERT INTO recipe_has_equipment (recipe_name,recipe_cuisine_name,equipment) VALUES (Olivier Salad,Albanian,pot);
INSERT INTO recipe_has_equipment (recipe_name,recipe_cuisine_name,equipment) VALUES (Olivier Salad,Albanian,knife);
INSERT INTO recipe_has_equipment (recipe_name,recipe_cuisine_name,equipment) VALUES (Olivier Salad,Albanian,bowl);
INSERT INTO recipe_has_equipment (recipe_name,recipe_cuisine_name,equipment) VALUES (Shchi,American,pot);
INSERT INTO recipe_has_equipment (recipe_name,recipe_cuisine_name,equipment) VALUES (Shchi,American,knife);
INSERT INTO recipe_has_equipment (recipe_name,recipe_cuisine_name,equipment) VALUES (Shchi,American,cutting board);
INSERT INTO recipe_has_ingredient (recipe_name,recipe_cuisine_name,ingredient_name,quantity) VALUES (Tavë Kosi,Greek,lamb,500);
INSERT INTO recipe_has_ingredient (recipe_name,recipe_cuisine_name,ingredient_name,quantity) VALUES (Tavë Kosi,Greek,rice,195);
INSERT INTO recipe_has_ingredient (recipe_name,recipe_cuisine_name,ingredient_name,quantity) VALUES (Tavë Kosi,Greek,water,473);
INSERT INTO recipe_has_ingredient (recipe_name,recipe_cuisine_name,ingredient_name,quantity) VALUES (Tavë Kosi,Greek,yogurt,490);
INSERT INTO recipe_has_ingredient (recipe_name,recipe_cuisine_name,ingredient_name,quantity) VALUES (Tavë Kosi,Greek,egg,129);
INSERT INTO recipe_has_ingredient (recipe_name,recipe_cuisine_name,ingredient_name,quantity) VALUES (Tavë Kosi,Greek,flour,15);
INSERT INTO recipe_has_ingredient (recipe_name,recipe_cuisine_name,ingredient_name,quantity) VALUES (Tavë Kosi,Greek,salt,10);
INSERT INTO recipe_has_ingredient (recipe_name,recipe_cuisine_name,ingredient_name,quantity) VALUES (Tavë Kosi,Greek,olive oil,24);
INSERT INTO recipe_has_ingredient (recipe_name,recipe_cuisine_name,ingredient_name,quantity) VALUES (Bakllasarem,French,phyllo dough,400);
INSERT INTO recipe_has_ingredient (recipe_name,recipe_cuisine_name,ingredient_name,quantity) VALUES (Bakllasarem,French,walnuts,234);
INSERT INTO recipe_has_ingredient (recipe_name,recipe_cuisine_name,ingredient_name,quantity) VALUES (Bakllasarem,French,sugar,200);
INSERT INTO recipe_has_ingredient (recipe_name,recipe_cuisine_name,ingredient_name,quantity) VALUES (Bakllasarem,French,cinnamon,2);
INSERT INTO recipe_has_ingredient (recipe_name,recipe_cuisine_name,ingredient_name,quantity) VALUES (Bakllasarem,French,butter,227);
INSERT INTO recipe_has_ingredient (recipe_name,recipe_cuisine_name,ingredient_name,quantity) VALUES (Bakllasarem,French,water,236);
INSERT INTO recipe_has_ingredient (recipe_name,recipe_cuisine_name,ingredient_name,quantity) VALUES (Bakllasarem,French,lemon juice,15);
INSERT INTO recipe_has_ingredient (recipe_name,recipe_cuisine_name,ingredient_name,quantity) VALUES (Fërgesë,Indian,red bell pepper,238);
INSERT INTO recipe_has_ingredient (recipe_name,recipe_cuisine_name,ingredient_name,quantity) VALUES (Fërgesë,Indian,onions,125);
INSERT INTO recipe_has_ingredient (recipe_name,recipe_cuisine_name,ingredient_name,quantity) VALUES (Fërgesë,Indian,tomato,246);
INSERT INTO recipe_has_ingredient (recipe_name,recipe_cuisine_name,ingredient_name,quantity) VALUES (Fërgesë,Indian,cottage cheese,200);
INSERT INTO recipe_has_ingredient (recipe_name,recipe_cuisine_name,ingredient_name,quantity) VALUES (Fërgesë,Indian,salt,4);
INSERT INTO recipe_has_ingredient (recipe_name,recipe_cuisine_name,ingredient_name,quantity) VALUES (Fërgesë,Indian,olive oil,11);
INSERT INTO recipe_has_ingredient (recipe_name,recipe_cuisine_name,ingredient_name,quantity) VALUES (Speca të mbushur,Italian,red bell pepper,476);
INSERT INTO recipe_has_ingredient (recipe_name,recipe_cuisine_name,ingredient_name,quantity) VALUES (Speca të mbushur,Italian,rice,195);
INSERT INTO recipe_has_ingredient (recipe_name,recipe_cuisine_name,ingredient_name,quantity) VALUES (Speca të mbushur,Italian,canned shrimp,128);
INSERT INTO recipe_has_ingredient (recipe_name,recipe_cuisine_name,ingredient_name,quantity) VALUES (Speca të mbushur,Italian,garlic,6);
INSERT INTO recipe_has_ingredient (recipe_name,recipe_cuisine_name,ingredient_name,quantity) VALUES (Speca të mbushur,Italian,dried thyme,8);
INSERT INTO recipe_has_ingredient (recipe_name,recipe_cuisine_name,ingredient_name,quantity) VALUES (Speca të mbushur,Italian,salt,4);
INSERT INTO recipe_has_ingredient (recipe_name,recipe_cuisine_name,ingredient_name,quantity) VALUES (Speca të mbushur,Italian,lemon,7);
INSERT INTO recipe_has_ingredient (recipe_name,recipe_cuisine_name,ingredient_name,quantity) VALUES (Byrek me Spinaq,Japanese,phyllo dough,400);
INSERT INTO recipe_has_ingredient (recipe_name,recipe_cuisine_name,ingredient_name,quantity) VALUES (Byrek me Spinaq,Japanese,spinach,500);
INSERT INTO recipe_has_ingredient (recipe_name,recipe_cuisine_name,ingredient_name,quantity) VALUES (Byrek me Spinaq,Japanese,feta cheese,200);
INSERT INTO recipe_has_ingredient (recipe_name,recipe_cuisine_name,ingredient_name,quantity) VALUES (Byrek me Spinaq,Japanese,egg,129);
INSERT INTO recipe_has_ingredient (recipe_name,recipe_cuisine_name,ingredient_name,quantity) VALUES (Byrek me Spinaq,Japanese,olive oil,16);
INSERT INTO recipe_has_ingredient (recipe_name,recipe_cuisine_name,ingredient_name,quantity) VALUES (Jani me fasule,Chinese,white bean,453);
INSERT INTO recipe_has_ingredient (recipe_name,recipe_cuisine_name,ingredient_name,quantity) VALUES (Jani me fasule,Chinese,onions,150);
INSERT INTO recipe_has_ingredient (recipe_name,recipe_cuisine_name,ingredient_name,quantity) VALUES (Jani me fasule,Chinese,garlic,6);
INSERT INTO recipe_has_ingredient (recipe_name,recipe_cuisine_name,ingredient_name,quantity) VALUES (Jani me fasule,Chinese,tomato,246);
INSERT INTO recipe_has_ingredient (recipe_name,recipe_cuisine_name,ingredient_name,quantity) VALUES (Jani me fasule,Chinese,salt,5);
INSERT INTO recipe_has_ingredient (recipe_name,recipe_cuisine_name,ingredient_name,quantity) VALUES (Jani me fasule,Chinese,chili powder,0);
INSERT INTO recipe_has_ingredient (recipe_name,recipe_cuisine_name,ingredient_name,quantity) VALUES (Jani me fasule,Chinese,olive oil,11);
INSERT INTO recipe_has_ingredient (recipe_name,recipe_cuisine_name,ingredient_name,quantity) VALUES (Shëndetli,Mexican,walnuts,80);
INSERT INTO recipe_has_ingredient (recipe_name,recipe_cuisine_name,ingredient_name,quantity) VALUES (Shëndetli,Mexican,sugar,200);
INSERT INTO recipe_has_ingredient (recipe_name,recipe_cuisine_name,ingredient_name,quantity) VALUES (Shëndetli,Mexican,egg,172);
INSERT INTO recipe_has_ingredient (recipe_name,recipe_cuisine_name,ingredient_name,quantity) VALUES (Shëndetli,Mexican,water,236);
INSERT INTO recipe_has_ingredient (recipe_name,recipe_cuisine_name,ingredient_name,quantity) VALUES (Shëndetli,Mexican,lemon juice,15);
INSERT INTO recipe_has_ingredient (recipe_name,recipe_cuisine_name,ingredient_name,quantity) VALUES (Qifqi,German,rice,195);
INSERT INTO recipe_has_ingredient (recipe_name,recipe_cuisine_name,ingredient_name,quantity) VALUES (Qifqi,German,egg,86);
INSERT INTO recipe_has_ingredient (recipe_name,recipe_cuisine_name,ingredient_name,quantity) VALUES (Qifqi,German,mint,0);
INSERT INTO recipe_has_ingredient (recipe_name,recipe_cuisine_name,ingredient_name,quantity) VALUES (Qifqi,German,salt,1);
INSERT INTO recipe_has_ingredient (recipe_name,recipe_cuisine_name,ingredient_name,quantity) VALUES (Qifqi,German,vegetable oil,3);
INSERT INTO recipe_has_ingredient (recipe_name,recipe_cuisine_name,ingredient_name,quantity) VALUES (Përime në zgare,Korean,zucchini,196);
INSERT INTO recipe_has_ingredient (recipe_name,recipe_cuisine_name,ingredient_name,quantity) VALUES (Përime në zgare,Korean,red bell pepper,238);
INSERT INTO recipe_has_ingredient (recipe_name,recipe_cuisine_name,ingredient_name,quantity) VALUES (Përime në zgare,Korean,eggplant,548);
INSERT INTO recipe_has_ingredient (recipe_name,recipe_cuisine_name,ingredient_name,quantity) VALUES (Përime në zgare,Korean,tomato,246);
INSERT INTO recipe_has_ingredient (recipe_name,recipe_cuisine_name,ingredient_name,quantity) VALUES (Përime në zgare,Korean,olive oil,16);
INSERT INTO recipe_has_ingredient (recipe_name,recipe_cuisine_name,ingredient_name,quantity) VALUES (Përime në zgare,Korean,garlic,3);
INSERT INTO recipe_has_ingredient (recipe_name,recipe_cuisine_name,ingredient_name,quantity) VALUES (Përime në zgare,Korean,parsley,12);
INSERT INTO recipe_has_ingredient (recipe_name,recipe_cuisine_name,ingredient_name,quantity) VALUES (Përime në zgare,Korean,salt,7);
INSERT INTO recipe_has_ingredient (recipe_name,recipe_cuisine_name,ingredient_name,quantity) VALUES (Mish me midhje,Turkish,mussels,1000);
INSERT INTO recipe_has_ingredient (recipe_name,recipe_cuisine_name,ingredient_name,quantity) VALUES (Mish me midhje,Turkish,garlic,6);
INSERT INTO recipe_has_ingredient (recipe_name,recipe_cuisine_name,ingredient_name,quantity) VALUES (Mish me midhje,Turkish,white wine,235);
INSERT INTO recipe_has_ingredient (recipe_name,recipe_cuisine_name,ingredient_name,quantity) VALUES (Mish me midhje,Turkish,parsley,12);
INSERT INTO recipe_has_ingredient (recipe_name,recipe_cuisine_name,ingredient_name,quantity) VALUES (Mish me midhje,Turkish,olive oil,16);
INSERT INTO recipe_has_ingredient (recipe_name,recipe_cuisine_name,ingredient_name,quantity) VALUES (Mish me midhje,Turkish,salt,7);
INSERT INTO recipe_has_ingredient (recipe_name,recipe_cuisine_name,ingredient_name,quantity) VALUES (Cheeseburger,Albanian,ground beef,453);
INSERT INTO recipe_has_ingredient (recipe_name,recipe_cuisine_name,ingredient_name,quantity) VALUES (Cheeseburger,Albanian,cheddar cheese,112);
INSERT INTO recipe_has_ingredient (recipe_name,recipe_cuisine_name,ingredient_name,quantity) VALUES (Cheeseburger,Albanian,hamburger buns,176);
INSERT INTO recipe_has_ingredient (recipe_name,recipe_cuisine_name,ingredient_name,quantity) VALUES (Cheeseburger,Albanian,lettuce,5);
INSERT INTO recipe_has_ingredient (recipe_name,recipe_cuisine_name,ingredient_name,quantity) VALUES (Cheeseburger,Albanian,tomato,123);
INSERT INTO recipe_has_ingredient (recipe_name,recipe_cuisine_name,ingredient_name,quantity) VALUES (Cheeseburger,Albanian,onions,125);
INSERT INTO recipe_has_ingredient (recipe_name,recipe_cuisine_name,ingredient_name,quantity) VALUES (Cheeseburger,Albanian,pickle,0);
INSERT INTO recipe_has_ingredient (recipe_name,recipe_cuisine_name,ingredient_name,quantity) VALUES (Cheeseburger,Albanian,salt,5);
INSERT INTO recipe_has_ingredient (recipe_name,recipe_cuisine_name,ingredient_name,quantity) VALUES (Apple Pie,American,unbleached flour,250);
INSERT INTO recipe_has_ingredient (recipe_name,recipe_cuisine_name,ingredient_name,quantity) VALUES (Apple Pie,American,butter,113);
INSERT INTO recipe_has_ingredient (recipe_name,recipe_cuisine_name,ingredient_name,quantity) VALUES (Apple Pie,American,apple,728);
INSERT INTO recipe_has_ingredient (recipe_name,recipe_cuisine_name,ingredient_name,quantity) VALUES (Apple Pie,American,sugar,150);
INSERT INTO recipe_has_ingredient (recipe_name,recipe_cuisine_name,ingredient_name,quantity) VALUES (Apple Pie,American,cinnamon,2);
INSERT INTO recipe_has_ingredient (recipe_name,recipe_cuisine_name,ingredient_name,quantity) VALUES (Apple Pie,American,water,0);
INSERT INTO recipe_has_ingredient (recipe_name,recipe_cuisine_name,ingredient_name,quantity) VALUES (Apple Pie,American,salt,7);
INSERT INTO recipe_has_ingredient (recipe_name,recipe_cuisine_name,ingredient_name,quantity) VALUES (Fried Chicken,Bulgarian,chicken,715);
INSERT INTO recipe_has_ingredient (recipe_name,recipe_cuisine_name,ingredient_name,quantity) VALUES (Fried Chicken,Bulgarian,flour,250);
INSERT INTO recipe_has_ingredient (recipe_name,recipe_cuisine_name,ingredient_name,quantity) VALUES (Fried Chicken,Bulgarian,egg,43);
INSERT INTO recipe_has_ingredient (recipe_name,recipe_cuisine_name,ingredient_name,quantity) VALUES (Fried Chicken,Bulgarian,paprika,2);
INSERT INTO recipe_has_ingredient (recipe_name,recipe_cuisine_name,ingredient_name,quantity) VALUES (Fried Chicken,Bulgarian,garlic powder,3);
INSERT INTO recipe_has_ingredient (recipe_name,recipe_cuisine_name,ingredient_name,quantity) VALUES (Fried Chicken,Bulgarian,salt,6);
INSERT INTO recipe_has_ingredient (recipe_name,recipe_cuisine_name,ingredient_name,quantity) VALUES (Fried Chicken,Bulgarian,oil,13);
INSERT INTO recipe_has_ingredient (recipe_name,recipe_cuisine_name,ingredient_name,quantity) VALUES (Macaroni and Cheese,Russian,pasta,210);
INSERT INTO recipe_has_ingredient (recipe_name,recipe_cuisine_name,ingredient_name,quantity) VALUES (Macaroni and Cheese,Russian,butter,28);
INSERT INTO recipe_has_ingredient (recipe_name,recipe_cuisine_name,ingredient_name,quantity) VALUES (Macaroni and Cheese,Russian,unbleached flour,15);
INSERT INTO recipe_has_ingredient (recipe_name,recipe_cuisine_name,ingredient_name,quantity) VALUES (Macaroni and Cheese,Russian,whole milk,488);
INSERT INTO recipe_has_ingredient (recipe_name,recipe_cuisine_name,ingredient_name,quantity) VALUES (Macaroni and Cheese,Russian,cheddar cheese,264);
INSERT INTO recipe_has_ingredient (recipe_name,recipe_cuisine_name,ingredient_name,quantity) VALUES (Macaroni and Cheese,Russian,salt,6);
INSERT INTO recipe_has_ingredient (recipe_name,recipe_cuisine_name,ingredient_name,quantity) VALUES (Macaroni and Cheese,Russian,breadcrumbs,54);
INSERT INTO recipe_has_ingredient (recipe_name,recipe_cuisine_name,ingredient_name,quantity) VALUES (Barbecue Ribs,Greek,ribs,2594);
INSERT INTO recipe_has_ingredient (recipe_name,recipe_cuisine_name,ingredient_name,quantity) VALUES (Barbecue Ribs,Greek,paprika,13);
INSERT INTO recipe_has_ingredient (recipe_name,recipe_cuisine_name,ingredient_name,quantity) VALUES (Barbecue Ribs,Greek,garlic powder,9);
INSERT INTO recipe_has_ingredient (recipe_name,recipe_cuisine_name,ingredient_name,quantity) VALUES (Barbecue Ribs,Greek,brown sugar,18);
INSERT INTO recipe_has_ingredient (recipe_name,recipe_cuisine_name,ingredient_name,quantity) VALUES (Barbecue Ribs,Greek,salt,15);
INSERT INTO recipe_has_ingredient (recipe_name,recipe_cuisine_name,ingredient_name,quantity) VALUES (Barbecue Ribs,Greek,barbecue sauce,0);
INSERT INTO recipe_has_ingredient (recipe_name,recipe_cuisine_name,ingredient_name,quantity) VALUES (Pancakes,French,unbleached flour,125);
INSERT INTO recipe_has_ingredient (recipe_name,recipe_cuisine_name,ingredient_name,quantity) VALUES (Pancakes,French,sugar,24);
INSERT INTO recipe_has_ingredient (recipe_name,recipe_cuisine_name,ingredient_name,quantity) VALUES (Pancakes,French,baking powder,9);
INSERT INTO recipe_has_ingredient (recipe_name,recipe_cuisine_name,ingredient_name,quantity) VALUES (Pancakes,French,salt,3);
INSERT INTO recipe_has_ingredient (recipe_name,recipe_cuisine_name,ingredient_name,quantity) VALUES (Pancakes,French,whole milk,244);
INSERT INTO recipe_has_ingredient (recipe_name,recipe_cuisine_name,ingredient_name,quantity) VALUES (Pancakes,French,egg,43);
INSERT INTO recipe_has_ingredient (recipe_name,recipe_cuisine_name,ingredient_name,quantity) VALUES (Pancakes,French,butter,28);
INSERT INTO recipe_has_ingredient (recipe_name,recipe_cuisine_name,ingredient_name,quantity) VALUES (Pancakes,French,maple syrup,83);
INSERT INTO recipe_has_ingredient (recipe_name,recipe_cuisine_name,ingredient_name,quantity) VALUES (Chocolate Chip Cookies,Indian,unbleached flour,281);
INSERT INTO recipe_has_ingredient (recipe_name,recipe_cuisine_name,ingredient_name,quantity) VALUES (Chocolate Chip Cookies,Indian,baking soda,2);
INSERT INTO recipe_has_ingredient (recipe_name,recipe_cuisine_name,ingredient_name,quantity) VALUES (Chocolate Chip Cookies,Indian,butter,227);
INSERT INTO recipe_has_ingredient (recipe_name,recipe_cuisine_name,ingredient_name,quantity) VALUES (Chocolate Chip Cookies,Indian,sugar,100);
INSERT INTO recipe_has_ingredient (recipe_name,recipe_cuisine_name,ingredient_name,quantity) VALUES (Chocolate Chip Cookies,Indian,brown sugar,220);
INSERT INTO recipe_has_ingredient (recipe_name,recipe_cuisine_name,ingredient_name,quantity) VALUES (Chocolate Chip Cookies,Indian,vanilla extract,8);
INSERT INTO recipe_has_ingredient (recipe_name,recipe_cuisine_name,ingredient_name,quantity) VALUES (Chocolate Chip Cookies,Indian,egg,86);
INSERT INTO recipe_has_ingredient (recipe_name,recipe_cuisine_name,ingredient_name,quantity) VALUES (Chocolate Chip Cookies,Indian,chocolate chip,448);
INSERT INTO recipe_has_ingredient (recipe_name,recipe_cuisine_name,ingredient_name,quantity) VALUES (BLT Sandwich,Italian,bacon,232);
INSERT INTO recipe_has_ingredient (recipe_name,recipe_cuisine_name,ingredient_name,quantity) VALUES (BLT Sandwich,Italian,bread,116);
INSERT INTO recipe_has_ingredient (recipe_name,recipe_cuisine_name,ingredient_name,quantity) VALUES (BLT Sandwich,Italian,lettuce,5);
INSERT INTO recipe_has_ingredient (recipe_name,recipe_cuisine_name,ingredient_name,quantity) VALUES (BLT Sandwich,Italian,tomato,123);
INSERT INTO recipe_has_ingredient (recipe_name,recipe_cuisine_name,ingredient_name,quantity) VALUES (BLT Sandwich,Italian,mayonnaise,0);
INSERT INTO recipe_has_ingredient (recipe_name,recipe_cuisine_name,ingredient_name,quantity) VALUES (Clam Chowder,Japanese,bacon,116);
INSERT INTO recipe_has_ingredient (recipe_name,recipe_cuisine_name,ingredient_name,quantity) VALUES (Clam Chowder,Japanese,onions,125);
INSERT INTO recipe_has_ingredient (recipe_name,recipe_cuisine_name,ingredient_name,quantity) VALUES (Clam Chowder,Japanese,celery,80);
INSERT INTO recipe_has_ingredient (recipe_name,recipe_cuisine_name,ingredient_name,quantity) VALUES (Clam Chowder,Japanese,potato,426);
INSERT INTO recipe_has_ingredient (recipe_name,recipe_cuisine_name,ingredient_name,quantity) VALUES (Clam Chowder,Japanese,clams,600);
INSERT INTO recipe_has_ingredient (recipe_name,recipe_cuisine_name,ingredient_name,quantity) VALUES (Clam Chowder,Japanese,water,236);
INSERT INTO recipe_has_ingredient (recipe_name,recipe_cuisine_name,ingredient_name,quantity) VALUES (Clam Chowder,Japanese,cream,238);
INSERT INTO recipe_has_ingredient (recipe_name,recipe_cuisine_name,ingredient_name,quantity) VALUES (Clam Chowder,Japanese,salt,11);
INSERT INTO recipe_has_ingredient (recipe_name,recipe_cuisine_name,ingredient_name,quantity) VALUES (Clam Chowder,Japanese,saltine crackers,15);
INSERT INTO recipe_has_ingredient (recipe_name,recipe_cuisine_name,ingredient_name,quantity) VALUES (Brownies,Chinese,butter,113);
INSERT INTO recipe_has_ingredient (recipe_name,recipe_cuisine_name,ingredient_name,quantity) VALUES (Brownies,Chinese,chocolate,173);
INSERT INTO recipe_has_ingredient (recipe_name,recipe_cuisine_name,ingredient_name,quantity) VALUES (Brownies,Chinese,sugar,200);
INSERT INTO recipe_has_ingredient (recipe_name,recipe_cuisine_name,ingredient_name,quantity) VALUES (Brownies,Chinese,egg,86);
INSERT INTO recipe_has_ingredient (recipe_name,recipe_cuisine_name,ingredient_name,quantity) VALUES (Brownies,Chinese,vanilla extract,4);
INSERT INTO recipe_has_ingredient (recipe_name,recipe_cuisine_name,ingredient_name,quantity) VALUES (Brownies,Chinese,unbleached flour,93);
INSERT INTO recipe_has_ingredient (recipe_name,recipe_cuisine_name,ingredient_name,quantity) VALUES (Brownies,Chinese,unsweetened cocoa powder,21);
INSERT INTO recipe_has_ingredient (recipe_name,recipe_cuisine_name,ingredient_name,quantity) VALUES (Brownies,Chinese,salt,3);
INSERT INTO recipe_has_ingredient (recipe_name,recipe_cuisine_name,ingredient_name,quantity) VALUES (Shopska Salata,Mexican,tomato,369);
INSERT INTO recipe_has_ingredient (recipe_name,recipe_cuisine_name,ingredient_name,quantity) VALUES (Shopska Salata,Mexican,cucumber,301);
INSERT INTO recipe_has_ingredient (recipe_name,recipe_cuisine_name,ingredient_name,quantity) VALUES (Shopska Salata,Mexican,onions,125);
INSERT INTO recipe_has_ingredient (recipe_name,recipe_cuisine_name,ingredient_name,quantity) VALUES (Shopska Salata,Mexican,cheddar cheese,200);
INSERT INTO recipe_has_ingredient (recipe_name,recipe_cuisine_name,ingredient_name,quantity) VALUES (Shopska Salata,Mexican,olive oil,13);
INSERT INTO recipe_has_ingredient (recipe_name,recipe_cuisine_name,ingredient_name,quantity) VALUES (Shopska Salata,Mexican,salt,5);
INSERT INTO recipe_has_ingredient (recipe_name,recipe_cuisine_name,ingredient_name,quantity) VALUES (Shopska Salata,Mexican,parsley,9);
INSERT INTO recipe_has_ingredient (recipe_name,recipe_cuisine_name,ingredient_name,quantity) VALUES (Kavarma,German,pork,500);
INSERT INTO recipe_has_ingredient (recipe_name,recipe_cuisine_name,ingredient_name,quantity) VALUES (Kavarma,German,onions,250);
INSERT INTO recipe_has_ingredient (recipe_name,recipe_cuisine_name,ingredient_name,quantity) VALUES (Kavarma,German,red bell pepper,119);
INSERT INTO recipe_has_ingredient (recipe_name,recipe_cuisine_name,ingredient_name,quantity) VALUES (Kavarma,German,white mushroom,200);
INSERT INTO recipe_has_ingredient (recipe_name,recipe_cuisine_name,ingredient_name,quantity) VALUES (Kavarma,German,paprika,6);
INSERT INTO recipe_has_ingredient (recipe_name,recipe_cuisine_name,ingredient_name,quantity) VALUES (Kavarma,German,white wine,99);
INSERT INTO recipe_has_ingredient (recipe_name,recipe_cuisine_name,ingredient_name,quantity) VALUES (Kavarma,German,tomato paste,32);
INSERT INTO recipe_has_ingredient (recipe_name,recipe_cuisine_name,ingredient_name,quantity) VALUES (Kavarma,German,salt,7);
INSERT INTO recipe_has_ingredient (recipe_name,recipe_cuisine_name,ingredient_name,quantity) VALUES (Kavarma,German,parsley,12);
INSERT INTO recipe_has_ingredient (recipe_name,recipe_cuisine_name,ingredient_name,quantity) VALUES (Banitsa,Korean,phyllo dough,400);
INSERT INTO recipe_has_ingredient (recipe_name,recipe_cuisine_name,ingredient_name,quantity) VALUES (Banitsa,Korean,egg,258);
INSERT INTO recipe_has_ingredient (recipe_name,recipe_cuisine_name,ingredient_name,quantity) VALUES (Banitsa,Korean,cheddar cheese,300);
INSERT INTO recipe_has_ingredient (recipe_name,recipe_cuisine_name,ingredient_name,quantity) VALUES (Banitsa,Korean,yogurt,245);
INSERT INTO recipe_has_ingredient (recipe_name,recipe_cuisine_name,ingredient_name,quantity) VALUES (Banitsa,Korean,butter,100);
INSERT INTO recipe_has_ingredient (recipe_name,recipe_cuisine_name,ingredient_name,quantity) VALUES (Mekitsa,Turkish,flour,500);
INSERT INTO recipe_has_ingredient (recipe_name,recipe_cuisine_name,ingredient_name,quantity) VALUES (Mekitsa,Turkish,yeast,7);
INSERT INTO recipe_has_ingredient (recipe_name,recipe_cuisine_name,ingredient_name,quantity) VALUES (Mekitsa,Turkish,yogurt,245);
INSERT INTO recipe_has_ingredient (recipe_name,recipe_cuisine_name,ingredient_name,quantity) VALUES (Mekitsa,Turkish,water,0);
INSERT INTO recipe_has_ingredient (recipe_name,recipe_cuisine_name,ingredient_name,quantity) VALUES (Mekitsa,Turkish,oil,10);
INSERT INTO recipe_has_ingredient (recipe_name,recipe_cuisine_name,ingredient_name,quantity) VALUES (Mekitsa,Turkish,powdered sugar,3);
INSERT INTO recipe_has_ingredient (recipe_name,recipe_cuisine_name,ingredient_name,quantity) VALUES (Musaka,Albanian,potato,1476);
INSERT INTO recipe_has_ingredient (recipe_name,recipe_cuisine_name,ingredient_name,quantity) VALUES (Musaka,Albanian,beef,500);
INSERT INTO recipe_has_ingredient (recipe_name,recipe_cuisine_name,ingredient_name,quantity) VALUES (Musaka,Albanian,egg,86);
INSERT INTO recipe_has_ingredient (recipe_name,recipe_cuisine_name,ingredient_name,quantity) VALUES (Musaka,Albanian,yogurt,200);
INSERT INTO recipe_has_ingredient (recipe_name,recipe_cuisine_name,ingredient_name,quantity) VALUES (Musaka,Albanian,salt,13);
INSERT INTO recipe_has_ingredient (recipe_name,recipe_cuisine_name,ingredient_name,quantity) VALUES (Tarator,American,yogurt,500);
INSERT INTO recipe_has_ingredient (recipe_name,recipe_cuisine_name,ingredient_name,quantity) VALUES (Tarator,American,cucumber,301);
INSERT INTO recipe_has_ingredient (recipe_name,recipe_cuisine_name,ingredient_name,quantity) VALUES (Tarator,American,garlic,6);
INSERT INTO recipe_has_ingredient (recipe_name,recipe_cuisine_name,ingredient_name,quantity) VALUES (Tarator,American,dill weed,1);
INSERT INTO recipe_has_ingredient (recipe_name,recipe_cuisine_name,ingredient_name,quantity) VALUES (Tarator,American,walnuts,50);
INSERT INTO recipe_has_ingredient (recipe_name,recipe_cuisine_name,ingredient_name,quantity) VALUES (Tarator,American,water,0);
INSERT INTO recipe_has_ingredient (recipe_name,recipe_cuisine_name,ingredient_name,quantity) VALUES (Tarator,American,salt,5);
INSERT INTO recipe_has_ingredient (recipe_name,recipe_cuisine_name,ingredient_name,quantity) VALUES (Tarator,American,olive oil,11);
INSERT INTO recipe_has_ingredient (recipe_name,recipe_cuisine_name,ingredient_name,quantity) VALUES (Kadaif,Bulgarian,dough,500);
INSERT INTO recipe_has_ingredient (recipe_name,recipe_cuisine_name,ingredient_name,quantity) VALUES (Kadaif,Bulgarian,nuts,200);
INSERT INTO recipe_has_ingredient (recipe_name,recipe_cuisine_name,ingredient_name,quantity) VALUES (Kadaif,Bulgarian,butter,100);
INSERT INTO recipe_has_ingredient (recipe_name,recipe_cuisine_name,ingredient_name,quantity) VALUES (Kadaif,Bulgarian,sugar,400);
INSERT INTO recipe_has_ingredient (recipe_name,recipe_cuisine_name,ingredient_name,quantity) VALUES (Kadaif,Bulgarian,water,236);
INSERT INTO recipe_has_ingredient (recipe_name,recipe_cuisine_name,ingredient_name,quantity) VALUES (Kadaif,Bulgarian,lemon,84);
INSERT INTO recipe_has_ingredient (recipe_name,recipe_cuisine_name,ingredient_name,quantity) VALUES (Bulgarian Cheese Toast,Russian,bread,116);
INSERT INTO recipe_has_ingredient (recipe_name,recipe_cuisine_name,ingredient_name,quantity) VALUES (Bulgarian Cheese Toast,Russian,cheddar cheese,200);
INSERT INTO recipe_has_ingredient (recipe_name,recipe_cuisine_name,ingredient_name,quantity) VALUES (Bulgarian Cheese Toast,Russian,egg,86);
INSERT INTO recipe_has_ingredient (recipe_name,recipe_cuisine_name,ingredient_name,quantity) VALUES (Bulgarian Cheese Toast,Russian,butter,5);
INSERT INTO recipe_has_ingredient (recipe_name,recipe_cuisine_name,ingredient_name,quantity) VALUES (Garash Cake,Greek,egg white,158);
INSERT INTO recipe_has_ingredient (recipe_name,recipe_cuisine_name,ingredient_name,quantity) VALUES (Garash Cake,Greek,sugar,150);
INSERT INTO recipe_has_ingredient (recipe_name,recipe_cuisine_name,ingredient_name,quantity) VALUES (Garash Cake,Greek,walnuts,150);
INSERT INTO recipe_has_ingredient (recipe_name,recipe_cuisine_name,ingredient_name,quantity) VALUES (Garash Cake,Greek,flour,50);
INSERT INTO recipe_has_ingredient (recipe_name,recipe_cuisine_name,ingredient_name,quantity) VALUES (Garash Cake,Greek,dark chocolate,200);
INSERT INTO recipe_has_ingredient (recipe_name,recipe_cuisine_name,ingredient_name,quantity) VALUES (Garash Cake,Greek,heavy whipping cream,201);
INSERT INTO recipe_has_ingredient (recipe_name,recipe_cuisine_name,ingredient_name,quantity) VALUES (Sarmi,French,cabbage,952);
INSERT INTO recipe_has_ingredient (recipe_name,recipe_cuisine_name,ingredient_name,quantity) VALUES (Sarmi,French,beef,500);
INSERT INTO recipe_has_ingredient (recipe_name,recipe_cuisine_name,ingredient_name,quantity) VALUES (Sarmi,French,rice,195);
INSERT INTO recipe_has_ingredient (recipe_name,recipe_cuisine_name,ingredient_name,quantity) VALUES (Sarmi,French,onions,125);
INSERT INTO recipe_has_ingredient (recipe_name,recipe_cuisine_name,ingredient_name,quantity) VALUES (Sarmi,French,tomato sauce,490);
INSERT INTO recipe_has_ingredient (recipe_name,recipe_cuisine_name,ingredient_name,quantity) VALUES (Sarmi,French,dried thyme,22);
INSERT INTO recipe_has_ingredient (recipe_name,recipe_cuisine_name,ingredient_name,quantity) VALUES (Sarmi,French,salt,13);
INSERT INTO recipe_has_ingredient (recipe_name,recipe_cuisine_name,ingredient_name,quantity) VALUES (Beef Stroganoff,Indian,sirloin steak,500);
INSERT INTO recipe_has_ingredient (recipe_name,recipe_cuisine_name,ingredient_name,quantity) VALUES (Beef Stroganoff,Indian,onions,125);
INSERT INTO recipe_has_ingredient (recipe_name,recipe_cuisine_name,ingredient_name,quantity) VALUES (Beef Stroganoff,Indian,mustard,31);
INSERT INTO recipe_has_ingredient (recipe_name,recipe_cuisine_name,ingredient_name,quantity) VALUES (Beef Stroganoff,Indian,beef broth,202);
INSERT INTO recipe_has_ingredient (recipe_name,recipe_cuisine_name,ingredient_name,quantity) VALUES (Beef Stroganoff,Indian,sour cream,194);
INSERT INTO recipe_has_ingredient (recipe_name,recipe_cuisine_name,ingredient_name,quantity) VALUES (Beef Stroganoff,Indian,salt,6);
INSERT INTO recipe_has_ingredient (recipe_name,recipe_cuisine_name,ingredient_name,quantity) VALUES (Beef Stroganoff,Indian,vegetable oil,28);
INSERT INTO recipe_has_ingredient (recipe_name,recipe_cuisine_name,ingredient_name,quantity) VALUES (Medovik,Italian,honey,63);
INSERT INTO recipe_has_ingredient (recipe_name,recipe_cuisine_name,ingredient_name,quantity) VALUES (Medovik,Italian,sugar,150);
INSERT INTO recipe_has_ingredient (recipe_name,recipe_cuisine_name,ingredient_name,quantity) VALUES (Medovik,Italian,egg,129);
INSERT INTO recipe_has_ingredient (recipe_name,recipe_cuisine_name,ingredient_name,quantity) VALUES (Medovik,Italian,baking soda,4);
INSERT INTO recipe_has_ingredient (recipe_name,recipe_cuisine_name,ingredient_name,quantity) VALUES (Medovik,Italian,flour,375);
INSERT INTO recipe_has_ingredient (recipe_name,recipe_cuisine_name,ingredient_name,quantity) VALUES (Medovik,Italian,sour cream,486);
INSERT INTO recipe_has_ingredient (recipe_name,recipe_cuisine_name,ingredient_name,quantity) VALUES (Medovik,Italian,vanilla extract,4);
INSERT INTO recipe_has_ingredient (recipe_name,recipe_cuisine_name,ingredient_name,quantity) VALUES (Borscht,Japanese,beets,246);
INSERT INTO recipe_has_ingredient (recipe_name,recipe_cuisine_name,ingredient_name,quantity) VALUES (Borscht,Japanese,onions,150);
INSERT INTO recipe_has_ingredient (recipe_name,recipe_cuisine_name,ingredient_name,quantity) VALUES (Borscht,Japanese,carrots,122);
INSERT INTO recipe_has_ingredient (recipe_name,recipe_cuisine_name,ingredient_name,quantity) VALUES (Borscht,Japanese,cabbage,476);
INSERT INTO recipe_has_ingredient (recipe_name,recipe_cuisine_name,ingredient_name,quantity) VALUES (Borscht,Japanese,potato,738);
INSERT INTO recipe_has_ingredient (recipe_name,recipe_cuisine_name,ingredient_name,quantity) VALUES (Borscht,Japanese,white vinegar,14);
INSERT INTO recipe_has_ingredient (recipe_name,recipe_cuisine_name,ingredient_name,quantity) VALUES (Borscht,Japanese,sugar,4);
INSERT INTO recipe_has_ingredient (recipe_name,recipe_cuisine_name,ingredient_name,quantity) VALUES (Borscht,Japanese,salt,10);
INSERT INTO recipe_has_ingredient (recipe_name,recipe_cuisine_name,ingredient_name,quantity) VALUES (Borscht,Japanese,sour cream,0);
INSERT INTO recipe_has_ingredient (recipe_name,recipe_cuisine_name,ingredient_name,quantity) VALUES (Borscht,Japanese,dill weed,0);
INSERT INTO recipe_has_ingredient (recipe_name,recipe_cuisine_name,ingredient_name,quantity) VALUES (Pelmeni,Chinese,flour,250);
INSERT INTO recipe_has_ingredient (recipe_name,recipe_cuisine_name,ingredient_name,quantity) VALUES (Pelmeni,Chinese,egg,43);
INSERT INTO recipe_has_ingredient (recipe_name,recipe_cuisine_name,ingredient_name,quantity) VALUES (Pelmeni,Chinese,water,118);
INSERT INTO recipe_has_ingredient (recipe_name,recipe_cuisine_name,ingredient_name,quantity) VALUES (Pelmeni,Chinese,salt,6);
INSERT INTO recipe_has_ingredient (recipe_name,recipe_cuisine_name,ingredient_name,quantity) VALUES (Pelmeni,Chinese,pork,300);
INSERT INTO recipe_has_ingredient (recipe_name,recipe_cuisine_name,ingredient_name,quantity) VALUES (Pelmeni,Chinese,beef,300);
INSERT INTO recipe_has_ingredient (recipe_name,recipe_cuisine_name,ingredient_name,quantity) VALUES (Pelmeni,Chinese,onions,125);
INSERT INTO recipe_has_ingredient (recipe_name,recipe_cuisine_name,ingredient_name,quantity) VALUES (Pelmeni,Chinese,black pepper,3);
INSERT INTO recipe_has_ingredient (recipe_name,recipe_cuisine_name,ingredient_name,quantity) VALUES (Syrniki,Mexican,cheddar cheese,250);
INSERT INTO recipe_has_ingredient (recipe_name,recipe_cuisine_name,ingredient_name,quantity) VALUES (Syrniki,Mexican,egg,86);
INSERT INTO recipe_has_ingredient (recipe_name,recipe_cuisine_name,ingredient_name,quantity) VALUES (Syrniki,Mexican,flour,23);
INSERT INTO recipe_has_ingredient (recipe_name,recipe_cuisine_name,ingredient_name,quantity) VALUES (Syrniki,Mexican,sugar,24);
INSERT INTO recipe_has_ingredient (recipe_name,recipe_cuisine_name,ingredient_name,quantity) VALUES (Syrniki,Mexican,vanilla extract,4);
INSERT INTO recipe_has_ingredient (recipe_name,recipe_cuisine_name,ingredient_name,quantity) VALUES (Kasha,German,buckwheat groat,164);
INSERT INTO recipe_has_ingredient (recipe_name,recipe_cuisine_name,ingredient_name,quantity) VALUES (Kasha,German,water,473);
INSERT INTO recipe_has_ingredient (recipe_name,recipe_cuisine_name,ingredient_name,quantity) VALUES (Kasha,German,salt,3);
INSERT INTO recipe_has_ingredient (recipe_name,recipe_cuisine_name,ingredient_name,quantity) VALUES (Kasha,German,whole milk,0);
INSERT INTO recipe_has_ingredient (recipe_name,recipe_cuisine_name,ingredient_name,quantity) VALUES (Pryaniki,Korean,honey,339);
INSERT INTO recipe_has_ingredient (recipe_name,recipe_cuisine_name,ingredient_name,quantity) VALUES (Pryaniki,Korean,sugar,100);
INSERT INTO recipe_has_ingredient (recipe_name,recipe_cuisine_name,ingredient_name,quantity) VALUES (Pryaniki,Korean,egg,86);
INSERT INTO recipe_has_ingredient (recipe_name,recipe_cuisine_name,ingredient_name,quantity) VALUES (Pryaniki,Korean,butter,113);
INSERT INTO recipe_has_ingredient (recipe_name,recipe_cuisine_name,ingredient_name,quantity) VALUES (Pryaniki,Korean,flour,375);
INSERT INTO recipe_has_ingredient (recipe_name,recipe_cuisine_name,ingredient_name,quantity) VALUES (Pryaniki,Korean,ginger,2);
INSERT INTO recipe_has_ingredient (recipe_name,recipe_cuisine_name,ingredient_name,quantity) VALUES (Pryaniki,Korean,cloves,2);
INSERT INTO recipe_has_ingredient (recipe_name,recipe_cuisine_name,ingredient_name,quantity) VALUES (Pryaniki,Korean,powdered sugar,12);
INSERT INTO recipe_has_ingredient (recipe_name,recipe_cuisine_name,ingredient_name,quantity) VALUES (Pryaniki,Korean,lemon juice,0);
INSERT INTO recipe_has_ingredient (recipe_name,recipe_cuisine_name,ingredient_name,quantity) VALUES (Zefir,Turkish,apple,728);
INSERT INTO recipe_has_ingredient (recipe_name,recipe_cuisine_name,ingredient_name,quantity) VALUES (Zefir,Turkish,sugar,200);
INSERT INTO recipe_has_ingredient (recipe_name,recipe_cuisine_name,ingredient_name,quantity) VALUES (Zefir,Turkish,egg white,52);
INSERT INTO recipe_has_ingredient (recipe_name,recipe_cuisine_name,ingredient_name,quantity) VALUES (Olivier Salad,Albanian,potato,426);
INSERT INTO recipe_has_ingredient (recipe_name,recipe_cuisine_name,ingredient_name,quantity) VALUES (Olivier Salad,Albanian,carrots,122);
INSERT INTO recipe_has_ingredient (recipe_name,recipe_cuisine_name,ingredient_name,quantity) VALUES (Olivier Salad,Albanian,egg,172);
INSERT INTO recipe_has_ingredient (recipe_name,recipe_cuisine_name,ingredient_name,quantity) VALUES (Olivier Salad,Albanian,pickle,0);
INSERT INTO recipe_has_ingredient (recipe_name,recipe_cuisine_name,ingredient_name,quantity) VALUES (Olivier Salad,Albanian,green peas,145);
INSERT INTO recipe_has_ingredient (recipe_name,recipe_cuisine_name,ingredient_name,quantity) VALUES (Olivier Salad,Albanian,cooked chicken,280);
INSERT INTO recipe_has_ingredient (recipe_name,recipe_cuisine_name,ingredient_name,quantity) VALUES (Olivier Salad,Albanian,mayonnaise,231);
INSERT INTO recipe_has_ingredient (recipe_name,recipe_cuisine_name,ingredient_name,quantity) VALUES (Olivier Salad,Albanian,salt,8);
INSERT INTO recipe_has_ingredient (recipe_name,recipe_cuisine_name,ingredient_name,quantity) VALUES (Shchi,American,onions,125);
INSERT INTO recipe_has_ingredient (recipe_name,recipe_cuisine_name,ingredient_name,quantity) VALUES (Shchi,American,carrots,122);
INSERT INTO recipe_has_ingredient (recipe_name,recipe_cuisine_name,ingredient_name,quantity) VALUES (Shchi,American,beef,500);
INSERT INTO recipe_has_ingredient (recipe_name,recipe_cuisine_name,ingredient_name,quantity) VALUES (Shchi,American,cabbage,476);
INSERT INTO recipe_has_ingredient (recipe_name,recipe_cuisine_name,ingredient_name,quantity) VALUES (Shchi,American,potato,639);
INSERT INTO recipe_has_ingredient (recipe_name,recipe_cuisine_name,ingredient_name,quantity) VALUES (Shchi,American,salt,11);
INSERT INTO recipe_has_ingredient (recipe_name,recipe_cuisine_name,ingredient_name,quantity) VALUES (Shchi,American,bay leaf,5);
INSERT INTO recipe_has_ingredient (recipe_name,recipe_cuisine_name,ingredient_name,quantity) VALUES (Shchi,American,dill weed,0);
INSERT INTO recipe_has_ingredient (recipe_name,recipe_cuisine_name,ingredient_name,quantity) VALUES (Shchi,American,sour cream,0);
INSERT INTO theme (name,description,image_id) VALUES (Taco Fiesta,A vibrant and festive theme featuring a taco bar,3001);
INSERT INTO theme (name,description,image_id) VALUES (Mediterranean Delight,A theme inspired by the flavors of the Mediterranean,3002);
INSERT INTO theme (name,description,image_id) VALUES (Italian Trattoria,Classic Italian fare with a cozy trattoria ambiance,3003);
INSERT INTO theme (name,description,image_id) VALUES (BBQ Bash,A hearty barbecue feast with grilled meats,3004);
INSERT INTO theme (name,description,image_id) VALUES (Asian Fusion,A mix of popular dishes from different Asian cuisines,3005);
INSERT INTO theme (name,description,image_id) VALUES (Farm-to-Table,A theme centered around fresh locally-sourced ingredients,3006);
INSERT INTO theme (name,description,image_id) VALUES (Seafood Extravaganza,A feast for seafood lovers,3007);
INSERT INTO theme (name,description,image_id) VALUES (French Bistro,Elegant and classic French dishes,3008);
INSERT INTO theme (name,description,image_id) VALUES (Southern Comfort,Comfort food from the American South,3009);
INSERT INTO theme (name,description,image_id) VALUES (Street Food Festival,An array of street food from around the world,3010);
INSERT INTO recipe_has_theme (recipe_name,recipe_cuisine_name,theme_name) VALUES (Tavë Kosi,Greek,Seafood Extravaganza);
INSERT INTO recipe_has_theme (recipe_name,recipe_cuisine_name,theme_name) VALUES (Bakllasarem,French,Southern Comfort);
INSERT INTO recipe_has_theme (recipe_name,recipe_cuisine_name,theme_name) VALUES (Fërgesë,Indian,Southern Comfort);
INSERT INTO recipe_has_theme (recipe_name,recipe_cuisine_name,theme_name) VALUES (Speca të mbushur,Italian,French Bistro);
INSERT INTO recipe_has_theme (recipe_name,recipe_cuisine_name,theme_name) VALUES (Byrek me Spinaq,Japanese,Farm-to-Table);
INSERT INTO recipe_has_theme (recipe_name,recipe_cuisine_name,theme_name) VALUES (Jani me fasule,Chinese,Taco Fiesta);
INSERT INTO recipe_has_theme (recipe_name,recipe_cuisine_name,theme_name) VALUES (Shëndetli,Mexican,Street Food Festival);
INSERT INTO recipe_has_theme (recipe_name,recipe_cuisine_name,theme_name) VALUES (Qifqi,German,Seafood Extravaganza);
INSERT INTO recipe_has_theme (recipe_name,recipe_cuisine_name,theme_name) VALUES (Përime në zgare,Korean,Italian Trattoria);
INSERT INTO recipe_has_theme (recipe_name,recipe_cuisine_name,theme_name) VALUES (Mish me midhje,Turkish,Asian Fusion);
INSERT INTO recipe_has_theme (recipe_name,recipe_cuisine_name,theme_name) VALUES (Cheeseburger,Albanian,Seafood Extravaganza);
INSERT INTO recipe_has_theme (recipe_name,recipe_cuisine_name,theme_name) VALUES (Apple Pie,American,Taco Fiesta);
INSERT INTO recipe_has_theme (recipe_name,recipe_cuisine_name,theme_name) VALUES (Fried Chicken,Bulgarian,Street Food Festival);
INSERT INTO recipe_has_theme (recipe_name,recipe_cuisine_name,theme_name) VALUES (Macaroni and Cheese,Russian,Taco Fiesta);
INSERT INTO recipe_has_theme (recipe_name,recipe_cuisine_name,theme_name) VALUES (Barbecue Ribs,Greek,French Bistro);
INSERT INTO recipe_has_theme (recipe_name,recipe_cuisine_name,theme_name) VALUES (Pancakes,French,Italian Trattoria);
INSERT INTO recipe_has_theme (recipe_name,recipe_cuisine_name,theme_name) VALUES (Chocolate Chip Cookies,Indian,Taco Fiesta);
INSERT INTO recipe_has_theme (recipe_name,recipe_cuisine_name,theme_name) VALUES (BLT Sandwich,Italian,Asian Fusion);
INSERT INTO recipe_has_theme (recipe_name,recipe_cuisine_name,theme_name) VALUES (Clam Chowder,Japanese,BBQ Bash);
INSERT INTO recipe_has_theme (recipe_name,recipe_cuisine_name,theme_name) VALUES (Brownies,Chinese,Farm-to-Table);
INSERT INTO recipe_has_theme (recipe_name,recipe_cuisine_name,theme_name) VALUES (Shopska Salata,Mexican,French Bistro);
INSERT INTO recipe_has_theme (recipe_name,recipe_cuisine_name,theme_name) VALUES (Kavarma,German,Asian Fusion);
INSERT INTO recipe_has_theme (recipe_name,recipe_cuisine_name,theme_name) VALUES (Banitsa,Korean,Southern Comfort);
INSERT INTO recipe_has_theme (recipe_name,recipe_cuisine_name,theme_name) VALUES (Mekitsa,Turkish,Mediterranean Delight);
INSERT INTO recipe_has_theme (recipe_name,recipe_cuisine_name,theme_name) VALUES (Musaka,Albanian,BBQ Bash);
INSERT INTO recipe_has_theme (recipe_name,recipe_cuisine_name,theme_name) VALUES (Tarator,American,BBQ Bash);
INSERT INTO recipe_has_theme (recipe_name,recipe_cuisine_name,theme_name) VALUES (Kadaif,Bulgarian,Mediterranean Delight);
INSERT INTO recipe_has_theme (recipe_name,recipe_cuisine_name,theme_name) VALUES (Bulgarian Cheese Toast,Russian,Taco Fiesta);
INSERT INTO recipe_has_theme (recipe_name,recipe_cuisine_name,theme_name) VALUES (Garash Cake,Greek,Italian Trattoria);
INSERT INTO recipe_has_theme (recipe_name,recipe_cuisine_name,theme_name) VALUES (Sarmi,French,BBQ Bash);
INSERT INTO recipe_has_theme (recipe_name,recipe_cuisine_name,theme_name) VALUES (Beef Stroganoff,Indian,BBQ Bash);
INSERT INTO recipe_has_theme (recipe_name,recipe_cuisine_name,theme_name) VALUES (Medovik,Italian,BBQ Bash);
INSERT INTO recipe_has_theme (recipe_name,recipe_cuisine_name,theme_name) VALUES (Borscht,Japanese,Street Food Festival);
INSERT INTO recipe_has_theme (recipe_name,recipe_cuisine_name,theme_name) VALUES (Pelmeni,Chinese,Farm-to-Table);
INSERT INTO recipe_has_theme (recipe_name,recipe_cuisine_name,theme_name) VALUES (Syrniki,Mexican,Seafood Extravaganza);
INSERT INTO recipe_has_theme (recipe_name,recipe_cuisine_name,theme_name) VALUES (Kasha,German,Asian Fusion);
INSERT INTO recipe_has_theme (recipe_name,recipe_cuisine_name,theme_name) VALUES (Pryaniki,Korean,Seafood Extravaganza);
INSERT INTO recipe_has_theme (recipe_name,recipe_cuisine_name,theme_name) VALUES (Zefir,Turkish,Southern Comfort);
INSERT INTO recipe_has_theme (recipe_name,recipe_cuisine_name,theme_name) VALUES (Olivier Salad,Albanian,Street Food Festival);
INSERT INTO recipe_has_theme (recipe_name,recipe_cuisine_name,theme_name) VALUES (Shchi,American,Farm-to-Table);
INSERT INTO step (number,description,recipe_name,recipe_cuisine_name) VALUES (1,Brown lamb pieces in a skillet with a little oil.,Tavë Kosi,Greek);
INSERT INTO step (number,description,recipe_name,recipe_cuisine_name) VALUES (2,Place lamb in a baking dish and cover with rice and water.,Tavë Kosi,Greek);
INSERT INTO step (number,description,recipe_name,recipe_cuisine_name) VALUES (3,Bake in the oven at 375°F for 30 minutes.,Tavë Kosi,Greek);
INSERT INTO step (number,description,recipe_name,recipe_cuisine_name) VALUES (4,Whisk together yogurt, eggs, and flour; pour over the lamb and rice.,Tavë Kosi,Greek);
INSERT INTO step (number,description,recipe_name,recipe_cuisine_name) VALUES (5,Return to oven and bake until the topping is golden and set.,Tavë Kosi,Greek);
INSERT INTO step (number,description,recipe_name,recipe_cuisine_name) VALUES (6,Serve hot.,Tavë Kosi,Greek);
INSERT INTO step (number,description,recipe_name,recipe_cuisine_name) VALUES (1,Prepare phyllo dough and layer half in a greased baking dish.,Bakllasarem,French);
INSERT INTO step (number,description,recipe_name,recipe_cuisine_name) VALUES (2,Mix chopped walnuts, sugar, and cinnamon; spread over the phyllo.,Bakllasarem,French);
INSERT INTO step (number,description,recipe_name,recipe_cuisine_name) VALUES (3,Top with the remaining phyllo, brushing each layer with melted butter.,Bakllasarem,French);
INSERT INTO step (number,description,recipe_name,recipe_cuisine_name) VALUES (4,Cut into diamonds and bake at 350°F until golden and crisp.,Bakllasarem,French);
INSERT INTO step (number,description,recipe_name,recipe_cuisine_name) VALUES (5,Pour syrup made from sugar, water, and lemon juice over the hot pastry.,Bakllasarem,French);
INSERT INTO step (number,description,recipe_name,recipe_cuisine_name) VALUES (6,Allow to cool before serving.,Bakllasarem,French);
INSERT INTO step (number,description,recipe_name,recipe_cuisine_name) VALUES (1,Sauté chopped onions and bell peppers in olive oil until soft.,Fërgesë,Indian);
INSERT INTO step (number,description,recipe_name,recipe_cuisine_name) VALUES (2,Add chopped tomatoes and simmer until the mixture thickens.,Fërgesë,Indian);
INSERT INTO step (number,description,recipe_name,recipe_cuisine_name) VALUES (3,Stir in crumbled cottage cheese and season with salt and pepper.,Fërgesë,Indian);
INSERT INTO step (number,description,recipe_name,recipe_cuisine_name) VALUES (4,Cook until everything is heated through.,Fërgesë,Indian);
INSERT INTO step (number,description,recipe_name,recipe_cuisine_name) VALUES (5,Serve warm with crusty bread.,Fërgesë,Indian);
INSERT INTO step (number,description,recipe_name,recipe_cuisine_name) VALUES (1,Prepare rice according to package instructions.,Speca të mbushur,Italian);
INSERT INTO step (number,description,recipe_name,recipe_cuisine_name) VALUES (2,Mix cooked rice with chopped herbs, garlic, and precooked shrimp.,Speca të mbushur,Italian);
INSERT INTO step (number,description,recipe_name,recipe_cuisine_name) VALUES (3,Cut tops off bell peppers and remove seeds.,Speca të mbushur,Italian);
INSERT INTO step (number,description,recipe_name,recipe_cuisine_name) VALUES (4,Stuff peppers with rice mixture, place in a baking dish.,Speca të mbushur,Italian);
INSERT INTO step (number,description,recipe_name,recipe_cuisine_name) VALUES (5,Bake at 375°F until peppers are soft and filling is hot.,Speca të mbushur,Italian);
INSERT INTO step (number,description,recipe_name,recipe_cuisine_name) VALUES (6,Serve with lemon wedges.,Speca të mbushur,Italian);
INSERT INTO step (number,description,recipe_name,recipe_cuisine_name) VALUES (1,Preheat oven to 350°F.,Byrek me Spinaq,Japanese);
INSERT INTO step (number,description,recipe_name,recipe_cuisine_name) VALUES (2,Sauté spinach until wilted, then mix with crumbled feta cheese and eggs.,Byrek me Spinaq,Japanese);
INSERT INTO step (number,description,recipe_name,recipe_cuisine_name) VALUES (3,Layer phyllo sheets in a greased baking pan, brushing each with oil.,Byrek me Spinaq,Japanese);
INSERT INTO step (number,description,recipe_name,recipe_cuisine_name) VALUES (4,Spread spinach mixture over phyllo, then cover with more phyllo sheets.,Byrek me Spinaq,Japanese);
INSERT INTO step (number,description,recipe_name,recipe_cuisine_name) VALUES (5,Bake until golden brown.,Byrek me Spinaq,Japanese);
INSERT INTO step (number,description,recipe_name,recipe_cuisine_name) VALUES (6,Cut into squares and serve.,Byrek me Spinaq,Japanese);
INSERT INTO step (number,description,recipe_name,recipe_cuisine_name) VALUES (1,Soak beans overnight, then drain and rinse.,Jani me fasule,Chinese);
INSERT INTO step (number,description,recipe_name,recipe_cuisine_name) VALUES (2,Sauté onions and garlic in a pot until translucent.,Jani me fasule,Chinese);
INSERT INTO step (number,description,recipe_name,recipe_cuisine_name) VALUES (3,Add beans, water, and chopped tomatoes. Bring to a boil, then reduce to a simmer.,Jani me fasule,Chinese);
INSERT INTO step (number,description,recipe_name,recipe_cuisine_name) VALUES (4,Cook covered on low heat for 2 hours until beans are tender.,Jani me fasule,Chinese);
INSERT INTO step (number,description,recipe_name,recipe_cuisine_name) VALUES (5,Season with salt, pepper, and a pinch of chili powder.,Jani me fasule,Chinese);
INSERT INTO step (number,description,recipe_name,recipe_cuisine_name) VALUES (6,Serve hot with bread.,Jani me fasule,Chinese);
INSERT INTO step (number,description,recipe_name,recipe_cuisine_name) VALUES (1,Preheat oven to 350°F.,Shëndetli,Mexican);
INSERT INTO step (number,description,recipe_name,recipe_cuisine_name) VALUES (2,Prepare cake batter with eggs, sugar, and ground walnuts.,Shëndetli,Mexican);
INSERT INTO step (number,description,recipe_name,recipe_cuisine_name) VALUES (3,Pour into a greased pan and bake until a toothpick comes out clean.,Shëndetli,Mexican);
INSERT INTO step (number,description,recipe_name,recipe_cuisine_name) VALUES (4,Simultaneously, prepare syrup with sugar, water, and lemon juice.,Shëndetli,Mexican);
INSERT INTO step (number,description,recipe_name,recipe_cuisine_name) VALUES (5,Pour hot syrup over the hot cake after removing from oven.,Shëndetli,Mexican);
INSERT INTO step (number,description,recipe_name,recipe_cuisine_name) VALUES (6,Let absorb and cool before serving.,Shëndetli,Mexican);
INSERT INTO step (number,description,recipe_name,recipe_cuisine_name) VALUES (1,Cook rice until tender, then mix with beaten eggs, chopped mint, and salt.,Qifqi,German);
INSERT INTO step (number,description,recipe_name,recipe_cuisine_name) VALUES (2,Heat oil in a deep skillet.,Qifqi,German);
INSERT INTO step (number,description,recipe_name,recipe_cuisine_name) VALUES (3,Form rice mixture into small balls and fry until golden and crispy.,Qifqi,German);
INSERT INTO step (number,description,recipe_name,recipe_cuisine_name) VALUES (4,Drain on paper towels and serve hot.,Qifqi,German);
INSERT INTO step (number,description,recipe_name,recipe_cuisine_name) VALUES (1,Slice zucchini, bell peppers, eggplants, and tomatoes into even pieces.,Përime në zgare,Korean);
INSERT INTO step (number,description,recipe_name,recipe_cuisine_name) VALUES (2,Marinate with olive oil, garlic, and herbs.,Përime në zgare,Korean);
INSERT INTO step (number,description,recipe_name,recipe_cuisine_name) VALUES (3,Grill on high heat until vegetables are tender and have grill marks.,Përime në zgare,Korean);
INSERT INTO step (number,description,recipe_name,recipe_cuisine_name) VALUES (4,Serve hot or at room temperature, garnished with fresh basil.,Përime në zgare,Korean);
INSERT INTO step (number,description,recipe_name,recipe_cuisine_name) VALUES (1,Clean mussels and discard any that are open and do not close when tapped.,Mish me midhje,Turkish);
INSERT INTO step (number,description,recipe_name,recipe_cuisine_name) VALUES (2,Heat olive oil in a large skillet, add minced garlic, and sauté until fragrant.,Mish me midhje,Turkish);
INSERT INTO step (number,description,recipe_name,recipe_cuisine_name) VALUES (3,Add mussels and cover with white wine, simmer until mussels open.,Mish me midhje,Turkish);
INSERT INTO step (number,description,recipe_name,recipe_cuisine_name) VALUES (4,Sprinkle with chopped parsley and serve hot.,Mish me midhje,Turkish);
INSERT INTO step (number,description,recipe_name,recipe_cuisine_name) VALUES (5,Serve with pasta or fresh bread.,Mish me midhje,Turkish);
INSERT INTO step (number,description,recipe_name,recipe_cuisine_name) VALUES (1,Form ground beef into patties and season with salt and pepper.,Cheeseburger,Albanian);
INSERT INTO step (number,description,recipe_name,recipe_cuisine_name) VALUES (2,Grill patties on medium-high heat until desired doneness.,Cheeseburger,Albanian);
INSERT INTO step (number,description,recipe_name,recipe_cuisine_name) VALUES (3,Place a slice of cheese on each patty in the last minute of cooking to melt.,Cheeseburger,Albanian);
INSERT INTO step (number,description,recipe_name,recipe_cuisine_name) VALUES (4,Toast hamburger buns on the grill.,Cheeseburger,Albanian);
INSERT INTO step (number,description,recipe_name,recipe_cuisine_name) VALUES (5,Assemble the burgers by placing lettuce, tomato, patty with cheese, onions, and pickles on the bun.,Cheeseburger,Albanian);
INSERT INTO step (number,description,recipe_name,recipe_cuisine_name) VALUES (6,Serve with ketchup, mustard, or mayonnaise.,Cheeseburger,Albanian);
INSERT INTO step (number,description,recipe_name,recipe_cuisine_name) VALUES (1,Prepare the pie crust and line a pie dish with one layer of crust.,Apple Pie,American);
INSERT INTO step (number,description,recipe_name,recipe_cuisine_name) VALUES (2,Mix sliced apples with sugar, cinnamon, and flour.,Apple Pie,American);
INSERT INTO step (number,description,recipe_name,recipe_cuisine_name) VALUES (3,Fill the pie crust with the apple mixture.,Apple Pie,American);
INSERT INTO step (number,description,recipe_name,recipe_cuisine_name) VALUES (4,Cover with the second layer of crust, seal edges, and cut small slits in the top.,Apple Pie,American);
INSERT INTO step (number,description,recipe_name,recipe_cuisine_name) VALUES (5,Bake at 375°F until the crust is golden and the filling is bubbly.,Apple Pie,American);
INSERT INTO step (number,description,recipe_name,recipe_cuisine_name) VALUES (6,Serve warm with vanilla ice cream.,Apple Pie,American);
INSERT INTO step (number,description,recipe_name,recipe_cuisine_name) VALUES (1,Combine flour, salt, pepper, paprika, and garlic powder in a bowl.,Fried Chicken,Bulgarian);
INSERT INTO step (number,description,recipe_name,recipe_cuisine_name) VALUES (2,Dip chicken pieces in beaten eggs, then dredge in flour mixture.,Fried Chicken,Bulgarian);
INSERT INTO step (number,description,recipe_name,recipe_cuisine_name) VALUES (3,Heat oil in a deep fryer or large skillet to 350°F.,Fried Chicken,Bulgarian);
INSERT INTO step (number,description,recipe_name,recipe_cuisine_name) VALUES (4,Fry chicken until crispy and cooked through, about 10 minutes per side.,Fried Chicken,Bulgarian);
INSERT INTO step (number,description,recipe_name,recipe_cuisine_name) VALUES (5,Drain on paper towels and serve.,Fried Chicken,Bulgarian);
INSERT INTO step (number,description,recipe_name,recipe_cuisine_name) VALUES (1,Cook macaroni according to package instructions; drain.,Macaroni and Cheese,Russian);
INSERT INTO step (number,description,recipe_name,recipe_cuisine_name) VALUES (2,In a saucepan, melt butter and stir in flour to make a roux.,Macaroni and Cheese,Russian);
INSERT INTO step (number,description,recipe_name,recipe_cuisine_name) VALUES (3,Gradually add milk to the roux, stirring constantly until thickened.,Macaroni and Cheese,Russian);
INSERT INTO step (number,description,recipe_name,recipe_cuisine_name) VALUES (4,Remove from heat and mix in grated cheese until melted.,Macaroni and Cheese,Russian);
INSERT INTO step (number,description,recipe_name,recipe_cuisine_name) VALUES (5,Combine cheese sauce with macaroni, transfer to a baking dish, and bake at 375°F for 20 minutes.,Macaroni and Cheese,Russian);
INSERT INTO step (number,description,recipe_name,recipe_cuisine_name) VALUES (6,Optionally, top with breadcrumbs and bake until golden.,Macaroni and Cheese,Russian);
INSERT INTO step (number,description,recipe_name,recipe_cuisine_name) VALUES (1,Rub ribs with a mixture of paprika, garlic powder, salt, and sugar.,Barbecue Ribs,Greek);
INSERT INTO step (number,description,recipe_name,recipe_cuisine_name) VALUES (2,Wrap ribs in foil and bake at 275°F for 3 hours until tender.,Barbecue Ribs,Greek);
INSERT INTO step (number,description,recipe_name,recipe_cuisine_name) VALUES (3,Remove ribs from foil, brush with barbecue sauce, and grill for 10 minutes on each side.,Barbecue Ribs,Greek);
INSERT INTO step (number,description,recipe_name,recipe_cuisine_name) VALUES (4,Serve with extra barbecue sauce.,Barbecue Ribs,Greek);
INSERT INTO step (number,description,recipe_name,recipe_cuisine_name) VALUES (1,Mix flour, sugar, baking powder, and salt in a bowl.,Pancakes,French);
INSERT INTO step (number,description,recipe_name,recipe_cuisine_name) VALUES (2,In another bowl, whisk together milk, egg, and melted butter.,Pancakes,French);
INSERT INTO step (number,description,recipe_name,recipe_cuisine_name) VALUES (3,Combine the wet and dry ingredients until just mixed; some lumps are okay.,Pancakes,French);
INSERT INTO step (number,description,recipe_name,recipe_cuisine_name) VALUES (4,Heat a griddle or skillet over medium heat and pour batter to form pancakes.,Pancakes,French);
INSERT INTO step (number,description,recipe_name,recipe_cuisine_name) VALUES (5,Cook until bubbles form on the surface, then flip and cook until golden.,Pancakes,French);
INSERT INTO step (number,description,recipe_name,recipe_cuisine_name) VALUES (6,Serve with butter and maple syrup.,Pancakes,French);
INSERT INTO step (number,description,recipe_name,recipe_cuisine_name) VALUES (1,Cream together butter and sugars until fluffy.,Chocolate Chip Cookies,Indian);
INSERT INTO step (number,description,recipe_name,recipe_cuisine_name) VALUES (2,Beat in eggs and vanilla extract.,Chocolate Chip Cookies,Indian);
INSERT INTO step (number,description,recipe_name,recipe_cuisine_name) VALUES (3,Mix in flour, baking soda, and salt.,Chocolate Chip Cookies,Indian);
INSERT INTO step (number,description,recipe_name,recipe_cuisine_name) VALUES (4,Stir in chocolate chips.,Chocolate Chip Cookies,Indian);
INSERT INTO step (number,description,recipe_name,recipe_cuisine_name) VALUES (5,Drop spoonfuls of dough onto a baking sheet and bake at 350°F for 10 minutes or until golden.,Chocolate Chip Cookies,Indian);
INSERT INTO step (number,description,recipe_name,recipe_cuisine_name) VALUES (6,Cool on a wire rack before serving.,Chocolate Chip Cookies,Indian);
INSERT INTO step (number,description,recipe_name,recipe_cuisine_name) VALUES (1,Cook bacon until crispy.,BLT Sandwich,Italian);
INSERT INTO step (number,description,recipe_name,recipe_cuisine_name) VALUES (2,Toast slices of bread.,BLT Sandwich,Italian);
INSERT INTO step (number,description,recipe_name,recipe_cuisine_name) VALUES (3,Spread mayonnaise on one side of each slice of bread.,BLT Sandwich,Italian);
INSERT INTO step (number,description,recipe_name,recipe_cuisine_name) VALUES (4,Layer crispy bacon, sliced tomatoes, and lettuce leaves on one slice, then top with another slice of bread.,BLT Sandwich,Italian);
INSERT INTO step (number,description,recipe_name,recipe_cuisine_name) VALUES (5,Cut in half and serve.,BLT Sandwich,Italian);
INSERT INTO step (number,description,recipe_name,recipe_cuisine_name) VALUES (1,Cook chopped bacon until crisp; set aside.,Clam Chowder,Japanese);
INSERT INTO step (number,description,recipe_name,recipe_cuisine_name) VALUES (2,In the same pot, sauté onions and celery until soft.,Clam Chowder,Japanese);
INSERT INTO step (number,description,recipe_name,recipe_cuisine_name) VALUES (3,Add potatoes, clams with juice, water, and seasonings; simmer until potatoes are tender.,Clam Chowder,Japanese);
INSERT INTO step (number,description,recipe_name,recipe_cuisine_name) VALUES (4,Stir in cream and heat through without boiling.,Clam Chowder,Japanese);
INSERT INTO step (number,description,recipe_name,recipe_cuisine_name) VALUES (5,Serve garnished with crispy bacon and oyster crackers.,Clam Chowder,Japanese);
INSERT INTO step (number,description,recipe_name,recipe_cuisine_name) VALUES (1,Melt butter and chocolate together.,Brownies,Chinese);
INSERT INTO step (number,description,recipe_name,recipe_cuisine_name) VALUES (2,Stir in sugar, eggs, and vanilla extract.,Brownies,Chinese);
INSERT INTO step (number,description,recipe_name,recipe_cuisine_name) VALUES (3,Mix in flour, cocoa powder, and salt.,Brownies,Chinese);
INSERT INTO step (number,description,recipe_name,recipe_cuisine_name) VALUES (4,Fold in additional chocolate chunks.,Brownies,Chinese);
INSERT INTO step (number,description,recipe_name,recipe_cuisine_name) VALUES (5,Pour batter into a greased baking pan and bake at 350°F for 25 minutes.,Brownies,Chinese);
INSERT INTO step (number,description,recipe_name,recipe_cuisine_name) VALUES (6,Cool in pan before cutting into squares and serving.,Brownies,Chinese);
INSERT INTO step (number,description,recipe_name,recipe_cuisine_name) VALUES (1,Chop tomatoes, cucumbers, and onions into bite-sized pieces.,Shopska Salata,Mexican);
INSERT INTO step (number,description,recipe_name,recipe_cuisine_name) VALUES (2,Combine in a bowl and season with salt and olive oil.,Shopska Salata,Mexican);
INSERT INTO step (number,description,recipe_name,recipe_cuisine_name) VALUES (3,Top with grated sirene cheese and a sprinkle of parsley before serving.,Shopska Salata,Mexican);
INSERT INTO step (number,description,recipe_name,recipe_cuisine_name) VALUES (1,Brown the meat in a pot with some oil.,Kavarma,German);
INSERT INTO step (number,description,recipe_name,recipe_cuisine_name) VALUES (2,Add chopped onions, peppers, and mushrooms to the pot and sauté until soft.,Kavarma,German);
INSERT INTO step (number,description,recipe_name,recipe_cuisine_name) VALUES (3,Stir in paprika, a splash of white wine, and tomato paste. Cover and simmer for an hour.,Kavarma,German);
INSERT INTO step (number,description,recipe_name,recipe_cuisine_name) VALUES (4,Season with salt, pepper, and fresh herbs before serving.,Kavarma,German);
INSERT INTO step (number,description,recipe_name,recipe_cuisine_name) VALUES (1,Mix beaten eggs with crumbled sirene cheese and yogurt.,Banitsa,Korean);
INSERT INTO step (number,description,recipe_name,recipe_cuisine_name) VALUES (2,Layer sheets of phyllo dough in a greased baking dish, brushing each with melted butter.,Banitsa,Korean);
INSERT INTO step (number,description,recipe_name,recipe_cuisine_name) VALUES (3,Spread the egg and cheese mixture between layers of phyllo.,Banitsa,Korean);
INSERT INTO step (number,description,recipe_name,recipe_cuisine_name) VALUES (4,Bake at 375°F until golden brown and puffed.,Banitsa,Korean);
INSERT INTO step (number,description,recipe_name,recipe_cuisine_name) VALUES (5,Cut into squares and serve hot.,Banitsa,Korean);
INSERT INTO step (number,description,recipe_name,recipe_cuisine_name) VALUES (1,Mix flour, yeast, and yogurt to form a soft dough. Let it rise until doubled.,Mekitsa,Turkish);
INSERT INTO step (number,description,recipe_name,recipe_cuisine_name) VALUES (2,Heat oil in a deep fryer.,Mekitsa,Turkish);
INSERT INTO step (number,description,recipe_name,recipe_cuisine_name) VALUES (3,Roll out small pieces of dough and fry until golden brown on both sides.,Mekitsa,Turkish);
INSERT INTO step (number,description,recipe_name,recipe_cuisine_name) VALUES (4,Drain on paper towels and sprinkle with powdered sugar, or serve with honey or jam.,Mekitsa,Turkish);
INSERT INTO step (number,description,recipe_name,recipe_cuisine_name) VALUES (1,Layer thinly sliced potatoes and seasoned minced meat in a baking dish.,Musaka,Albanian);
INSERT INTO step (number,description,recipe_name,recipe_cuisine_name) VALUES (2,Mix eggs with yogurt and pour over the layers.,Musaka,Albanian);
INSERT INTO step (number,description,recipe_name,recipe_cuisine_name) VALUES (3,Bake at 350°F until the top is golden and the potatoes are tender.,Musaka,Albanian);
INSERT INTO step (number,description,recipe_name,recipe_cuisine_name) VALUES (4,Allow to set before serving.,Musaka,Albanian);
INSERT INTO step (number,description,recipe_name,recipe_cuisine_name) VALUES (1,Combine yogurt with water to a soup-like consistency.,Tarator,American);
INSERT INTO step (number,description,recipe_name,recipe_cuisine_name) VALUES (2,Add finely chopped cucumbers, crushed garlic, chopped dill, and crushed walnuts.,Tarator,American);
INSERT INTO step (number,description,recipe_name,recipe_cuisine_name) VALUES (3,Season with salt and olive oil.,Tarator,American);
INSERT INTO step (number,description,recipe_name,recipe_cuisine_name) VALUES (4,Chill in the fridge for at least an hour before serving.,Tarator,American);
INSERT INTO step (number,description,recipe_name,recipe_cuisine_name) VALUES (1,Layer kadaif dough in a tray, interspersing with mixed nuts.,Kadaif,Bulgarian);
INSERT INTO step (number,description,recipe_name,recipe_cuisine_name) VALUES (2,Bake until golden brown.,Kadaif,Bulgarian);
INSERT INTO step (number,description,recipe_name,recipe_cuisine_name) VALUES (3,Pour a hot syrup made of sugar, water, and lemon juice over the baked kadaif.,Kadaif,Bulgarian);
INSERT INTO step (number,description,recipe_name,recipe_cuisine_name) VALUES (4,Let it cool and absorb the syrup before serving.,Kadaif,Bulgarian);
INSERT INTO step (number,description,recipe_name,recipe_cuisine_name) VALUES (1,Toast bread slices lightly.,Bulgarian Cheese Toast,Russian);
INSERT INTO step (number,description,recipe_name,recipe_cuisine_name) VALUES (2,Spread a thick layer of grated Bulgarian cheese on each slice.,Bulgarian Cheese Toast,Russian);
INSERT INTO step (number,description,recipe_name,recipe_cuisine_name) VALUES (3,Broil in the oven until the cheese is bubbly and golden.,Bulgarian Cheese Toast,Russian);
INSERT INTO step (number,description,recipe_name,recipe_cuisine_name) VALUES (4,Optionally top with a fried egg and serve immediately.,Bulgarian Cheese Toast,Russian);
INSERT INTO step (number,description,recipe_name,recipe_cuisine_name) VALUES (1,Prepare walnut sponge layers by beating egg whites with sugar and folding in ground walnuts and flour.,Garash Cake,Greek);
INSERT INTO step (number,description,recipe_name,recipe_cuisine_name) VALUES (2,Bake each layer separately until set.,Garash Cake,Greek);
INSERT INTO step (number,description,recipe_name,recipe_cuisine_name) VALUES (3,Prepare chocolate ganache with heavy cream and dark chocolate.,Garash Cake,Greek);
INSERT INTO step (number,description,recipe_name,recipe_cuisine_name) VALUES (4,Assemble the cake by layering sponge and ganache, finishing with a ganache topping.,Garash Cake,Greek);
INSERT INTO step (number,description,recipe_name,recipe_cuisine_name) VALUES (5,Chill in the fridge to set before serving.,Garash Cake,Greek);
INSERT INTO step (number,description,recipe_name,recipe_cuisine_name) VALUES (1,Prepare cabbage leaves by boiling until tender.,Sarmi,French);
INSERT INTO step (number,description,recipe_name,recipe_cuisine_name) VALUES (2,Mix minced meat with rice, onions, and spices.,Sarmi,French);
INSERT INTO step (number,description,recipe_name,recipe_cuisine_name) VALUES (3,Place a spoonful of the filling on each leaf and roll tightly.,Sarmi,French);
INSERT INTO step (number,description,recipe_name,recipe_cuisine_name) VALUES (4,Arrange the rolls in a pot, cover with tomato sauce and water.,Sarmi,French);
INSERT INTO step (number,description,recipe_name,recipe_cuisine_name) VALUES (5,Simmer on low heat until the meat and rice are fully cooked.,Sarmi,French);
INSERT INTO step (number,description,recipe_name,recipe_cuisine_name) VALUES (6,Serve hot, garnished with fresh herbs.,Sarmi,French);
INSERT INTO step (number,description,recipe_name,recipe_cuisine_name) VALUES (1,Slice beef into thin strips.,Beef Stroganoff,Indian);
INSERT INTO step (number,description,recipe_name,recipe_cuisine_name) VALUES (2,Season beef with salt and pepper.,Beef Stroganoff,Indian);
INSERT INTO step (number,description,recipe_name,recipe_cuisine_name) VALUES (3,Heat oil in a pan over medium heat and sauté onions until translucent.,Beef Stroganoff,Indian);
INSERT INTO step (number,description,recipe_name,recipe_cuisine_name) VALUES (4,Add beef to the pan and brown.,Beef Stroganoff,Indian);
INSERT INTO step (number,description,recipe_name,recipe_cuisine_name) VALUES (5,Reduce heat and add mustard and beef broth. Simmer for 10 minutes.,Beef Stroganoff,Indian);
INSERT INTO step (number,description,recipe_name,recipe_cuisine_name) VALUES (6,Stir in sour cream and cook for another 5 minutes without boiling.,Beef Stroganoff,Indian);
INSERT INTO step (number,description,recipe_name,recipe_cuisine_name) VALUES (7,Serve hot over noodles or rice.,Beef Stroganoff,Indian);
INSERT INTO step (number,description,recipe_name,recipe_cuisine_name) VALUES (1,Mix honey, sugar, and eggs in a bowl.,Medovik,Italian);
INSERT INTO step (number,description,recipe_name,recipe_cuisine_name) VALUES (2,Add baking soda and melt mixture over steam until it increases in volume.,Medovik,Italian);
INSERT INTO step (number,description,recipe_name,recipe_cuisine_name) VALUES (3,Mix flour into the warm honey mixture to form dough.,Medovik,Italian);
INSERT INTO step (number,description,recipe_name,recipe_cuisine_name) VALUES (4,Divide the dough into 8 parts, roll out each and bake for 5 minutes at 350°F.,Medovik,Italian);
INSERT INTO step (number,description,recipe_name,recipe_cuisine_name) VALUES (5,Whisk sour cream with sugar and vanilla.,Medovik,Italian);
INSERT INTO step (number,description,recipe_name,recipe_cuisine_name) VALUES (6,Spread cream between each cooled cake layer.,Medovik,Italian);
INSERT INTO step (number,description,recipe_name,recipe_cuisine_name) VALUES (7,Coat the outside with leftover cream and crumble a baked dough layer on top.,Medovik,Italian);
INSERT INTO step (number,description,recipe_name,recipe_cuisine_name) VALUES (8,Chill in fridge overnight before serving.,Medovik,Italian);
INSERT INTO step (number,description,recipe_name,recipe_cuisine_name) VALUES (1,Peel and chop all vegetables.,Borscht,Japanese);
INSERT INTO step (number,description,recipe_name,recipe_cuisine_name) VALUES (2,Sauté onions and carrots in a pot.,Borscht,Japanese);
INSERT INTO step (number,description,recipe_name,recipe_cuisine_name) VALUES (3,Add beets and continue to sauté for a few minutes.,Borscht,Japanese);
INSERT INTO step (number,description,recipe_name,recipe_cuisine_name) VALUES (4,Add water, cabbage, and potatoes and bring to a boil.,Borscht,Japanese);
INSERT INTO step (number,description,recipe_name,recipe_cuisine_name) VALUES (5,Simmer until all vegetables are tender.,Borscht,Japanese);
INSERT INTO step (number,description,recipe_name,recipe_cuisine_name) VALUES (6,Add vinegar, sugar, and salt to taste.,Borscht,Japanese);
INSERT INTO step (number,description,recipe_name,recipe_cuisine_name) VALUES (7,Serve with sour cream and fresh dill.,Borscht,Japanese);
INSERT INTO step (number,description,recipe_name,recipe_cuisine_name) VALUES (1,Mix flour, eggs, water, and salt to form a dough.,Pelmeni,Chinese);
INSERT INTO step (number,description,recipe_name,recipe_cuisine_name) VALUES (2,Roll dough thin and cut into circles.,Pelmeni,Chinese);
INSERT INTO step (number,description,recipe_name,recipe_cuisine_name) VALUES (3,Place a small amount of meat filling in the center of each circle.,Pelmeni,Chinese);
INSERT INTO step (number,description,recipe_name,recipe_cuisine_name) VALUES (4,Fold dough over and seal edges to form a dumpling.,Pelmeni,Chinese);
INSERT INTO step (number,description,recipe_name,recipe_cuisine_name) VALUES (5,Boil dumplings in salted water until they float to the surface.,Pelmeni,Chinese);
INSERT INTO step (number,description,recipe_name,recipe_cuisine_name) VALUES (6,Serve hot with melted butter or sour cream.,Pelmeni,Chinese);
INSERT INTO step (number,description,recipe_name,recipe_cuisine_name) VALUES (1,Mix tvorog, eggs, flour, sugar, and vanilla.,Syrniki,Mexican);
INSERT INTO step (number,description,recipe_name,recipe_cuisine_name) VALUES (2,Form small patties from the mixture.,Syrniki,Mexican);
INSERT INTO step (number,description,recipe_name,recipe_cuisine_name) VALUES (3,Fry patties in a hot, oiled pan until golden brown on both sides.,Syrniki,Mexican);
INSERT INTO step (number,description,recipe_name,recipe_cuisine_name) VALUES (4,Serve hot with sour cream or jam.,Syrniki,Mexican);
INSERT INTO step (number,description,recipe_name,recipe_cuisine_name) VALUES (1,Rinse buckwheat groats under cold water.,Kasha,German);
INSERT INTO step (number,description,recipe_name,recipe_cuisine_name) VALUES (2,Bring water to a boil and add groats.,Kasha,German);
INSERT INTO step (number,description,recipe_name,recipe_cuisine_name) VALUES (3,Reduce heat to low, cover, and simmer until groats are tender and water is absorbed.,Kasha,German);
INSERT INTO step (number,description,recipe_name,recipe_cuisine_name) VALUES (4,Serve hot with milk or as a side dish to meat.,Kasha,German);
INSERT INTO step (number,description,recipe_name,recipe_cuisine_name) VALUES (1,Mix honey, sugar, and spices in a bowl.,Pryaniki,Korean);
INSERT INTO step (number,description,recipe_name,recipe_cuisine_name) VALUES (2,Add eggs and melted butter, then blend in flour to form a stiff dough.,Pryaniki,Korean);
INSERT INTO step (number,description,recipe_name,recipe_cuisine_name) VALUES (3,Roll out dough and cut into shapes.,Pryaniki,Korean);
INSERT INTO step (number,description,recipe_name,recipe_cuisine_name) VALUES (4,Bake at 350°F for 15-20 minutes.,Pryaniki,Korean);
INSERT INTO step (number,description,recipe_name,recipe_cuisine_name) VALUES (5,Mix powdered sugar with lemon juice to make icing.,Pryaniki,Korean);
INSERT INTO step (number,description,recipe_name,recipe_cuisine_name) VALUES (6,Glaze cookies after they have cooled.,Pryaniki,Korean);
INSERT INTO step (number,description,recipe_name,recipe_cuisine_name) VALUES (1,Puree apples and mix with sugar.,Zefir,Turkish);
INSERT INTO step (number,description,recipe_name,recipe_cuisine_name) VALUES (2,Heat mixture until sugar dissolves.,Zefir,Turkish);
INSERT INTO step (number,description,recipe_name,recipe_cuisine_name) VALUES (3,Whip egg whites to stiff peaks.,Zefir,Turkish);
INSERT INTO step (number,description,recipe_name,recipe_cuisine_name) VALUES (4,Gradually combine hot fruit mixture with egg whites.,Zefir,Turkish);
INSERT INTO step (number,description,recipe_name,recipe_cuisine_name) VALUES (5,Pipe onto parchment paper into desired shapes.,Zefir,Turkish);
INSERT INTO step (number,description,recipe_name,recipe_cuisine_name) VALUES (6,Let dry at room temperature for 12 hours.,Zefir,Turkish);
INSERT INTO step (number,description,recipe_name,recipe_cuisine_name) VALUES (1,Boil potatoes, carrots, and eggs until cooked.,Olivier Salad,Albanian);
INSERT INTO step (number,description,recipe_name,recipe_cuisine_name) VALUES (2,Dice all cooked ingredients and pickles.,Olivier Salad,Albanian);
INSERT INTO step (number,description,recipe_name,recipe_cuisine_name) VALUES (3,Combine in a bowl with peas and diced chicken.,Olivier Salad,Albanian);
INSERT INTO step (number,description,recipe_name,recipe_cuisine_name) VALUES (4,Mix thoroughly with mayonnaise.,Olivier Salad,Albanian);
INSERT INTO step (number,description,recipe_name,recipe_cuisine_name) VALUES (5,Chill before serving.,Olivier Salad,Albanian);
INSERT INTO step (number,description,recipe_name,recipe_cuisine_name) VALUES (1,Sauté onions and carrots in a pot.,Shchi,American);
INSERT INTO step (number,description,recipe_name,recipe_cuisine_name) VALUES (2,Add meat (beef or pork) and sauté until browned.,Shchi,American);
INSERT INTO step (number,description,recipe_name,recipe_cuisine_name) VALUES (3,Add water and bring to a boil.,Shchi,American);
INSERT INTO step (number,description,recipe_name,recipe_cuisine_name) VALUES (4,Add chopped cabbage and potatoes, simmer until all ingredients are tender.,Shchi,American);
INSERT INTO step (number,description,recipe_name,recipe_cuisine_name) VALUES (5,Season with salt, pepper, and herbs before serving.,Shchi,American);
INSERT INTO step (number,description,recipe_name,recipe_cuisine_name) VALUES (6,Serve with a dollop of sour cream.,Shchi,American);
INSERT INTO food_info (fat,protein,carbohydrate,total_calories,recipe_name,recipe_cuisine_name) VALUES (42,6,187,0,Tavë Kosi,Greek);
INSERT INTO food_info (fat,protein,carbohydrate,total_calories,recipe_name,recipe_cuisine_name) VALUES (44,46,645,0,Bakllasarem,French);
INSERT INTO food_info (fat,protein,carbohydrate,total_calories,recipe_name,recipe_cuisine_name) VALUES (32,12,40,0,Fërgesë,Indian);
INSERT INTO food_info (fat,protein,carbohydrate,total_calories,recipe_name,recipe_cuisine_name) VALUES (24,49,188,0,Speca të mbushur,Italian);
INSERT INTO food_info (fat,protein,carbohydrate,total_calories,recipe_name,recipe_cuisine_name) VALUES (48,43,235,0,Byrek me Spinaq,Japanese);
INSERT INTO food_info (fat,protein,carbohydrate,total_calories,recipe_name,recipe_cuisine_name) VALUES (41,45,297,0,Jani me fasule,Chinese);
INSERT INTO food_info (fat,protein,carbohydrate,total_calories,recipe_name,recipe_cuisine_name) VALUES (14,22,412,0,Shëndetli,Mexican);
INSERT INTO food_info (fat,protein,carbohydrate,total_calories,recipe_name,recipe_cuisine_name) VALUES (34,48,154,0,Qifqi,German);
INSERT INTO food_info (fat,protein,carbohydrate,total_calories,recipe_name,recipe_cuisine_name) VALUES (36,32,62,0,Përime në zgare,Korean);
INSERT INTO food_info (fat,protein,carbohydrate,total_calories,recipe_name,recipe_cuisine_name) VALUES (43,33,43,0,Mish me midhje,Turkish);
INSERT INTO food_info (fat,protein,carbohydrate,total_calories,recipe_name,recipe_cuisine_name) VALUES (29,48,106,0,Cheeseburger,Albanian);
INSERT INTO food_info (fat,protein,carbohydrate,total_calories,recipe_name,recipe_cuisine_name) VALUES (9,2,453,0,Apple Pie,American);
INSERT INTO food_info (fat,protein,carbohydrate,total_calories,recipe_name,recipe_cuisine_name) VALUES (36,42,193,0,Fried Chicken,Bulgarian);
INSERT INTO food_info (fat,protein,carbohydrate,total_calories,recipe_name,recipe_cuisine_name) VALUES (33,25,236,0,Macaroni and Cheese,Russian);
INSERT INTO food_info (fat,protein,carbohydrate,total_calories,recipe_name,recipe_cuisine_name) VALUES (31,2,31,0,Barbecue Ribs,Greek);
INSERT INTO food_info (fat,protein,carbohydrate,total_calories,recipe_name,recipe_cuisine_name) VALUES (49,31,187,0,Pancakes,French);
INSERT INTO food_info (fat,protein,carbohydrate,total_calories,recipe_name,recipe_cuisine_name) VALUES (12,19,836,0,Chocolate Chip Cookies,Indian);
INSERT INTO food_info (fat,protein,carbohydrate,total_calories,recipe_name,recipe_cuisine_name) VALUES (40,22,59,0,BLT Sandwich,Italian);
INSERT INTO food_info (fat,protein,carbohydrate,total_calories,recipe_name,recipe_cuisine_name) VALUES (36,23,139,0,Clam Chowder,Japanese);
INSERT INTO food_info (fat,protein,carbohydrate,total_calories,recipe_name,recipe_cuisine_name) VALUES (15,17,393,0,Brownies,Chinese);
INSERT INTO food_info (fat,protein,carbohydrate,total_calories,recipe_name,recipe_cuisine_name) VALUES (12,41,41,0,Shopska Salata,Mexican);
INSERT INTO food_info (fat,protein,carbohydrate,total_calories,recipe_name,recipe_cuisine_name) VALUES (47,47,47,0,Kavarma,German);
INSERT INTO food_info (fat,protein,carbohydrate,total_calories,recipe_name,recipe_cuisine_name) VALUES (10,33,232,0,Banitsa,Korean);
INSERT INTO food_info (fat,protein,carbohydrate,total_calories,recipe_name,recipe_cuisine_name) VALUES (7,10,396,0,Mekitsa,Turkish);
INSERT INTO food_info (fat,protein,carbohydrate,total_calories,recipe_name,recipe_cuisine_name) VALUES (35,46,267,0,Musaka,Albanian);
INSERT INTO food_info (fat,protein,carbohydrate,total_calories,recipe_name,recipe_cuisine_name) VALUES (49,32,40,0,Tarator,American);
INSERT INTO food_info (fat,protein,carbohydrate,total_calories,recipe_name,recipe_cuisine_name) VALUES (14,36,691,0,Kadaif,Bulgarian);
INSERT INTO food_info (fat,protein,carbohydrate,total_calories,recipe_name,recipe_cuisine_name) VALUES (30,20,61,0,Bulgarian Cheese Toast,Russian);
INSERT INTO food_info (fat,protein,carbohydrate,total_calories,recipe_name,recipe_cuisine_name) VALUES (4,26,305,0,Garash Cake,Greek);
INSERT INTO food_info (fat,protein,carbohydrate,total_calories,recipe_name,recipe_cuisine_name) VALUES (23,9,260,0,Sarmi,French);
INSERT INTO food_info (fat,protein,carbohydrate,total_calories,recipe_name,recipe_cuisine_name) VALUES (19,39,23,0,Beef Stroganoff,Indian);
INSERT INTO food_info (fat,protein,carbohydrate,total_calories,recipe_name,recipe_cuisine_name) VALUES (16,21,609,0,Medovik,Italian);
INSERT INTO food_info (fat,protein,carbohydrate,total_calories,recipe_name,recipe_cuisine_name) VALUES (45,19,208,0,Borscht,Japanese);
INSERT INTO food_info (fat,protein,carbohydrate,total_calories,recipe_name,recipe_cuisine_name) VALUES (46,28,203,0,Pelmeni,Chinese);
INSERT INTO food_info (fat,protein,carbohydrate,total_calories,recipe_name,recipe_cuisine_name) VALUES (45,34,49,0,Syrniki,Mexican);
INSERT INTO food_info (fat,protein,carbohydrate,total_calories,recipe_name,recipe_cuisine_name) VALUES (39,50,123,0,Kasha,German);
INSERT INTO food_info (fat,protein,carbohydrate,total_calories,recipe_name,recipe_cuisine_name) VALUES (39,8,678,0,Pryaniki,Korean);
INSERT INTO food_info (fat,protein,carbohydrate,total_calories,recipe_name,recipe_cuisine_name) VALUES (9,39,300,0,Zefir,Turkish);
INSERT INTO food_info (fat,protein,carbohydrate,total_calories,recipe_name,recipe_cuisine_name) VALUES (43,20,106,0,Olivier Salad,Albanian);
INSERT INTO food_info (fat,protein,carbohydrate,total_calories,recipe_name,recipe_cuisine_name) VALUES (10,25,164,0,Shchi,American);
INSERT INTO chef (id,first_name,last_name,phone,date_of_birth,age,years_exp,rank,image_id) VALUES (1,Alexander,Marks,+1-493-262-9094x205,1978-10-21,0,17,Helper Cook,1);
INSERT INTO chef (id,first_name,last_name,phone,date_of_birth,age,years_exp,rank,image_id) VALUES (2,Jessica,Garcia,904-977-9775x507,1987-05-16,0,19,B Cook,1);
INSERT INTO chef (id,first_name,last_name,phone,date_of_birth,age,years_exp,rank,image_id) VALUES (3,Michael,Hall,336-596-0562,1971-11-04,0,29,Chef,1);
INSERT INTO chef (id,first_name,last_name,phone,date_of_birth,age,years_exp,rank,image_id) VALUES (4,Colleen,Faulkner,+1-601-532-4090x784,1986-08-30,0,16,A Cook,1);
INSERT INTO chef (id,first_name,last_name,phone,date_of_birth,age,years_exp,rank,image_id) VALUES (5,Francis,Mitchell,369-473-1881,1989-11-04,0,27,C Cook,1);
INSERT INTO chef (id,first_name,last_name,phone,date_of_birth,age,years_exp,rank,image_id) VALUES (6,Laura,Cooper,411.498.4108,1974-05-26,0,43,C Cook,1);
INSERT INTO chef (id,first_name,last_name,phone,date_of_birth,age,years_exp,rank,image_id) VALUES (7,Jeffrey,Rojas,449.815.5576x5363,1992-07-15,0,20,B Cook,1);
INSERT INTO chef (id,first_name,last_name,phone,date_of_birth,age,years_exp,rank,image_id) VALUES (8,Jesus,Lopez,640.532.4737,2002-04-20,0,21,C Cook,1);
INSERT INTO chef (id,first_name,last_name,phone,date_of_birth,age,years_exp,rank,image_id) VALUES (9,Jessica,Myers,8149868134,1987-02-24,0,18,A Cook,1);
INSERT INTO chef (id,first_name,last_name,phone,date_of_birth,age,years_exp,rank,image_id) VALUES (10,Hannah,Castillo,001-502-346-4109x3601,1982-06-01,0,15,C Cook,1);
INSERT INTO chef (id,first_name,last_name,phone,date_of_birth,age,years_exp,rank,image_id) VALUES (11,Jeremy,Willis,994.924.6005x3430,1997-11-25,0,16,C Cook,1);
INSERT INTO chef (id,first_name,last_name,phone,date_of_birth,age,years_exp,rank,image_id) VALUES (12,Justin,Gray,452-812-3060x7446,1998-04-20,0,25,Helper Cook,1);
INSERT INTO chef (id,first_name,last_name,phone,date_of_birth,age,years_exp,rank,image_id) VALUES (13,Ricardo,Richardson,742-550-3850x14513,1979-04-22,0,41,C Cook,1);
INSERT INTO chef (id,first_name,last_name,phone,date_of_birth,age,years_exp,rank,image_id) VALUES (14,Kimberly,Robertson,001-408-300-7639,1992-06-15,0,14,B Cook,1);
INSERT INTO chef (id,first_name,last_name,phone,date_of_birth,age,years_exp,rank,image_id) VALUES (15,Victor,Miller,964.479.3597,1992-01-09,0,15,Helper Cook,1);
INSERT INTO chef (id,first_name,last_name,phone,date_of_birth,age,years_exp,rank,image_id) VALUES (16,Evan,Webb,450.646.6835x662,1986-02-11,0,27,Chef,1);
INSERT INTO chef (id,first_name,last_name,phone,date_of_birth,age,years_exp,rank,image_id) VALUES (17,Julie,Fuller,001-832-317-2282x9862,1978-01-19,0,43,Helper Cook,1);
INSERT INTO chef (id,first_name,last_name,phone,date_of_birth,age,years_exp,rank,image_id) VALUES (18,Anne,Mitchell,243-240-4189,1970-03-07,0,27,Chef,1);
INSERT INTO chef (id,first_name,last_name,phone,date_of_birth,age,years_exp,rank,image_id) VALUES (19,Jody,Ramsey,+1-431-764-9825,1980-07-12,0,25,Helper Cook,1);
INSERT INTO chef (id,first_name,last_name,phone,date_of_birth,age,years_exp,rank,image_id) VALUES (20,Danielle,Watkins,870.732.5774x481,1999-03-18,0,13,B Cook,1);
INSERT INTO chef (id,first_name,last_name,phone,date_of_birth,age,years_exp,rank,image_id) VALUES (21,Karen,Murray,+1-285-923-4646x9147,1979-01-25,0,28,C Cook,1);
INSERT INTO chef (id,first_name,last_name,phone,date_of_birth,age,years_exp,rank,image_id) VALUES (22,Derrick,Roberts,526.620.1880,2001-11-28,0,7,C Cook,1);
INSERT INTO chef (id,first_name,last_name,phone,date_of_birth,age,years_exp,rank,image_id) VALUES (23,Anna,Moore,226.567.2915x61697,1997-10-15,0,21,B Cook,1);
INSERT INTO chef (id,first_name,last_name,phone,date_of_birth,age,years_exp,rank,image_id) VALUES (24,Sara,White,296-830-9894,1990-01-09,0,9,Helper Cook,1);
INSERT INTO chef (id,first_name,last_name,phone,date_of_birth,age,years_exp,rank,image_id) VALUES (25,Leslie,Potter,656-327-8438x651,1985-09-23,0,9,Helper Cook,1);
INSERT INTO chef (id,first_name,last_name,phone,date_of_birth,age,years_exp,rank,image_id) VALUES (26,Steven,Rivers,(360)679-1509x85337,1985-01-31,0,25,Helper Cook,1);
INSERT INTO chef (id,first_name,last_name,phone,date_of_birth,age,years_exp,rank,image_id) VALUES (27,Johnny,Ball,266-798-0922,1978-01-09,0,8,A Cook,1);
INSERT INTO chef (id,first_name,last_name,phone,date_of_birth,age,years_exp,rank,image_id) VALUES (28,Rodney,Edwards,001-783-228-6651,1971-12-25,0,36,A Cook,1);
INSERT INTO chef (id,first_name,last_name,phone,date_of_birth,age,years_exp,rank,image_id) VALUES (29,Barbara,Barker,001-205-847-2382x78374,2002-04-03,0,10,A Cook,1);
INSERT INTO chef (id,first_name,last_name,phone,date_of_birth,age,years_exp,rank,image_id) VALUES (30,Ryan,White,675.793.1298x319,1983-09-21,0,16,Chef,1);
INSERT INTO chef (id,first_name,last_name,phone,date_of_birth,age,years_exp,rank,image_id) VALUES (31,Russell,Rodgers,593.584.2853,1996-06-18,0,20,Helper Cook,1);
INSERT INTO chef (id,first_name,last_name,phone,date_of_birth,age,years_exp,rank,image_id) VALUES (32,Kelly,Perez,369-601-5938,1982-08-23,0,14,Chef,1);
INSERT INTO chef (id,first_name,last_name,phone,date_of_birth,age,years_exp,rank,image_id) VALUES (33,Ryan,Brewer,766-753-4646x720,1994-03-22,0,30,C Cook,1);
INSERT INTO chef (id,first_name,last_name,phone,date_of_birth,age,years_exp,rank,image_id) VALUES (34,Katelyn,Espinoza,332.633.8457x92402,1990-08-22,0,15,A Cook,1);
INSERT INTO chef (id,first_name,last_name,phone,date_of_birth,age,years_exp,rank,image_id) VALUES (35,Jennifer,Jackson,+1-360-480-4789x7164,2000-07-19,0,13,Chef,1);
INSERT INTO chef (id,first_name,last_name,phone,date_of_birth,age,years_exp,rank,image_id) VALUES (36,Jeff,Jones,001-672-489-8230x285,1992-09-25,0,20,Chef,1);
INSERT INTO chef (id,first_name,last_name,phone,date_of_birth,age,years_exp,rank,image_id) VALUES (37,Julie,Cook,001-663-377-3964x928,2000-04-12,0,18,B Cook,1);
INSERT INTO chef (id,first_name,last_name,phone,date_of_birth,age,years_exp,rank,image_id) VALUES (38,Sandy,Hicks,001-371-981-5114x616,1970-04-10,0,48,A Cook,1);
INSERT INTO chef (id,first_name,last_name,phone,date_of_birth,age,years_exp,rank,image_id) VALUES (39,Larry,Bailey,(541)753-2064,1988-03-19,0,12,B Cook,1);
INSERT INTO chef (id,first_name,last_name,phone,date_of_birth,age,years_exp,rank,image_id) VALUES (40,Shane,Lopez,220.283.2297x31935,1983-08-08,0,28,C Cook,1);
INSERT INTO chef (id,first_name,last_name,phone,date_of_birth,age,years_exp,rank,image_id) VALUES (41,Katherine,Dominguez,669.480.4151,1981-07-18,0,32,A Cook,1);
INSERT INTO chef (id,first_name,last_name,phone,date_of_birth,age,years_exp,rank,image_id) VALUES (42,Sara,Williams,+1-980-368-7782x265,1973-01-18,0,44,C Cook,1);
INSERT INTO chef (id,first_name,last_name,phone,date_of_birth,age,years_exp,rank,image_id) VALUES (43,Kevin,Moore,001-464-307-9758,2000-11-10,0,14,A Cook,1);
INSERT INTO chef (id,first_name,last_name,phone,date_of_birth,age,years_exp,rank,image_id) VALUES (44,Norman,Hicks,659.531.7517,1994-08-07,0,24,Chef,1);
INSERT INTO chef (id,first_name,last_name,phone,date_of_birth,age,years_exp,rank,image_id) VALUES (45,Jennifer,Thompson,711.297.6742x1456,1970-10-30,0,43,Helper Cook,1);
INSERT INTO chef (id,first_name,last_name,phone,date_of_birth,age,years_exp,rank,image_id) VALUES (46,Anthony,Cardenas,498.734.5507x9915,1997-05-21,0,12,A Cook,1);
INSERT INTO chef (id,first_name,last_name,phone,date_of_birth,age,years_exp,rank,image_id) VALUES (47,Kim,Cross,646.506.5548,1994-10-27,0,14,Chef,1);
INSERT INTO chef (id,first_name,last_name,phone,date_of_birth,age,years_exp,rank,image_id) VALUES (48,Deborah,Ramirez,203.434.6892x9666,1982-07-05,0,8,Helper Cook,1);
INSERT INTO chef (id,first_name,last_name,phone,date_of_birth,age,years_exp,rank,image_id) VALUES (49,Andrew,Roth,338-438-5418,1985-01-19,0,28,Chef,1);
INSERT INTO chef (id,first_name,last_name,phone,date_of_birth,age,years_exp,rank,image_id) VALUES (50,Veronica,Murphy,4635127661,1995-03-03,0,25,Helper Cook,1);
INSERT INTO chef (id,first_name,last_name,phone,date_of_birth,age,years_exp,rank,image_id) VALUES (51,Yvonne,Patterson,896.919.1569x27457,1986-12-15,0,27,C Cook,1);
INSERT INTO chef (id,first_name,last_name,phone,date_of_birth,age,years_exp,rank,image_id) VALUES (52,Scott,Walsh,964-557-4644x6289,1972-03-06,0,51,Chef,1);
INSERT INTO chef (id,first_name,last_name,phone,date_of_birth,age,years_exp,rank,image_id) VALUES (53,Judith,Perez,(217)590-9027,2000-10-17,0,14,A Cook,1);
INSERT INTO chef (id,first_name,last_name,phone,date_of_birth,age,years_exp,rank,image_id) VALUES (54,Dale,Valdez,288-299-8326x5381,1971-10-06,0,24,Helper Cook,1);
INSERT INTO chef (id,first_name,last_name,phone,date_of_birth,age,years_exp,rank,image_id) VALUES (55,Pamela,Bell,837-610-6809x696,1983-08-07,0,22,Chef,1);
INSERT INTO chef (id,first_name,last_name,phone,date_of_birth,age,years_exp,rank,image_id) VALUES (56,Tiffany,Parker,765.353.9594x82157,2002-07-28,0,20,Chef,1);
INSERT INTO chef (id,first_name,last_name,phone,date_of_birth,age,years_exp,rank,image_id) VALUES (57,Regina,Norris,001-548-776-2873x1900,2001-07-01,0,22,C Cook,1);
INSERT INTO chef (id,first_name,last_name,phone,date_of_birth,age,years_exp,rank,image_id) VALUES (58,Brian,Reed,469-368-9444x34517,1980-02-14,0,21,C Cook,1);
INSERT INTO chef (id,first_name,last_name,phone,date_of_birth,age,years_exp,rank,image_id) VALUES (59,William,Ryan,800-769-5288x5039,1990-11-18,0,20,Chef,1);
INSERT INTO chef (id,first_name,last_name,phone,date_of_birth,age,years_exp,rank,image_id) VALUES (60,Andrew,Pineda,376.382.8297,1997-04-12,0,22,Helper Cook,1);
INSERT INTO chef (id,first_name,last_name,phone,date_of_birth,age,years_exp,rank,image_id) VALUES (61,Cody,Zhang,898.874.8130,1999-12-18,0,8,C Cook,1);
INSERT INTO chef (id,first_name,last_name,phone,date_of_birth,age,years_exp,rank,image_id) VALUES (62,Meredith,Winters,980-349-2816,1988-01-11,0,24,Chef,1);
INSERT INTO chef (id,first_name,last_name,phone,date_of_birth,age,years_exp,rank,image_id) VALUES (63,Joseph,West,001-636-212-7483x777,2001-06-28,0,20,B Cook,1);
INSERT INTO chef (id,first_name,last_name,phone,date_of_birth,age,years_exp,rank,image_id) VALUES (64,Sheila,Johnson,4847959446,1975-10-25,0,23,A Cook,1);
INSERT INTO chef (id,first_name,last_name,phone,date_of_birth,age,years_exp,rank,image_id) VALUES (65,Paula,Smith,(959)859-5842x82655,2000-09-13,0,11,Helper Cook,1);
INSERT INTO chef (id,first_name,last_name,phone,date_of_birth,age,years_exp,rank,image_id) VALUES (66,Douglas,Bailey,(527)276-3313x1644,1993-06-01,0,30,Chef,1);
INSERT INTO chef (id,first_name,last_name,phone,date_of_birth,age,years_exp,rank,image_id) VALUES (67,John,Fisher,001-380-215-3072x0397,1994-05-26,0,12,Helper Cook,1);
INSERT INTO chef (id,first_name,last_name,phone,date_of_birth,age,years_exp,rank,image_id) VALUES (68,Elizabeth,Pace,649-975-3476,1992-03-14,0,28,A Cook,1);
INSERT INTO chef (id,first_name,last_name,phone,date_of_birth,age,years_exp,rank,image_id) VALUES (69,Douglas,Thomas,5455702043,1977-04-16,0,27,B Cook,1);
INSERT INTO chef (id,first_name,last_name,phone,date_of_birth,age,years_exp,rank,image_id) VALUES (70,Miranda,Robinson,250.932.4334,1980-07-31,0,42,Chef,1);
INSERT INTO chef (id,first_name,last_name,phone,date_of_birth,age,years_exp,rank,image_id) VALUES (71,Janet,Fitzpatrick,8083212941,1971-10-07,0,21,B Cook,1);
INSERT INTO chef (id,first_name,last_name,phone,date_of_birth,age,years_exp,rank,image_id) VALUES (72,Richard,Oneal,400-904-6920x7897,1970-06-25,0,44,Chef,1);
INSERT INTO chef (id,first_name,last_name,phone,date_of_birth,age,years_exp,rank,image_id) VALUES (73,Jackie,Farrell,300.741.2326x5889,1992-07-27,0,9,C Cook,1);
INSERT INTO chef (id,first_name,last_name,phone,date_of_birth,age,years_exp,rank,image_id) VALUES (74,Kim,Mcintosh,001-304-610-6638x99506,2003-05-07,0,7,B Cook,1);
INSERT INTO chef (id,first_name,last_name,phone,date_of_birth,age,years_exp,rank,image_id) VALUES (75,Christopher,Whitaker,3963231528,2002-05-13,0,10,C Cook,1);
INSERT INTO chef (id,first_name,last_name,phone,date_of_birth,age,years_exp,rank,image_id) VALUES (76,Eric,Welch,686.933.6473,1999-07-19,0,12,Chef,1);
INSERT INTO chef (id,first_name,last_name,phone,date_of_birth,age,years_exp,rank,image_id) VALUES (77,Crystal,Sanchez,+1-561-311-3370x155,1971-10-16,0,34,Chef,1);
INSERT INTO chef (id,first_name,last_name,phone,date_of_birth,age,years_exp,rank,image_id) VALUES (78,Chris,Mccoy,772-343-8271,1977-06-29,0,9,B Cook,1);
INSERT INTO chef (id,first_name,last_name,phone,date_of_birth,age,years_exp,rank,image_id) VALUES (79,Philip,Torres,+1-704-802-0127x58868,1982-01-15,0,42,B Cook,1);
INSERT INTO chef (id,first_name,last_name,phone,date_of_birth,age,years_exp,rank,image_id) VALUES (80,Mark,Coleman,001-345-883-3764x01139,1976-02-12,0,11,B Cook,1);
INSERT INTO chef (id,first_name,last_name,phone,date_of_birth,age,years_exp,rank,image_id) VALUES (81,Darren,Larsen,001-551-700-2972x960,1992-11-10,0,22,Chef,1);
INSERT INTO chef (id,first_name,last_name,phone,date_of_birth,age,years_exp,rank,image_id) VALUES (82,Steven,Jackson,383.503.1134,2001-05-11,0,23,Helper Cook,1);
INSERT INTO chef (id,first_name,last_name,phone,date_of_birth,age,years_exp,rank,image_id) VALUES (83,Diana,Warren,261-407-6933x440,1981-07-03,0,29,Chef,1);
INSERT INTO chef (id,first_name,last_name,phone,date_of_birth,age,years_exp,rank,image_id) VALUES (84,Anthony,Foley,(418)758-0444,1985-12-22,0,26,B Cook,1);
INSERT INTO chef (id,first_name,last_name,phone,date_of_birth,age,years_exp,rank,image_id) VALUES (85,Chad,Gonzalez,(400)985-1758x0853,1984-03-29,0,37,B Cook,1);
INSERT INTO chef (id,first_name,last_name,phone,date_of_birth,age,years_exp,rank,image_id) VALUES (86,Briana,Hawkins,001-398-558-7095x3240,1975-12-18,0,22,A Cook,1);
INSERT INTO chef (id,first_name,last_name,phone,date_of_birth,age,years_exp,rank,image_id) VALUES (87,Vanessa,Williamson,6146436265,1971-02-01,0,25,C Cook,1);
INSERT INTO chef (id,first_name,last_name,phone,date_of_birth,age,years_exp,rank,image_id) VALUES (88,Sergio,Mason,001-967-977-5959x0981,1991-09-06,0,14,Chef,1);
INSERT INTO chef (id,first_name,last_name,phone,date_of_birth,age,years_exp,rank,image_id) VALUES (89,Katherine,Schmitt,496-932-2097,2000-06-13,0,8,Chef,1);
INSERT INTO chef (id,first_name,last_name,phone,date_of_birth,age,years_exp,rank,image_id) VALUES (90,Nancy,Solis,403-789-5992x127,1982-06-29,0,25,C Cook,1);
INSERT INTO chef (id,first_name,last_name,phone,date_of_birth,age,years_exp,rank,image_id) VALUES (91,Patricia,Clark,370-801-2203x64838,1982-01-13,0,15,Helper Cook,1);
INSERT INTO chef (id,first_name,last_name,phone,date_of_birth,age,years_exp,rank,image_id) VALUES (92,Michael,Morgan,711.340.1133,1970-11-17,0,38,A Cook,1);
INSERT INTO chef (id,first_name,last_name,phone,date_of_birth,age,years_exp,rank,image_id) VALUES (93,Jack,Ray,001-960-481-1769x4531,1970-09-10,0,18,A Cook,1);
INSERT INTO chef (id,first_name,last_name,phone,date_of_birth,age,years_exp,rank,image_id) VALUES (94,Ashley,Olson,(510)512-6778x67662,1975-05-20,0,28,C Cook,1);
INSERT INTO chef (id,first_name,last_name,phone,date_of_birth,age,years_exp,rank,image_id) VALUES (95,Joshua,Walker,833.746.7456x47134,1979-06-30,0,43,B Cook,1);
INSERT INTO chef (id,first_name,last_name,phone,date_of_birth,age,years_exp,rank,image_id) VALUES (96,Lawrence,Jones,001-444-814-1608x956,1980-12-30,0,37,C Cook,1);
INSERT INTO chef (id,first_name,last_name,phone,date_of_birth,age,years_exp,rank,image_id) VALUES (97,David,Herrera,+1-991-764-0458x8495,1994-09-30,0,7,Helper Cook,1);
INSERT INTO chef (id,first_name,last_name,phone,date_of_birth,age,years_exp,rank,image_id) VALUES (98,Dean,Watts,+1-239-395-5935x69847,1981-07-11,0,28,A Cook,1);
INSERT INTO chef (id,first_name,last_name,phone,date_of_birth,age,years_exp,rank,image_id) VALUES (99,Patricia,Anderson,218.227.3335,1989-04-05,0,23,B Cook,1);
INSERT INTO chef (id,first_name,last_name,phone,date_of_birth,age,years_exp,rank,image_id) VALUES (100,Diane,Johnson,001-550-595-0712,1988-05-16,0,13,Helper Cook,1);
INSERT INTO recipe_has_chef (recipe_name,recipe_cuisine_name,chef_id) VALUES (Mish me midhje,Turkish,1);
INSERT INTO recipe_has_chef (recipe_name,recipe_cuisine_name,chef_id) VALUES (Mekitsa,Turkish,1);
INSERT INTO recipe_has_chef (recipe_name,recipe_cuisine_name,chef_id) VALUES (Zefir,Turkish,1);
INSERT INTO recipe_has_chef (recipe_name,recipe_cuisine_name,chef_id) VALUES (Mish me midhje,Turkish,13);
INSERT INTO recipe_has_chef (recipe_name,recipe_cuisine_name,chef_id) VALUES (Mekitsa,Turkish,13);
INSERT INTO recipe_has_chef (recipe_name,recipe_cuisine_name,chef_id) VALUES (Zefir,Turkish,13);
INSERT INTO recipe_has_chef (recipe_name,recipe_cuisine_name,chef_id) VALUES (Mish me midhje,Turkish,17);
INSERT INTO recipe_has_chef (recipe_name,recipe_cuisine_name,chef_id) VALUES (Mekitsa,Turkish,17);
INSERT INTO recipe_has_chef (recipe_name,recipe_cuisine_name,chef_id) VALUES (Zefir,Turkish,17);
INSERT INTO recipe_has_chef (recipe_name,recipe_cuisine_name,chef_id) VALUES (Mish me midhje,Turkish,32);
INSERT INTO recipe_has_chef (recipe_name,recipe_cuisine_name,chef_id) VALUES (Mekitsa,Turkish,32);
INSERT INTO recipe_has_chef (recipe_name,recipe_cuisine_name,chef_id) VALUES (Zefir,Turkish,32);
INSERT INTO recipe_has_chef (recipe_name,recipe_cuisine_name,chef_id) VALUES (Mish me midhje,Turkish,41);
INSERT INTO recipe_has_chef (recipe_name,recipe_cuisine_name,chef_id) VALUES (Mekitsa,Turkish,41);
INSERT INTO recipe_has_chef (recipe_name,recipe_cuisine_name,chef_id) VALUES (Zefir,Turkish,41);
INSERT INTO recipe_has_chef (recipe_name,recipe_cuisine_name,chef_id) VALUES (Mish me midhje,Turkish,46);
INSERT INTO recipe_has_chef (recipe_name,recipe_cuisine_name,chef_id) VALUES (Mekitsa,Turkish,46);
INSERT INTO recipe_has_chef (recipe_name,recipe_cuisine_name,chef_id) VALUES (Zefir,Turkish,46);
INSERT INTO recipe_has_chef (recipe_name,recipe_cuisine_name,chef_id) VALUES (Mish me midhje,Turkish,58);
INSERT INTO recipe_has_chef (recipe_name,recipe_cuisine_name,chef_id) VALUES (Mekitsa,Turkish,58);
INSERT INTO recipe_has_chef (recipe_name,recipe_cuisine_name,chef_id) VALUES (Zefir,Turkish,58);
INSERT INTO recipe_has_chef (recipe_name,recipe_cuisine_name,chef_id) VALUES (Mish me midhje,Turkish,59);
INSERT INTO recipe_has_chef (recipe_name,recipe_cuisine_name,chef_id) VALUES (Mekitsa,Turkish,59);
INSERT INTO recipe_has_chef (recipe_name,recipe_cuisine_name,chef_id) VALUES (Zefir,Turkish,59);
INSERT INTO recipe_has_chef (recipe_name,recipe_cuisine_name,chef_id) VALUES (Mish me midhje,Turkish,60);
INSERT INTO recipe_has_chef (recipe_name,recipe_cuisine_name,chef_id) VALUES (Mekitsa,Turkish,60);
INSERT INTO recipe_has_chef (recipe_name,recipe_cuisine_name,chef_id) VALUES (Zefir,Turkish,60);
INSERT INTO recipe_has_chef (recipe_name,recipe_cuisine_name,chef_id) VALUES (Mish me midhje,Turkish,74);
INSERT INTO recipe_has_chef (recipe_name,recipe_cuisine_name,chef_id) VALUES (Mekitsa,Turkish,74);
INSERT INTO recipe_has_chef (recipe_name,recipe_cuisine_name,chef_id) VALUES (Zefir,Turkish,74);
INSERT INTO recipe_has_chef (recipe_name,recipe_cuisine_name,chef_id) VALUES (Mish me midhje,Turkish,76);
INSERT INTO recipe_has_chef (recipe_name,recipe_cuisine_name,chef_id) VALUES (Mekitsa,Turkish,76);
INSERT INTO recipe_has_chef (recipe_name,recipe_cuisine_name,chef_id) VALUES (Zefir,Turkish,76);
INSERT INTO recipe_has_chef (recipe_name,recipe_cuisine_name,chef_id) VALUES (Mish me midhje,Turkish,78);
INSERT INTO recipe_has_chef (recipe_name,recipe_cuisine_name,chef_id) VALUES (Mekitsa,Turkish,78);
INSERT INTO recipe_has_chef (recipe_name,recipe_cuisine_name,chef_id) VALUES (Zefir,Turkish,78);
INSERT INTO recipe_has_chef (recipe_name,recipe_cuisine_name,chef_id) VALUES (Mish me midhje,Turkish,85);
INSERT INTO recipe_has_chef (recipe_name,recipe_cuisine_name,chef_id) VALUES (Mekitsa,Turkish,85);
INSERT INTO recipe_has_chef (recipe_name,recipe_cuisine_name,chef_id) VALUES (Zefir,Turkish,85);
INSERT INTO recipe_has_chef (recipe_name,recipe_cuisine_name,chef_id) VALUES (Mish me midhje,Turkish,89);
INSERT INTO recipe_has_chef (recipe_name,recipe_cuisine_name,chef_id) VALUES (Mekitsa,Turkish,89);
INSERT INTO recipe_has_chef (recipe_name,recipe_cuisine_name,chef_id) VALUES (Zefir,Turkish,89);
INSERT INTO recipe_has_chef (recipe_name,recipe_cuisine_name,chef_id) VALUES (Byrek me Spinaq,Japanese,2);
INSERT INTO recipe_has_chef (recipe_name,recipe_cuisine_name,chef_id) VALUES (Clam Chowder,Japanese,2);
INSERT INTO recipe_has_chef (recipe_name,recipe_cuisine_name,chef_id) VALUES (Borscht,Japanese,2);
INSERT INTO recipe_has_chef (recipe_name,recipe_cuisine_name,chef_id) VALUES (Byrek me Spinaq,Japanese,3);
INSERT INTO recipe_has_chef (recipe_name,recipe_cuisine_name,chef_id) VALUES (Clam Chowder,Japanese,3);
INSERT INTO recipe_has_chef (recipe_name,recipe_cuisine_name,chef_id) VALUES (Borscht,Japanese,3);
INSERT INTO recipe_has_chef (recipe_name,recipe_cuisine_name,chef_id) VALUES (Byrek me Spinaq,Japanese,4);
INSERT INTO recipe_has_chef (recipe_name,recipe_cuisine_name,chef_id) VALUES (Clam Chowder,Japanese,4);
INSERT INTO recipe_has_chef (recipe_name,recipe_cuisine_name,chef_id) VALUES (Borscht,Japanese,4);
INSERT INTO recipe_has_chef (recipe_name,recipe_cuisine_name,chef_id) VALUES (Byrek me Spinaq,Japanese,12);
INSERT INTO recipe_has_chef (recipe_name,recipe_cuisine_name,chef_id) VALUES (Clam Chowder,Japanese,12);
INSERT INTO recipe_has_chef (recipe_name,recipe_cuisine_name,chef_id) VALUES (Borscht,Japanese,12);
INSERT INTO recipe_has_chef (recipe_name,recipe_cuisine_name,chef_id) VALUES (Byrek me Spinaq,Japanese,20);
INSERT INTO recipe_has_chef (recipe_name,recipe_cuisine_name,chef_id) VALUES (Clam Chowder,Japanese,20);
INSERT INTO recipe_has_chef (recipe_name,recipe_cuisine_name,chef_id) VALUES (Borscht,Japanese,20);
INSERT INTO recipe_has_chef (recipe_name,recipe_cuisine_name,chef_id) VALUES (Byrek me Spinaq,Japanese,24);
INSERT INTO recipe_has_chef (recipe_name,recipe_cuisine_name,chef_id) VALUES (Clam Chowder,Japanese,24);
INSERT INTO recipe_has_chef (recipe_name,recipe_cuisine_name,chef_id) VALUES (Borscht,Japanese,24);
INSERT INTO recipe_has_chef (recipe_name,recipe_cuisine_name,chef_id) VALUES (Byrek me Spinaq,Japanese,30);
INSERT INTO recipe_has_chef (recipe_name,recipe_cuisine_name,chef_id) VALUES (Clam Chowder,Japanese,30);
INSERT INTO recipe_has_chef (recipe_name,recipe_cuisine_name,chef_id) VALUES (Borscht,Japanese,30);
INSERT INTO recipe_has_chef (recipe_name,recipe_cuisine_name,chef_id) VALUES (Byrek me Spinaq,Japanese,33);
INSERT INTO recipe_has_chef (recipe_name,recipe_cuisine_name,chef_id) VALUES (Clam Chowder,Japanese,33);
INSERT INTO recipe_has_chef (recipe_name,recipe_cuisine_name,chef_id) VALUES (Borscht,Japanese,33);
INSERT INTO recipe_has_chef (recipe_name,recipe_cuisine_name,chef_id) VALUES (Byrek me Spinaq,Japanese,34);
INSERT INTO recipe_has_chef (recipe_name,recipe_cuisine_name,chef_id) VALUES (Clam Chowder,Japanese,34);
INSERT INTO recipe_has_chef (recipe_name,recipe_cuisine_name,chef_id) VALUES (Borscht,Japanese,34);
INSERT INTO recipe_has_chef (recipe_name,recipe_cuisine_name,chef_id) VALUES (Byrek me Spinaq,Japanese,36);
INSERT INTO recipe_has_chef (recipe_name,recipe_cuisine_name,chef_id) VALUES (Clam Chowder,Japanese,36);
INSERT INTO recipe_has_chef (recipe_name,recipe_cuisine_name,chef_id) VALUES (Borscht,Japanese,36);
INSERT INTO recipe_has_chef (recipe_name,recipe_cuisine_name,chef_id) VALUES (Byrek me Spinaq,Japanese,49);
INSERT INTO recipe_has_chef (recipe_name,recipe_cuisine_name,chef_id) VALUES (Clam Chowder,Japanese,49);
INSERT INTO recipe_has_chef (recipe_name,recipe_cuisine_name,chef_id) VALUES (Borscht,Japanese,49);
INSERT INTO recipe_has_chef (recipe_name,recipe_cuisine_name,chef_id) VALUES (Byrek me Spinaq,Japanese,61);
INSERT INTO recipe_has_chef (recipe_name,recipe_cuisine_name,chef_id) VALUES (Clam Chowder,Japanese,61);
INSERT INTO recipe_has_chef (recipe_name,recipe_cuisine_name,chef_id) VALUES (Borscht,Japanese,61);
INSERT INTO recipe_has_chef (recipe_name,recipe_cuisine_name,chef_id) VALUES (Byrek me Spinaq,Japanese,74);
INSERT INTO recipe_has_chef (recipe_name,recipe_cuisine_name,chef_id) VALUES (Clam Chowder,Japanese,74);
INSERT INTO recipe_has_chef (recipe_name,recipe_cuisine_name,chef_id) VALUES (Borscht,Japanese,74);
INSERT INTO recipe_has_chef (recipe_name,recipe_cuisine_name,chef_id) VALUES (Byrek me Spinaq,Japanese,77);
INSERT INTO recipe_has_chef (recipe_name,recipe_cuisine_name,chef_id) VALUES (Clam Chowder,Japanese,77);
INSERT INTO recipe_has_chef (recipe_name,recipe_cuisine_name,chef_id) VALUES (Borscht,Japanese,77);
INSERT INTO recipe_has_chef (recipe_name,recipe_cuisine_name,chef_id) VALUES (Speca të mbushur,Italian,2);
INSERT INTO recipe_has_chef (recipe_name,recipe_cuisine_name,chef_id) VALUES (BLT Sandwich,Italian,2);
INSERT INTO recipe_has_chef (recipe_name,recipe_cuisine_name,chef_id) VALUES (Medovik,Italian,2);
INSERT INTO recipe_has_chef (recipe_name,recipe_cuisine_name,chef_id) VALUES (Speca të mbushur,Italian,3);
INSERT INTO recipe_has_chef (recipe_name,recipe_cuisine_name,chef_id) VALUES (BLT Sandwich,Italian,3);
INSERT INTO recipe_has_chef (recipe_name,recipe_cuisine_name,chef_id) VALUES (Medovik,Italian,3);
INSERT INTO recipe_has_chef (recipe_name,recipe_cuisine_name,chef_id) VALUES (Speca të mbushur,Italian,8);
INSERT INTO recipe_has_chef (recipe_name,recipe_cuisine_name,chef_id) VALUES (BLT Sandwich,Italian,8);
INSERT INTO recipe_has_chef (recipe_name,recipe_cuisine_name,chef_id) VALUES (Medovik,Italian,8);
INSERT INTO recipe_has_chef (recipe_name,recipe_cuisine_name,chef_id) VALUES (Speca të mbushur,Italian,9);
INSERT INTO recipe_has_chef (recipe_name,recipe_cuisine_name,chef_id) VALUES (BLT Sandwich,Italian,9);
INSERT INTO recipe_has_chef (recipe_name,recipe_cuisine_name,chef_id) VALUES (Medovik,Italian,9);
INSERT INTO recipe_has_chef (recipe_name,recipe_cuisine_name,chef_id) VALUES (Speca të mbushur,Italian,14);
INSERT INTO recipe_has_chef (recipe_name,recipe_cuisine_name,chef_id) VALUES (BLT Sandwich,Italian,14);
INSERT INTO recipe_has_chef (recipe_name,recipe_cuisine_name,chef_id) VALUES (Medovik,Italian,14);
INSERT INTO recipe_has_chef (recipe_name,recipe_cuisine_name,chef_id) VALUES (Speca të mbushur,Italian,22);
INSERT INTO recipe_has_chef (recipe_name,recipe_cuisine_name,chef_id) VALUES (BLT Sandwich,Italian,22);
INSERT INTO recipe_has_chef (recipe_name,recipe_cuisine_name,chef_id) VALUES (Medovik,Italian,22);
INSERT INTO recipe_has_chef (recipe_name,recipe_cuisine_name,chef_id) VALUES (Speca të mbushur,Italian,49);
INSERT INTO recipe_has_chef (recipe_name,recipe_cuisine_name,chef_id) VALUES (BLT Sandwich,Italian,49);
INSERT INTO recipe_has_chef (recipe_name,recipe_cuisine_name,chef_id) VALUES (Medovik,Italian,49);
INSERT INTO recipe_has_chef (recipe_name,recipe_cuisine_name,chef_id) VALUES (Speca të mbushur,Italian,53);
INSERT INTO recipe_has_chef (recipe_name,recipe_cuisine_name,chef_id) VALUES (BLT Sandwich,Italian,53);
INSERT INTO recipe_has_chef (recipe_name,recipe_cuisine_name,chef_id) VALUES (Medovik,Italian,53);
INSERT INTO recipe_has_chef (recipe_name,recipe_cuisine_name,chef_id) VALUES (Speca të mbushur,Italian,54);
INSERT INTO recipe_has_chef (recipe_name,recipe_cuisine_name,chef_id) VALUES (BLT Sandwich,Italian,54);
INSERT INTO recipe_has_chef (recipe_name,recipe_cuisine_name,chef_id) VALUES (Medovik,Italian,54);
INSERT INTO recipe_has_chef (recipe_name,recipe_cuisine_name,chef_id) VALUES (Speca të mbushur,Italian,80);
INSERT INTO recipe_has_chef (recipe_name,recipe_cuisine_name,chef_id) VALUES (BLT Sandwich,Italian,80);
INSERT INTO recipe_has_chef (recipe_name,recipe_cuisine_name,chef_id) VALUES (Medovik,Italian,80);
INSERT INTO recipe_has_chef (recipe_name,recipe_cuisine_name,chef_id) VALUES (Speca të mbushur,Italian,93);
INSERT INTO recipe_has_chef (recipe_name,recipe_cuisine_name,chef_id) VALUES (BLT Sandwich,Italian,93);
INSERT INTO recipe_has_chef (recipe_name,recipe_cuisine_name,chef_id) VALUES (Medovik,Italian,93);
INSERT INTO recipe_has_chef (recipe_name,recipe_cuisine_name,chef_id) VALUES (Macaroni and Cheese,Russian,4);
INSERT INTO recipe_has_chef (recipe_name,recipe_cuisine_name,chef_id) VALUES (Bulgarian Cheese Toast,Russian,4);
INSERT INTO recipe_has_chef (recipe_name,recipe_cuisine_name,chef_id) VALUES (Macaroni and Cheese,Russian,10);
INSERT INTO recipe_has_chef (recipe_name,recipe_cuisine_name,chef_id) VALUES (Bulgarian Cheese Toast,Russian,10);
INSERT INTO recipe_has_chef (recipe_name,recipe_cuisine_name,chef_id) VALUES (Macaroni and Cheese,Russian,11);
INSERT INTO recipe_has_chef (recipe_name,recipe_cuisine_name,chef_id) VALUES (Bulgarian Cheese Toast,Russian,11);
INSERT INTO recipe_has_chef (recipe_name,recipe_cuisine_name,chef_id) VALUES (Macaroni and Cheese,Russian,18);
INSERT INTO recipe_has_chef (recipe_name,recipe_cuisine_name,chef_id) VALUES (Bulgarian Cheese Toast,Russian,18);
INSERT INTO recipe_has_chef (recipe_name,recipe_cuisine_name,chef_id) VALUES (Macaroni and Cheese,Russian,38);
INSERT INTO recipe_has_chef (recipe_name,recipe_cuisine_name,chef_id) VALUES (Bulgarian Cheese Toast,Russian,38);
INSERT INTO recipe_has_chef (recipe_name,recipe_cuisine_name,chef_id) VALUES (Macaroni and Cheese,Russian,40);
INSERT INTO recipe_has_chef (recipe_name,recipe_cuisine_name,chef_id) VALUES (Bulgarian Cheese Toast,Russian,40);
INSERT INTO recipe_has_chef (recipe_name,recipe_cuisine_name,chef_id) VALUES (Macaroni and Cheese,Russian,41);
INSERT INTO recipe_has_chef (recipe_name,recipe_cuisine_name,chef_id) VALUES (Bulgarian Cheese Toast,Russian,41);
INSERT INTO recipe_has_chef (recipe_name,recipe_cuisine_name,chef_id) VALUES (Macaroni and Cheese,Russian,43);
INSERT INTO recipe_has_chef (recipe_name,recipe_cuisine_name,chef_id) VALUES (Bulgarian Cheese Toast,Russian,43);
INSERT INTO recipe_has_chef (recipe_name,recipe_cuisine_name,chef_id) VALUES (Macaroni and Cheese,Russian,57);
INSERT INTO recipe_has_chef (recipe_name,recipe_cuisine_name,chef_id) VALUES (Bulgarian Cheese Toast,Russian,57);
INSERT INTO recipe_has_chef (recipe_name,recipe_cuisine_name,chef_id) VALUES (Macaroni and Cheese,Russian,66);
INSERT INTO recipe_has_chef (recipe_name,recipe_cuisine_name,chef_id) VALUES (Bulgarian Cheese Toast,Russian,66);
INSERT INTO recipe_has_chef (recipe_name,recipe_cuisine_name,chef_id) VALUES (Macaroni and Cheese,Russian,67);
INSERT INTO recipe_has_chef (recipe_name,recipe_cuisine_name,chef_id) VALUES (Bulgarian Cheese Toast,Russian,67);
INSERT INTO recipe_has_chef (recipe_name,recipe_cuisine_name,chef_id) VALUES (Macaroni and Cheese,Russian,73);
INSERT INTO recipe_has_chef (recipe_name,recipe_cuisine_name,chef_id) VALUES (Bulgarian Cheese Toast,Russian,73);
INSERT INTO recipe_has_chef (recipe_name,recipe_cuisine_name,chef_id) VALUES (Macaroni and Cheese,Russian,80);
INSERT INTO recipe_has_chef (recipe_name,recipe_cuisine_name,chef_id) VALUES (Bulgarian Cheese Toast,Russian,80);
INSERT INTO recipe_has_chef (recipe_name,recipe_cuisine_name,chef_id) VALUES (Macaroni and Cheese,Russian,86);
INSERT INTO recipe_has_chef (recipe_name,recipe_cuisine_name,chef_id) VALUES (Bulgarian Cheese Toast,Russian,86);
INSERT INTO recipe_has_chef (recipe_name,recipe_cuisine_name,chef_id) VALUES (Macaroni and Cheese,Russian,94);
INSERT INTO recipe_has_chef (recipe_name,recipe_cuisine_name,chef_id) VALUES (Bulgarian Cheese Toast,Russian,94);
INSERT INTO recipe_has_chef (recipe_name,recipe_cuisine_name,chef_id) VALUES (Macaroni and Cheese,Russian,95);
INSERT INTO recipe_has_chef (recipe_name,recipe_cuisine_name,chef_id) VALUES (Bulgarian Cheese Toast,Russian,95);
INSERT INTO recipe_has_chef (recipe_name,recipe_cuisine_name,chef_id) VALUES (Macaroni and Cheese,Russian,98);
INSERT INTO recipe_has_chef (recipe_name,recipe_cuisine_name,chef_id) VALUES (Bulgarian Cheese Toast,Russian,98);
INSERT INTO recipe_has_chef (recipe_name,recipe_cuisine_name,chef_id) VALUES (Përime në zgare,Korean,5);
INSERT INTO recipe_has_chef (recipe_name,recipe_cuisine_name,chef_id) VALUES (Banitsa,Korean,5);
INSERT INTO recipe_has_chef (recipe_name,recipe_cuisine_name,chef_id) VALUES (Pryaniki,Korean,5);
INSERT INTO recipe_has_chef (recipe_name,recipe_cuisine_name,chef_id) VALUES (Përime në zgare,Korean,8);
INSERT INTO recipe_has_chef (recipe_name,recipe_cuisine_name,chef_id) VALUES (Banitsa,Korean,8);
INSERT INTO recipe_has_chef (recipe_name,recipe_cuisine_name,chef_id) VALUES (Pryaniki,Korean,8);
INSERT INTO recipe_has_chef (recipe_name,recipe_cuisine_name,chef_id) VALUES (Përime në zgare,Korean,15);
INSERT INTO recipe_has_chef (recipe_name,recipe_cuisine_name,chef_id) VALUES (Banitsa,Korean,15);
INSERT INTO recipe_has_chef (recipe_name,recipe_cuisine_name,chef_id) VALUES (Pryaniki,Korean,15);
INSERT INTO recipe_has_chef (recipe_name,recipe_cuisine_name,chef_id) VALUES (Përime në zgare,Korean,22);
INSERT INTO recipe_has_chef (recipe_name,recipe_cuisine_name,chef_id) VALUES (Banitsa,Korean,22);
INSERT INTO recipe_has_chef (recipe_name,recipe_cuisine_name,chef_id) VALUES (Pryaniki,Korean,22);
INSERT INTO recipe_has_chef (recipe_name,recipe_cuisine_name,chef_id) VALUES (Përime në zgare,Korean,25);
INSERT INTO recipe_has_chef (recipe_name,recipe_cuisine_name,chef_id) VALUES (Banitsa,Korean,25);
INSERT INTO recipe_has_chef (recipe_name,recipe_cuisine_name,chef_id) VALUES (Pryaniki,Korean,25);
INSERT INTO recipe_has_chef (recipe_name,recipe_cuisine_name,chef_id) VALUES (Përime në zgare,Korean,27);
INSERT INTO recipe_has_chef (recipe_name,recipe_cuisine_name,chef_id) VALUES (Banitsa,Korean,27);
INSERT INTO recipe_has_chef (recipe_name,recipe_cuisine_name,chef_id) VALUES (Pryaniki,Korean,27);
INSERT INTO recipe_has_chef (recipe_name,recipe_cuisine_name,chef_id) VALUES (Përime në zgare,Korean,29);
INSERT INTO recipe_has_chef (recipe_name,recipe_cuisine_name,chef_id) VALUES (Banitsa,Korean,29);
INSERT INTO recipe_has_chef (recipe_name,recipe_cuisine_name,chef_id) VALUES (Pryaniki,Korean,29);
INSERT INTO recipe_has_chef (recipe_name,recipe_cuisine_name,chef_id) VALUES (Përime në zgare,Korean,33);
INSERT INTO recipe_has_chef (recipe_name,recipe_cuisine_name,chef_id) VALUES (Banitsa,Korean,33);
INSERT INTO recipe_has_chef (recipe_name,recipe_cuisine_name,chef_id) VALUES (Pryaniki,Korean,33);
INSERT INTO recipe_has_chef (recipe_name,recipe_cuisine_name,chef_id) VALUES (Përime në zgare,Korean,44);
INSERT INTO recipe_has_chef (recipe_name,recipe_cuisine_name,chef_id) VALUES (Banitsa,Korean,44);
INSERT INTO recipe_has_chef (recipe_name,recipe_cuisine_name,chef_id) VALUES (Pryaniki,Korean,44);
INSERT INTO recipe_has_chef (recipe_name,recipe_cuisine_name,chef_id) VALUES (Përime në zgare,Korean,46);
INSERT INTO recipe_has_chef (recipe_name,recipe_cuisine_name,chef_id) VALUES (Banitsa,Korean,46);
INSERT INTO recipe_has_chef (recipe_name,recipe_cuisine_name,chef_id) VALUES (Pryaniki,Korean,46);
INSERT INTO recipe_has_chef (recipe_name,recipe_cuisine_name,chef_id) VALUES (Përime në zgare,Korean,49);
INSERT INTO recipe_has_chef (recipe_name,recipe_cuisine_name,chef_id) VALUES (Banitsa,Korean,49);
INSERT INTO recipe_has_chef (recipe_name,recipe_cuisine_name,chef_id) VALUES (Pryaniki,Korean,49);
INSERT INTO recipe_has_chef (recipe_name,recipe_cuisine_name,chef_id) VALUES (Përime në zgare,Korean,55);
INSERT INTO recipe_has_chef (recipe_name,recipe_cuisine_name,chef_id) VALUES (Banitsa,Korean,55);
INSERT INTO recipe_has_chef (recipe_name,recipe_cuisine_name,chef_id) VALUES (Pryaniki,Korean,55);
INSERT INTO recipe_has_chef (recipe_name,recipe_cuisine_name,chef_id) VALUES (Përime në zgare,Korean,56);
INSERT INTO recipe_has_chef (recipe_name,recipe_cuisine_name,chef_id) VALUES (Banitsa,Korean,56);
INSERT INTO recipe_has_chef (recipe_name,recipe_cuisine_name,chef_id) VALUES (Pryaniki,Korean,56);
INSERT INTO recipe_has_chef (recipe_name,recipe_cuisine_name,chef_id) VALUES (Përime në zgare,Korean,59);
INSERT INTO recipe_has_chef (recipe_name,recipe_cuisine_name,chef_id) VALUES (Banitsa,Korean,59);
INSERT INTO recipe_has_chef (recipe_name,recipe_cuisine_name,chef_id) VALUES (Pryaniki,Korean,59);
INSERT INTO recipe_has_chef (recipe_name,recipe_cuisine_name,chef_id) VALUES (Përime në zgare,Korean,66);
INSERT INTO recipe_has_chef (recipe_name,recipe_cuisine_name,chef_id) VALUES (Banitsa,Korean,66);
INSERT INTO recipe_has_chef (recipe_name,recipe_cuisine_name,chef_id) VALUES (Pryaniki,Korean,66);
INSERT INTO recipe_has_chef (recipe_name,recipe_cuisine_name,chef_id) VALUES (Përime në zgare,Korean,68);
INSERT INTO recipe_has_chef (recipe_name,recipe_cuisine_name,chef_id) VALUES (Banitsa,Korean,68);
INSERT INTO recipe_has_chef (recipe_name,recipe_cuisine_name,chef_id) VALUES (Pryaniki,Korean,68);
INSERT INTO recipe_has_chef (recipe_name,recipe_cuisine_name,chef_id) VALUES (Përime në zgare,Korean,81);
INSERT INTO recipe_has_chef (recipe_name,recipe_cuisine_name,chef_id) VALUES (Banitsa,Korean,81);
INSERT INTO recipe_has_chef (recipe_name,recipe_cuisine_name,chef_id) VALUES (Pryaniki,Korean,81);
INSERT INTO recipe_has_chef (recipe_name,recipe_cuisine_name,chef_id) VALUES (Përime në zgare,Korean,88);
INSERT INTO recipe_has_chef (recipe_name,recipe_cuisine_name,chef_id) VALUES (Banitsa,Korean,88);
INSERT INTO recipe_has_chef (recipe_name,recipe_cuisine_name,chef_id) VALUES (Pryaniki,Korean,88);
INSERT INTO recipe_has_chef (recipe_name,recipe_cuisine_name,chef_id) VALUES (Përime në zgare,Korean,89);
INSERT INTO recipe_has_chef (recipe_name,recipe_cuisine_name,chef_id) VALUES (Banitsa,Korean,89);
INSERT INTO recipe_has_chef (recipe_name,recipe_cuisine_name,chef_id) VALUES (Pryaniki,Korean,89);
INSERT INTO recipe_has_chef (recipe_name,recipe_cuisine_name,chef_id) VALUES (Fërgesë,Indian,5);
INSERT INTO recipe_has_chef (recipe_name,recipe_cuisine_name,chef_id) VALUES (Chocolate Chip Cookies,Indian,5);
INSERT INTO recipe_has_chef (recipe_name,recipe_cuisine_name,chef_id) VALUES (Beef Stroganoff,Indian,5);
INSERT INTO recipe_has_chef (recipe_name,recipe_cuisine_name,chef_id) VALUES (Fërgesë,Indian,6);
INSERT INTO recipe_has_chef (recipe_name,recipe_cuisine_name,chef_id) VALUES (Chocolate Chip Cookies,Indian,6);
INSERT INTO recipe_has_chef (recipe_name,recipe_cuisine_name,chef_id) VALUES (Beef Stroganoff,Indian,6);
INSERT INTO recipe_has_chef (recipe_name,recipe_cuisine_name,chef_id) VALUES (Fërgesë,Indian,10);
INSERT INTO recipe_has_chef (recipe_name,recipe_cuisine_name,chef_id) VALUES (Chocolate Chip Cookies,Indian,10);
INSERT INTO recipe_has_chef (recipe_name,recipe_cuisine_name,chef_id) VALUES (Beef Stroganoff,Indian,10);
INSERT INTO recipe_has_chef (recipe_name,recipe_cuisine_name,chef_id) VALUES (Fërgesë,Indian,19);
INSERT INTO recipe_has_chef (recipe_name,recipe_cuisine_name,chef_id) VALUES (Chocolate Chip Cookies,Indian,19);
INSERT INTO recipe_has_chef (recipe_name,recipe_cuisine_name,chef_id) VALUES (Beef Stroganoff,Indian,19);
INSERT INTO recipe_has_chef (recipe_name,recipe_cuisine_name,chef_id) VALUES (Fërgesë,Indian,42);
INSERT INTO recipe_has_chef (recipe_name,recipe_cuisine_name,chef_id) VALUES (Chocolate Chip Cookies,Indian,42);
INSERT INTO recipe_has_chef (recipe_name,recipe_cuisine_name,chef_id) VALUES (Beef Stroganoff,Indian,42);
INSERT INTO recipe_has_chef (recipe_name,recipe_cuisine_name,chef_id) VALUES (Fërgesë,Indian,50);
INSERT INTO recipe_has_chef (recipe_name,recipe_cuisine_name,chef_id) VALUES (Chocolate Chip Cookies,Indian,50);
INSERT INTO recipe_has_chef (recipe_name,recipe_cuisine_name,chef_id) VALUES (Beef Stroganoff,Indian,50);
INSERT INTO recipe_has_chef (recipe_name,recipe_cuisine_name,chef_id) VALUES (Fërgesë,Indian,53);
INSERT INTO recipe_has_chef (recipe_name,recipe_cuisine_name,chef_id) VALUES (Chocolate Chip Cookies,Indian,53);
INSERT INTO recipe_has_chef (recipe_name,recipe_cuisine_name,chef_id) VALUES (Beef Stroganoff,Indian,53);
INSERT INTO recipe_has_chef (recipe_name,recipe_cuisine_name,chef_id) VALUES (Fërgesë,Indian,55);
INSERT INTO recipe_has_chef (recipe_name,recipe_cuisine_name,chef_id) VALUES (Chocolate Chip Cookies,Indian,55);
INSERT INTO recipe_has_chef (recipe_name,recipe_cuisine_name,chef_id) VALUES (Beef Stroganoff,Indian,55);
INSERT INTO recipe_has_chef (recipe_name,recipe_cuisine_name,chef_id) VALUES (Fërgesë,Indian,67);
INSERT INTO recipe_has_chef (recipe_name,recipe_cuisine_name,chef_id) VALUES (Chocolate Chip Cookies,Indian,67);
INSERT INTO recipe_has_chef (recipe_name,recipe_cuisine_name,chef_id) VALUES (Beef Stroganoff,Indian,67);
INSERT INTO recipe_has_chef (recipe_name,recipe_cuisine_name,chef_id) VALUES (Fërgesë,Indian,69);
INSERT INTO recipe_has_chef (recipe_name,recipe_cuisine_name,chef_id) VALUES (Chocolate Chip Cookies,Indian,69);
INSERT INTO recipe_has_chef (recipe_name,recipe_cuisine_name,chef_id) VALUES (Beef Stroganoff,Indian,69);
INSERT INTO recipe_has_chef (recipe_name,recipe_cuisine_name,chef_id) VALUES (Fërgesë,Indian,70);
INSERT INTO recipe_has_chef (recipe_name,recipe_cuisine_name,chef_id) VALUES (Chocolate Chip Cookies,Indian,70);
INSERT INTO recipe_has_chef (recipe_name,recipe_cuisine_name,chef_id) VALUES (Beef Stroganoff,Indian,70);
INSERT INTO recipe_has_chef (recipe_name,recipe_cuisine_name,chef_id) VALUES (Fërgesë,Indian,81);
INSERT INTO recipe_has_chef (recipe_name,recipe_cuisine_name,chef_id) VALUES (Chocolate Chip Cookies,Indian,81);
INSERT INTO recipe_has_chef (recipe_name,recipe_cuisine_name,chef_id) VALUES (Beef Stroganoff,Indian,81);
INSERT INTO recipe_has_chef (recipe_name,recipe_cuisine_name,chef_id) VALUES (Fërgesë,Indian,83);
INSERT INTO recipe_has_chef (recipe_name,recipe_cuisine_name,chef_id) VALUES (Chocolate Chip Cookies,Indian,83);
INSERT INTO recipe_has_chef (recipe_name,recipe_cuisine_name,chef_id) VALUES (Beef Stroganoff,Indian,83);
INSERT INTO recipe_has_chef (recipe_name,recipe_cuisine_name,chef_id) VALUES (Fërgesë,Indian,84);
INSERT INTO recipe_has_chef (recipe_name,recipe_cuisine_name,chef_id) VALUES (Chocolate Chip Cookies,Indian,84);
INSERT INTO recipe_has_chef (recipe_name,recipe_cuisine_name,chef_id) VALUES (Beef Stroganoff,Indian,84);
INSERT INTO recipe_has_chef (recipe_name,recipe_cuisine_name,chef_id) VALUES (Tavë Kosi,Greek,6);
INSERT INTO recipe_has_chef (recipe_name,recipe_cuisine_name,chef_id) VALUES (Barbecue Ribs,Greek,6);
INSERT INTO recipe_has_chef (recipe_name,recipe_cuisine_name,chef_id) VALUES (Garash Cake,Greek,6);
INSERT INTO recipe_has_chef (recipe_name,recipe_cuisine_name,chef_id) VALUES (Tavë Kosi,Greek,8);
INSERT INTO recipe_has_chef (recipe_name,recipe_cuisine_name,chef_id) VALUES (Barbecue Ribs,Greek,8);
INSERT INTO recipe_has_chef (recipe_name,recipe_cuisine_name,chef_id) VALUES (Garash Cake,Greek,8);
INSERT INTO recipe_has_chef (recipe_name,recipe_cuisine_name,chef_id) VALUES (Tavë Kosi,Greek,10);
INSERT INTO recipe_has_chef (recipe_name,recipe_cuisine_name,chef_id) VALUES (Barbecue Ribs,Greek,10);
INSERT INTO recipe_has_chef (recipe_name,recipe_cuisine_name,chef_id) VALUES (Garash Cake,Greek,10);
INSERT INTO recipe_has_chef (recipe_name,recipe_cuisine_name,chef_id) VALUES (Tavë Kosi,Greek,24);
INSERT INTO recipe_has_chef (recipe_name,recipe_cuisine_name,chef_id) VALUES (Barbecue Ribs,Greek,24);
INSERT INTO recipe_has_chef (recipe_name,recipe_cuisine_name,chef_id) VALUES (Garash Cake,Greek,24);
INSERT INTO recipe_has_chef (recipe_name,recipe_cuisine_name,chef_id) VALUES (Tavë Kosi,Greek,28);
INSERT INTO recipe_has_chef (recipe_name,recipe_cuisine_name,chef_id) VALUES (Barbecue Ribs,Greek,28);
INSERT INTO recipe_has_chef (recipe_name,recipe_cuisine_name,chef_id) VALUES (Garash Cake,Greek,28);
INSERT INTO recipe_has_chef (recipe_name,recipe_cuisine_name,chef_id) VALUES (Tavë Kosi,Greek,37);
INSERT INTO recipe_has_chef (recipe_name,recipe_cuisine_name,chef_id) VALUES (Barbecue Ribs,Greek,37);
INSERT INTO recipe_has_chef (recipe_name,recipe_cuisine_name,chef_id) VALUES (Garash Cake,Greek,37);
INSERT INTO recipe_has_chef (recipe_name,recipe_cuisine_name,chef_id) VALUES (Tavë Kosi,Greek,58);
INSERT INTO recipe_has_chef (recipe_name,recipe_cuisine_name,chef_id) VALUES (Barbecue Ribs,Greek,58);
INSERT INTO recipe_has_chef (recipe_name,recipe_cuisine_name,chef_id) VALUES (Garash Cake,Greek,58);
INSERT INTO recipe_has_chef (recipe_name,recipe_cuisine_name,chef_id) VALUES (Tavë Kosi,Greek,60);
INSERT INTO recipe_has_chef (recipe_name,recipe_cuisine_name,chef_id) VALUES (Barbecue Ribs,Greek,60);
INSERT INTO recipe_has_chef (recipe_name,recipe_cuisine_name,chef_id) VALUES (Garash Cake,Greek,60);
INSERT INTO recipe_has_chef (recipe_name,recipe_cuisine_name,chef_id) VALUES (Tavë Kosi,Greek,76);
INSERT INTO recipe_has_chef (recipe_name,recipe_cuisine_name,chef_id) VALUES (Barbecue Ribs,Greek,76);
INSERT INTO recipe_has_chef (recipe_name,recipe_cuisine_name,chef_id) VALUES (Garash Cake,Greek,76);
INSERT INTO recipe_has_chef (recipe_name,recipe_cuisine_name,chef_id) VALUES (Tavë Kosi,Greek,79);
INSERT INTO recipe_has_chef (recipe_name,recipe_cuisine_name,chef_id) VALUES (Barbecue Ribs,Greek,79);
INSERT INTO recipe_has_chef (recipe_name,recipe_cuisine_name,chef_id) VALUES (Garash Cake,Greek,79);
INSERT INTO recipe_has_chef (recipe_name,recipe_cuisine_name,chef_id) VALUES (Tavë Kosi,Greek,86);
INSERT INTO recipe_has_chef (recipe_name,recipe_cuisine_name,chef_id) VALUES (Barbecue Ribs,Greek,86);
INSERT INTO recipe_has_chef (recipe_name,recipe_cuisine_name,chef_id) VALUES (Garash Cake,Greek,86);
INSERT INTO recipe_has_chef (recipe_name,recipe_cuisine_name,chef_id) VALUES (Tavë Kosi,Greek,91);
INSERT INTO recipe_has_chef (recipe_name,recipe_cuisine_name,chef_id) VALUES (Barbecue Ribs,Greek,91);
INSERT INTO recipe_has_chef (recipe_name,recipe_cuisine_name,chef_id) VALUES (Garash Cake,Greek,91);
INSERT INTO recipe_has_chef (recipe_name,recipe_cuisine_name,chef_id) VALUES (Tavë Kosi,Greek,92);
INSERT INTO recipe_has_chef (recipe_name,recipe_cuisine_name,chef_id) VALUES (Barbecue Ribs,Greek,92);
INSERT INTO recipe_has_chef (recipe_name,recipe_cuisine_name,chef_id) VALUES (Garash Cake,Greek,92);
INSERT INTO recipe_has_chef (recipe_name,recipe_cuisine_name,chef_id) VALUES (Tavë Kosi,Greek,99);
INSERT INTO recipe_has_chef (recipe_name,recipe_cuisine_name,chef_id) VALUES (Barbecue Ribs,Greek,99);
INSERT INTO recipe_has_chef (recipe_name,recipe_cuisine_name,chef_id) VALUES (Garash Cake,Greek,99);
INSERT INTO recipe_has_chef (recipe_name,recipe_cuisine_name,chef_id) VALUES (Cheeseburger,Albanian,6);
INSERT INTO recipe_has_chef (recipe_name,recipe_cuisine_name,chef_id) VALUES (Musaka,Albanian,6);
INSERT INTO recipe_has_chef (recipe_name,recipe_cuisine_name,chef_id) VALUES (Olivier Salad,Albanian,6);
INSERT INTO recipe_has_chef (recipe_name,recipe_cuisine_name,chef_id) VALUES (Cheeseburger,Albanian,7);
INSERT INTO recipe_has_chef (recipe_name,recipe_cuisine_name,chef_id) VALUES (Musaka,Albanian,7);
INSERT INTO recipe_has_chef (recipe_name,recipe_cuisine_name,chef_id) VALUES (Olivier Salad,Albanian,7);
INSERT INTO recipe_has_chef (recipe_name,recipe_cuisine_name,chef_id) VALUES (Cheeseburger,Albanian,19);
INSERT INTO recipe_has_chef (recipe_name,recipe_cuisine_name,chef_id) VALUES (Musaka,Albanian,19);
INSERT INTO recipe_has_chef (recipe_name,recipe_cuisine_name,chef_id) VALUES (Olivier Salad,Albanian,19);
INSERT INTO recipe_has_chef (recipe_name,recipe_cuisine_name,chef_id) VALUES (Cheeseburger,Albanian,20);
INSERT INTO recipe_has_chef (recipe_name,recipe_cuisine_name,chef_id) VALUES (Musaka,Albanian,20);
INSERT INTO recipe_has_chef (recipe_name,recipe_cuisine_name,chef_id) VALUES (Olivier Salad,Albanian,20);
INSERT INTO recipe_has_chef (recipe_name,recipe_cuisine_name,chef_id) VALUES (Cheeseburger,Albanian,25);
INSERT INTO recipe_has_chef (recipe_name,recipe_cuisine_name,chef_id) VALUES (Musaka,Albanian,25);
INSERT INTO recipe_has_chef (recipe_name,recipe_cuisine_name,chef_id) VALUES (Olivier Salad,Albanian,25);
INSERT INTO recipe_has_chef (recipe_name,recipe_cuisine_name,chef_id) VALUES (Cheeseburger,Albanian,30);
INSERT INTO recipe_has_chef (recipe_name,recipe_cuisine_name,chef_id) VALUES (Musaka,Albanian,30);
INSERT INTO recipe_has_chef (recipe_name,recipe_cuisine_name,chef_id) VALUES (Olivier Salad,Albanian,30);
INSERT INTO recipe_has_chef (recipe_name,recipe_cuisine_name,chef_id) VALUES (Cheeseburger,Albanian,38);
INSERT INTO recipe_has_chef (recipe_name,recipe_cuisine_name,chef_id) VALUES (Musaka,Albanian,38);
INSERT INTO recipe_has_chef (recipe_name,recipe_cuisine_name,chef_id) VALUES (Olivier Salad,Albanian,38);
INSERT INTO recipe_has_chef (recipe_name,recipe_cuisine_name,chef_id) VALUES (Cheeseburger,Albanian,42);
INSERT INTO recipe_has_chef (recipe_name,recipe_cuisine_name,chef_id) VALUES (Musaka,Albanian,42);
INSERT INTO recipe_has_chef (recipe_name,recipe_cuisine_name,chef_id) VALUES (Olivier Salad,Albanian,42);
INSERT INTO recipe_has_chef (recipe_name,recipe_cuisine_name,chef_id) VALUES (Cheeseburger,Albanian,45);
INSERT INTO recipe_has_chef (recipe_name,recipe_cuisine_name,chef_id) VALUES (Musaka,Albanian,45);
INSERT INTO recipe_has_chef (recipe_name,recipe_cuisine_name,chef_id) VALUES (Olivier Salad,Albanian,45);
INSERT INTO recipe_has_chef (recipe_name,recipe_cuisine_name,chef_id) VALUES (Cheeseburger,Albanian,52);
INSERT INTO recipe_has_chef (recipe_name,recipe_cuisine_name,chef_id) VALUES (Musaka,Albanian,52);
INSERT INTO recipe_has_chef (recipe_name,recipe_cuisine_name,chef_id) VALUES (Olivier Salad,Albanian,52);
INSERT INTO recipe_has_chef (recipe_name,recipe_cuisine_name,chef_id) VALUES (Cheeseburger,Albanian,68);
INSERT INTO recipe_has_chef (recipe_name,recipe_cuisine_name,chef_id) VALUES (Musaka,Albanian,68);
INSERT INTO recipe_has_chef (recipe_name,recipe_cuisine_name,chef_id) VALUES (Olivier Salad,Albanian,68);
INSERT INTO recipe_has_chef (recipe_name,recipe_cuisine_name,chef_id) VALUES (Cheeseburger,Albanian,72);
INSERT INTO recipe_has_chef (recipe_name,recipe_cuisine_name,chef_id) VALUES (Musaka,Albanian,72);
INSERT INTO recipe_has_chef (recipe_name,recipe_cuisine_name,chef_id) VALUES (Olivier Salad,Albanian,72);
INSERT INTO recipe_has_chef (recipe_name,recipe_cuisine_name,chef_id) VALUES (Cheeseburger,Albanian,73);
INSERT INTO recipe_has_chef (recipe_name,recipe_cuisine_name,chef_id) VALUES (Musaka,Albanian,73);
INSERT INTO recipe_has_chef (recipe_name,recipe_cuisine_name,chef_id) VALUES (Olivier Salad,Albanian,73);
INSERT INTO recipe_has_chef (recipe_name,recipe_cuisine_name,chef_id) VALUES (Cheeseburger,Albanian,90);
INSERT INTO recipe_has_chef (recipe_name,recipe_cuisine_name,chef_id) VALUES (Musaka,Albanian,90);
INSERT INTO recipe_has_chef (recipe_name,recipe_cuisine_name,chef_id) VALUES (Olivier Salad,Albanian,90);
INSERT INTO recipe_has_chef (recipe_name,recipe_cuisine_name,chef_id) VALUES (Cheeseburger,Albanian,97);
INSERT INTO recipe_has_chef (recipe_name,recipe_cuisine_name,chef_id) VALUES (Musaka,Albanian,97);
INSERT INTO recipe_has_chef (recipe_name,recipe_cuisine_name,chef_id) VALUES (Olivier Salad,Albanian,97);
INSERT INTO recipe_has_chef (recipe_name,recipe_cuisine_name,chef_id) VALUES (Bakllasarem,French,11);
INSERT INTO recipe_has_chef (recipe_name,recipe_cuisine_name,chef_id) VALUES (Pancakes,French,11);
INSERT INTO recipe_has_chef (recipe_name,recipe_cuisine_name,chef_id) VALUES (Sarmi,French,11);
INSERT INTO recipe_has_chef (recipe_name,recipe_cuisine_name,chef_id) VALUES (Bakllasarem,French,38);
INSERT INTO recipe_has_chef (recipe_name,recipe_cuisine_name,chef_id) VALUES (Pancakes,French,38);
INSERT INTO recipe_has_chef (recipe_name,recipe_cuisine_name,chef_id) VALUES (Sarmi,French,38);
INSERT INTO recipe_has_chef (recipe_name,recipe_cuisine_name,chef_id) VALUES (Bakllasarem,French,40);
INSERT INTO recipe_has_chef (recipe_name,recipe_cuisine_name,chef_id) VALUES (Pancakes,French,40);
INSERT INTO recipe_has_chef (recipe_name,recipe_cuisine_name,chef_id) VALUES (Sarmi,French,40);
INSERT INTO recipe_has_chef (recipe_name,recipe_cuisine_name,chef_id) VALUES (Bakllasarem,French,42);
INSERT INTO recipe_has_chef (recipe_name,recipe_cuisine_name,chef_id) VALUES (Pancakes,French,42);
INSERT INTO recipe_has_chef (recipe_name,recipe_cuisine_name,chef_id) VALUES (Sarmi,French,42);
INSERT INTO recipe_has_chef (recipe_name,recipe_cuisine_name,chef_id) VALUES (Bakllasarem,French,45);
INSERT INTO recipe_has_chef (recipe_name,recipe_cuisine_name,chef_id) VALUES (Pancakes,French,45);
INSERT INTO recipe_has_chef (recipe_name,recipe_cuisine_name,chef_id) VALUES (Sarmi,French,45);
INSERT INTO recipe_has_chef (recipe_name,recipe_cuisine_name,chef_id) VALUES (Bakllasarem,French,47);
INSERT INTO recipe_has_chef (recipe_name,recipe_cuisine_name,chef_id) VALUES (Pancakes,French,47);
INSERT INTO recipe_has_chef (recipe_name,recipe_cuisine_name,chef_id) VALUES (Sarmi,French,47);
INSERT INTO recipe_has_chef (recipe_name,recipe_cuisine_name,chef_id) VALUES (Bakllasarem,French,55);
INSERT INTO recipe_has_chef (recipe_name,recipe_cuisine_name,chef_id) VALUES (Pancakes,French,55);
INSERT INTO recipe_has_chef (recipe_name,recipe_cuisine_name,chef_id) VALUES (Sarmi,French,55);
INSERT INTO recipe_has_chef (recipe_name,recipe_cuisine_name,chef_id) VALUES (Bakllasarem,French,57);
INSERT INTO recipe_has_chef (recipe_name,recipe_cuisine_name,chef_id) VALUES (Pancakes,French,57);
INSERT INTO recipe_has_chef (recipe_name,recipe_cuisine_name,chef_id) VALUES (Sarmi,French,57);
INSERT INTO recipe_has_chef (recipe_name,recipe_cuisine_name,chef_id) VALUES (Bakllasarem,French,63);
INSERT INTO recipe_has_chef (recipe_name,recipe_cuisine_name,chef_id) VALUES (Pancakes,French,63);
INSERT INTO recipe_has_chef (recipe_name,recipe_cuisine_name,chef_id) VALUES (Sarmi,French,63);
INSERT INTO recipe_has_chef (recipe_name,recipe_cuisine_name,chef_id) VALUES (Bakllasarem,French,64);
INSERT INTO recipe_has_chef (recipe_name,recipe_cuisine_name,chef_id) VALUES (Pancakes,French,64);
INSERT INTO recipe_has_chef (recipe_name,recipe_cuisine_name,chef_id) VALUES (Sarmi,French,64);
INSERT INTO recipe_has_chef (recipe_name,recipe_cuisine_name,chef_id) VALUES (Bakllasarem,French,71);
INSERT INTO recipe_has_chef (recipe_name,recipe_cuisine_name,chef_id) VALUES (Pancakes,French,71);
INSERT INTO recipe_has_chef (recipe_name,recipe_cuisine_name,chef_id) VALUES (Sarmi,French,71);
INSERT INTO recipe_has_chef (recipe_name,recipe_cuisine_name,chef_id) VALUES (Bakllasarem,French,77);
INSERT INTO recipe_has_chef (recipe_name,recipe_cuisine_name,chef_id) VALUES (Pancakes,French,77);
INSERT INTO recipe_has_chef (recipe_name,recipe_cuisine_name,chef_id) VALUES (Sarmi,French,77);
INSERT INTO recipe_has_chef (recipe_name,recipe_cuisine_name,chef_id) VALUES (Bakllasarem,French,82);
INSERT INTO recipe_has_chef (recipe_name,recipe_cuisine_name,chef_id) VALUES (Pancakes,French,82);
INSERT INTO recipe_has_chef (recipe_name,recipe_cuisine_name,chef_id) VALUES (Sarmi,French,82);
INSERT INTO recipe_has_chef (recipe_name,recipe_cuisine_name,chef_id) VALUES (Bakllasarem,French,90);
INSERT INTO recipe_has_chef (recipe_name,recipe_cuisine_name,chef_id) VALUES (Pancakes,French,90);
INSERT INTO recipe_has_chef (recipe_name,recipe_cuisine_name,chef_id) VALUES (Sarmi,French,90);
INSERT INTO recipe_has_chef (recipe_name,recipe_cuisine_name,chef_id) VALUES (Bakllasarem,French,93);
INSERT INTO recipe_has_chef (recipe_name,recipe_cuisine_name,chef_id) VALUES (Pancakes,French,93);
INSERT INTO recipe_has_chef (recipe_name,recipe_cuisine_name,chef_id) VALUES (Sarmi,French,93);
INSERT INTO recipe_has_chef (recipe_name,recipe_cuisine_name,chef_id) VALUES (Bakllasarem,French,98);
INSERT INTO recipe_has_chef (recipe_name,recipe_cuisine_name,chef_id) VALUES (Pancakes,French,98);
INSERT INTO recipe_has_chef (recipe_name,recipe_cuisine_name,chef_id) VALUES (Sarmi,French,98);
INSERT INTO recipe_has_chef (recipe_name,recipe_cuisine_name,chef_id) VALUES (Apple Pie,American,14);
INSERT INTO recipe_has_chef (recipe_name,recipe_cuisine_name,chef_id) VALUES (Tarator,American,14);
INSERT INTO recipe_has_chef (recipe_name,recipe_cuisine_name,chef_id) VALUES (Shchi,American,14);
INSERT INTO recipe_has_chef (recipe_name,recipe_cuisine_name,chef_id) VALUES (Apple Pie,American,17);
INSERT INTO recipe_has_chef (recipe_name,recipe_cuisine_name,chef_id) VALUES (Tarator,American,17);
INSERT INTO recipe_has_chef (recipe_name,recipe_cuisine_name,chef_id) VALUES (Shchi,American,17);
INSERT INTO recipe_has_chef (recipe_name,recipe_cuisine_name,chef_id) VALUES (Apple Pie,American,18);
INSERT INTO recipe_has_chef (recipe_name,recipe_cuisine_name,chef_id) VALUES (Tarator,American,18);
INSERT INTO recipe_has_chef (recipe_name,recipe_cuisine_name,chef_id) VALUES (Shchi,American,18);
INSERT INTO recipe_has_chef (recipe_name,recipe_cuisine_name,chef_id) VALUES (Apple Pie,American,22);
INSERT INTO recipe_has_chef (recipe_name,recipe_cuisine_name,chef_id) VALUES (Tarator,American,22);
INSERT INTO recipe_has_chef (recipe_name,recipe_cuisine_name,chef_id) VALUES (Shchi,American,22);
INSERT INTO recipe_has_chef (recipe_name,recipe_cuisine_name,chef_id) VALUES (Apple Pie,American,24);
INSERT INTO recipe_has_chef (recipe_name,recipe_cuisine_name,chef_id) VALUES (Tarator,American,24);
INSERT INTO recipe_has_chef (recipe_name,recipe_cuisine_name,chef_id) VALUES (Shchi,American,24);
INSERT INTO recipe_has_chef (recipe_name,recipe_cuisine_name,chef_id) VALUES (Apple Pie,American,34);
INSERT INTO recipe_has_chef (recipe_name,recipe_cuisine_name,chef_id) VALUES (Tarator,American,34);
INSERT INTO recipe_has_chef (recipe_name,recipe_cuisine_name,chef_id) VALUES (Shchi,American,34);
INSERT INTO recipe_has_chef (recipe_name,recipe_cuisine_name,chef_id) VALUES (Apple Pie,American,39);
INSERT INTO recipe_has_chef (recipe_name,recipe_cuisine_name,chef_id) VALUES (Tarator,American,39);
INSERT INTO recipe_has_chef (recipe_name,recipe_cuisine_name,chef_id) VALUES (Shchi,American,39);
INSERT INTO recipe_has_chef (recipe_name,recipe_cuisine_name,chef_id) VALUES (Apple Pie,American,46);
INSERT INTO recipe_has_chef (recipe_name,recipe_cuisine_name,chef_id) VALUES (Tarator,American,46);
INSERT INTO recipe_has_chef (recipe_name,recipe_cuisine_name,chef_id) VALUES (Shchi,American,46);
INSERT INTO recipe_has_chef (recipe_name,recipe_cuisine_name,chef_id) VALUES (Apple Pie,American,51);
INSERT INTO recipe_has_chef (recipe_name,recipe_cuisine_name,chef_id) VALUES (Tarator,American,51);
INSERT INTO recipe_has_chef (recipe_name,recipe_cuisine_name,chef_id) VALUES (Shchi,American,51);
INSERT INTO recipe_has_chef (recipe_name,recipe_cuisine_name,chef_id) VALUES (Apple Pie,American,53);
INSERT INTO recipe_has_chef (recipe_name,recipe_cuisine_name,chef_id) VALUES (Tarator,American,53);
INSERT INTO recipe_has_chef (recipe_name,recipe_cuisine_name,chef_id) VALUES (Shchi,American,53);
INSERT INTO recipe_has_chef (recipe_name,recipe_cuisine_name,chef_id) VALUES (Apple Pie,American,54);
INSERT INTO recipe_has_chef (recipe_name,recipe_cuisine_name,chef_id) VALUES (Tarator,American,54);
INSERT INTO recipe_has_chef (recipe_name,recipe_cuisine_name,chef_id) VALUES (Shchi,American,54);
INSERT INTO recipe_has_chef (recipe_name,recipe_cuisine_name,chef_id) VALUES (Apple Pie,American,59);
INSERT INTO recipe_has_chef (recipe_name,recipe_cuisine_name,chef_id) VALUES (Tarator,American,59);
INSERT INTO recipe_has_chef (recipe_name,recipe_cuisine_name,chef_id) VALUES (Shchi,American,59);
INSERT INTO recipe_has_chef (recipe_name,recipe_cuisine_name,chef_id) VALUES (Apple Pie,American,60);
INSERT INTO recipe_has_chef (recipe_name,recipe_cuisine_name,chef_id) VALUES (Tarator,American,60);
INSERT INTO recipe_has_chef (recipe_name,recipe_cuisine_name,chef_id) VALUES (Shchi,American,60);
INSERT INTO recipe_has_chef (recipe_name,recipe_cuisine_name,chef_id) VALUES (Apple Pie,American,72);
INSERT INTO recipe_has_chef (recipe_name,recipe_cuisine_name,chef_id) VALUES (Tarator,American,72);
INSERT INTO recipe_has_chef (recipe_name,recipe_cuisine_name,chef_id) VALUES (Shchi,American,72);
INSERT INTO recipe_has_chef (recipe_name,recipe_cuisine_name,chef_id) VALUES (Apple Pie,American,74);
INSERT INTO recipe_has_chef (recipe_name,recipe_cuisine_name,chef_id) VALUES (Tarator,American,74);
INSERT INTO recipe_has_chef (recipe_name,recipe_cuisine_name,chef_id) VALUES (Shchi,American,74);
INSERT INTO recipe_has_chef (recipe_name,recipe_cuisine_name,chef_id) VALUES (Apple Pie,American,95);
INSERT INTO recipe_has_chef (recipe_name,recipe_cuisine_name,chef_id) VALUES (Tarator,American,95);
INSERT INTO recipe_has_chef (recipe_name,recipe_cuisine_name,chef_id) VALUES (Shchi,American,95);
INSERT INTO recipe_has_chef (recipe_name,recipe_cuisine_name,chef_id) VALUES (Apple Pie,American,99);
INSERT INTO recipe_has_chef (recipe_name,recipe_cuisine_name,chef_id) VALUES (Tarator,American,99);
INSERT INTO recipe_has_chef (recipe_name,recipe_cuisine_name,chef_id) VALUES (Shchi,American,99);
INSERT INTO recipe_has_chef (recipe_name,recipe_cuisine_name,chef_id) VALUES (Qifqi,German,16);
INSERT INTO recipe_has_chef (recipe_name,recipe_cuisine_name,chef_id) VALUES (Kavarma,German,16);
INSERT INTO recipe_has_chef (recipe_name,recipe_cuisine_name,chef_id) VALUES (Kasha,German,16);
INSERT INTO recipe_has_chef (recipe_name,recipe_cuisine_name,chef_id) VALUES (Qifqi,German,23);
INSERT INTO recipe_has_chef (recipe_name,recipe_cuisine_name,chef_id) VALUES (Kavarma,German,23);
INSERT INTO recipe_has_chef (recipe_name,recipe_cuisine_name,chef_id) VALUES (Kasha,German,23);
INSERT INTO recipe_has_chef (recipe_name,recipe_cuisine_name,chef_id) VALUES (Qifqi,German,44);
INSERT INTO recipe_has_chef (recipe_name,recipe_cuisine_name,chef_id) VALUES (Kavarma,German,44);
INSERT INTO recipe_has_chef (recipe_name,recipe_cuisine_name,chef_id) VALUES (Kasha,German,44);
INSERT INTO recipe_has_chef (recipe_name,recipe_cuisine_name,chef_id) VALUES (Qifqi,German,48);
INSERT INTO recipe_has_chef (recipe_name,recipe_cuisine_name,chef_id) VALUES (Kavarma,German,48);
INSERT INTO recipe_has_chef (recipe_name,recipe_cuisine_name,chef_id) VALUES (Kasha,German,48);
INSERT INTO recipe_has_chef (recipe_name,recipe_cuisine_name,chef_id) VALUES (Qifqi,German,56);
INSERT INTO recipe_has_chef (recipe_name,recipe_cuisine_name,chef_id) VALUES (Kavarma,German,56);
INSERT INTO recipe_has_chef (recipe_name,recipe_cuisine_name,chef_id) VALUES (Kasha,German,56);
INSERT INTO recipe_has_chef (recipe_name,recipe_cuisine_name,chef_id) VALUES (Qifqi,German,62);
INSERT INTO recipe_has_chef (recipe_name,recipe_cuisine_name,chef_id) VALUES (Kavarma,German,62);
INSERT INTO recipe_has_chef (recipe_name,recipe_cuisine_name,chef_id) VALUES (Kasha,German,62);
INSERT INTO recipe_has_chef (recipe_name,recipe_cuisine_name,chef_id) VALUES (Qifqi,German,73);
INSERT INTO recipe_has_chef (recipe_name,recipe_cuisine_name,chef_id) VALUES (Kavarma,German,73);
INSERT INTO recipe_has_chef (recipe_name,recipe_cuisine_name,chef_id) VALUES (Kasha,German,73);
INSERT INTO recipe_has_chef (recipe_name,recipe_cuisine_name,chef_id) VALUES (Qifqi,German,84);
INSERT INTO recipe_has_chef (recipe_name,recipe_cuisine_name,chef_id) VALUES (Kavarma,German,84);
INSERT INTO recipe_has_chef (recipe_name,recipe_cuisine_name,chef_id) VALUES (Kasha,German,84);
INSERT INTO recipe_has_chef (recipe_name,recipe_cuisine_name,chef_id) VALUES (Qifqi,German,97);
INSERT INTO recipe_has_chef (recipe_name,recipe_cuisine_name,chef_id) VALUES (Kavarma,German,97);
INSERT INTO recipe_has_chef (recipe_name,recipe_cuisine_name,chef_id) VALUES (Kasha,German,97);
INSERT INTO recipe_has_chef (recipe_name,recipe_cuisine_name,chef_id) VALUES (Jani me fasule,Chinese,16);
INSERT INTO recipe_has_chef (recipe_name,recipe_cuisine_name,chef_id) VALUES (Brownies,Chinese,16);
INSERT INTO recipe_has_chef (recipe_name,recipe_cuisine_name,chef_id) VALUES (Pelmeni,Chinese,16);
INSERT INTO recipe_has_chef (recipe_name,recipe_cuisine_name,chef_id) VALUES (Jani me fasule,Chinese,17);
INSERT INTO recipe_has_chef (recipe_name,recipe_cuisine_name,chef_id) VALUES (Brownies,Chinese,17);
INSERT INTO recipe_has_chef (recipe_name,recipe_cuisine_name,chef_id) VALUES (Pelmeni,Chinese,17);
INSERT INTO recipe_has_chef (recipe_name,recipe_cuisine_name,chef_id) VALUES (Jani me fasule,Chinese,19);
INSERT INTO recipe_has_chef (recipe_name,recipe_cuisine_name,chef_id) VALUES (Brownies,Chinese,19);
INSERT INTO recipe_has_chef (recipe_name,recipe_cuisine_name,chef_id) VALUES (Pelmeni,Chinese,19);
INSERT INTO recipe_has_chef (recipe_name,recipe_cuisine_name,chef_id) VALUES (Jani me fasule,Chinese,21);
INSERT INTO recipe_has_chef (recipe_name,recipe_cuisine_name,chef_id) VALUES (Brownies,Chinese,21);
INSERT INTO recipe_has_chef (recipe_name,recipe_cuisine_name,chef_id) VALUES (Pelmeni,Chinese,21);
INSERT INTO recipe_has_chef (recipe_name,recipe_cuisine_name,chef_id) VALUES (Jani me fasule,Chinese,31);
INSERT INTO recipe_has_chef (recipe_name,recipe_cuisine_name,chef_id) VALUES (Brownies,Chinese,31);
INSERT INTO recipe_has_chef (recipe_name,recipe_cuisine_name,chef_id) VALUES (Pelmeni,Chinese,31);
INSERT INTO recipe_has_chef (recipe_name,recipe_cuisine_name,chef_id) VALUES (Jani me fasule,Chinese,50);
INSERT INTO recipe_has_chef (recipe_name,recipe_cuisine_name,chef_id) VALUES (Brownies,Chinese,50);
INSERT INTO recipe_has_chef (recipe_name,recipe_cuisine_name,chef_id) VALUES (Pelmeni,Chinese,50);
INSERT INTO recipe_has_chef (recipe_name,recipe_cuisine_name,chef_id) VALUES (Jani me fasule,Chinese,58);
INSERT INTO recipe_has_chef (recipe_name,recipe_cuisine_name,chef_id) VALUES (Brownies,Chinese,58);
INSERT INTO recipe_has_chef (recipe_name,recipe_cuisine_name,chef_id) VALUES (Pelmeni,Chinese,58);
INSERT INTO recipe_has_chef (recipe_name,recipe_cuisine_name,chef_id) VALUES (Jani me fasule,Chinese,63);
INSERT INTO recipe_has_chef (recipe_name,recipe_cuisine_name,chef_id) VALUES (Brownies,Chinese,63);
INSERT INTO recipe_has_chef (recipe_name,recipe_cuisine_name,chef_id) VALUES (Pelmeni,Chinese,63);
INSERT INTO recipe_has_chef (recipe_name,recipe_cuisine_name,chef_id) VALUES (Jani me fasule,Chinese,75);
INSERT INTO recipe_has_chef (recipe_name,recipe_cuisine_name,chef_id) VALUES (Brownies,Chinese,75);
INSERT INTO recipe_has_chef (recipe_name,recipe_cuisine_name,chef_id) VALUES (Pelmeni,Chinese,75);
INSERT INTO recipe_has_chef (recipe_name,recipe_cuisine_name,chef_id) VALUES (Jani me fasule,Chinese,79);
INSERT INTO recipe_has_chef (recipe_name,recipe_cuisine_name,chef_id) VALUES (Brownies,Chinese,79);
INSERT INTO recipe_has_chef (recipe_name,recipe_cuisine_name,chef_id) VALUES (Pelmeni,Chinese,79);
INSERT INTO recipe_has_chef (recipe_name,recipe_cuisine_name,chef_id) VALUES (Jani me fasule,Chinese,81);
INSERT INTO recipe_has_chef (recipe_name,recipe_cuisine_name,chef_id) VALUES (Brownies,Chinese,81);
INSERT INTO recipe_has_chef (recipe_name,recipe_cuisine_name,chef_id) VALUES (Pelmeni,Chinese,81);
INSERT INTO recipe_has_chef (recipe_name,recipe_cuisine_name,chef_id) VALUES (Jani me fasule,Chinese,87);
INSERT INTO recipe_has_chef (recipe_name,recipe_cuisine_name,chef_id) VALUES (Brownies,Chinese,87);
INSERT INTO recipe_has_chef (recipe_name,recipe_cuisine_name,chef_id) VALUES (Pelmeni,Chinese,87);
INSERT INTO recipe_has_chef (recipe_name,recipe_cuisine_name,chef_id) VALUES (Jani me fasule,Chinese,90);
INSERT INTO recipe_has_chef (recipe_name,recipe_cuisine_name,chef_id) VALUES (Brownies,Chinese,90);
INSERT INTO recipe_has_chef (recipe_name,recipe_cuisine_name,chef_id) VALUES (Pelmeni,Chinese,90);
INSERT INTO recipe_has_chef (recipe_name,recipe_cuisine_name,chef_id) VALUES (Jani me fasule,Chinese,95);
INSERT INTO recipe_has_chef (recipe_name,recipe_cuisine_name,chef_id) VALUES (Brownies,Chinese,95);
INSERT INTO recipe_has_chef (recipe_name,recipe_cuisine_name,chef_id) VALUES (Pelmeni,Chinese,95);
INSERT INTO recipe_has_chef (recipe_name,recipe_cuisine_name,chef_id) VALUES (Shëndetli,Mexican,18);
INSERT INTO recipe_has_chef (recipe_name,recipe_cuisine_name,chef_id) VALUES (Shopska Salata,Mexican,18);
INSERT INTO recipe_has_chef (recipe_name,recipe_cuisine_name,chef_id) VALUES (Syrniki,Mexican,18);
INSERT INTO recipe_has_chef (recipe_name,recipe_cuisine_name,chef_id) VALUES (Shëndetli,Mexican,20);
INSERT INTO recipe_has_chef (recipe_name,recipe_cuisine_name,chef_id) VALUES (Shopska Salata,Mexican,20);
INSERT INTO recipe_has_chef (recipe_name,recipe_cuisine_name,chef_id) VALUES (Syrniki,Mexican,20);
INSERT INTO recipe_has_chef (recipe_name,recipe_cuisine_name,chef_id) VALUES (Shëndetli,Mexican,25);
INSERT INTO recipe_has_chef (recipe_name,recipe_cuisine_name,chef_id) VALUES (Shopska Salata,Mexican,25);
INSERT INTO recipe_has_chef (recipe_name,recipe_cuisine_name,chef_id) VALUES (Syrniki,Mexican,25);
INSERT INTO recipe_has_chef (recipe_name,recipe_cuisine_name,chef_id) VALUES (Shëndetli,Mexican,34);
INSERT INTO recipe_has_chef (recipe_name,recipe_cuisine_name,chef_id) VALUES (Shopska Salata,Mexican,34);
INSERT INTO recipe_has_chef (recipe_name,recipe_cuisine_name,chef_id) VALUES (Syrniki,Mexican,34);
INSERT INTO recipe_has_chef (recipe_name,recipe_cuisine_name,chef_id) VALUES (Shëndetli,Mexican,35);
INSERT INTO recipe_has_chef (recipe_name,recipe_cuisine_name,chef_id) VALUES (Shopska Salata,Mexican,35);
INSERT INTO recipe_has_chef (recipe_name,recipe_cuisine_name,chef_id) VALUES (Syrniki,Mexican,35);
INSERT INTO recipe_has_chef (recipe_name,recipe_cuisine_name,chef_id) VALUES (Shëndetli,Mexican,37);
INSERT INTO recipe_has_chef (recipe_name,recipe_cuisine_name,chef_id) VALUES (Shopska Salata,Mexican,37);
INSERT INTO recipe_has_chef (recipe_name,recipe_cuisine_name,chef_id) VALUES (Syrniki,Mexican,37);
INSERT INTO recipe_has_chef (recipe_name,recipe_cuisine_name,chef_id) VALUES (Shëndetli,Mexican,41);
INSERT INTO recipe_has_chef (recipe_name,recipe_cuisine_name,chef_id) VALUES (Shopska Salata,Mexican,41);
INSERT INTO recipe_has_chef (recipe_name,recipe_cuisine_name,chef_id) VALUES (Syrniki,Mexican,41);
INSERT INTO recipe_has_chef (recipe_name,recipe_cuisine_name,chef_id) VALUES (Shëndetli,Mexican,50);
INSERT INTO recipe_has_chef (recipe_name,recipe_cuisine_name,chef_id) VALUES (Shopska Salata,Mexican,50);
INSERT INTO recipe_has_chef (recipe_name,recipe_cuisine_name,chef_id) VALUES (Syrniki,Mexican,50);
INSERT INTO recipe_has_chef (recipe_name,recipe_cuisine_name,chef_id) VALUES (Shëndetli,Mexican,66);
INSERT INTO recipe_has_chef (recipe_name,recipe_cuisine_name,chef_id) VALUES (Shopska Salata,Mexican,66);
INSERT INTO recipe_has_chef (recipe_name,recipe_cuisine_name,chef_id) VALUES (Syrniki,Mexican,66);
INSERT INTO recipe_has_chef (recipe_name,recipe_cuisine_name,chef_id) VALUES (Shëndetli,Mexican,69);
INSERT INTO recipe_has_chef (recipe_name,recipe_cuisine_name,chef_id) VALUES (Shopska Salata,Mexican,69);
INSERT INTO recipe_has_chef (recipe_name,recipe_cuisine_name,chef_id) VALUES (Syrniki,Mexican,69);
INSERT INTO recipe_has_chef (recipe_name,recipe_cuisine_name,chef_id) VALUES (Shëndetli,Mexican,100);
INSERT INTO recipe_has_chef (recipe_name,recipe_cuisine_name,chef_id) VALUES (Shopska Salata,Mexican,100);
INSERT INTO recipe_has_chef (recipe_name,recipe_cuisine_name,chef_id) VALUES (Syrniki,Mexican,100);
INSERT INTO recipe_has_chef (recipe_name,recipe_cuisine_name,chef_id) VALUES (Fried Chicken,Bulgarian,26);
INSERT INTO recipe_has_chef (recipe_name,recipe_cuisine_name,chef_id) VALUES (Kadaif,Bulgarian,26);
INSERT INTO recipe_has_chef (recipe_name,recipe_cuisine_name,chef_id) VALUES (Fried Chicken,Bulgarian,45);
INSERT INTO recipe_has_chef (recipe_name,recipe_cuisine_name,chef_id) VALUES (Kadaif,Bulgarian,45);
INSERT INTO recipe_has_chef (recipe_name,recipe_cuisine_name,chef_id) VALUES (Fried Chicken,Bulgarian,51);
INSERT INTO recipe_has_chef (recipe_name,recipe_cuisine_name,chef_id) VALUES (Kadaif,Bulgarian,51);
INSERT INTO recipe_has_chef (recipe_name,recipe_cuisine_name,chef_id) VALUES (Fried Chicken,Bulgarian,65);
INSERT INTO recipe_has_chef (recipe_name,recipe_cuisine_name,chef_id) VALUES (Kadaif,Bulgarian,65);
INSERT INTO recipe_has_chef (recipe_name,recipe_cuisine_name,chef_id) VALUES (Fried Chicken,Bulgarian,67);
INSERT INTO recipe_has_chef (recipe_name,recipe_cuisine_name,chef_id) VALUES (Kadaif,Bulgarian,67);
INSERT INTO recipe_has_chef (recipe_name,recipe_cuisine_name,chef_id) VALUES (Fried Chicken,Bulgarian,94);
INSERT INTO recipe_has_chef (recipe_name,recipe_cuisine_name,chef_id) VALUES (Kadaif,Bulgarian,94);
INSERT INTO recipe_has_chef (recipe_name,recipe_cuisine_name,chef_id) VALUES (Fried Chicken,Bulgarian,96);
INSERT INTO recipe_has_chef (recipe_name,recipe_cuisine_name,chef_id) VALUES (Kadaif,Bulgarian,96);
INSERT INTO chef_has_cuisine (chef_id,cuisine_name) VALUES (1,Bulgarian);
INSERT INTO chef_has_cuisine (chef_id,cuisine_name) VALUES (2,Greek);
INSERT INTO chef_has_cuisine (chef_id,cuisine_name) VALUES (2,Italian);
INSERT INTO chef_has_cuisine (chef_id,cuisine_name) VALUES (2,German);
INSERT INTO chef_has_cuisine (chef_id,cuisine_name) VALUES (3,Russian);
INSERT INTO chef_has_cuisine (chef_id,cuisine_name) VALUES (3,Mexican);
INSERT INTO chef_has_cuisine (chef_id,cuisine_name) VALUES (4,Japanese);
INSERT INTO chef_has_cuisine (chef_id,cuisine_name) VALUES (4,German);
INSERT INTO chef_has_cuisine (chef_id,cuisine_name) VALUES (4,Mexican);
INSERT INTO chef_has_cuisine (chef_id,cuisine_name) VALUES (5,Mexican);
INSERT INTO chef_has_cuisine (chef_id,cuisine_name) VALUES (5,Bulgarian);
INSERT INTO chef_has_cuisine (chef_id,cuisine_name) VALUES (6,Greek);
INSERT INTO chef_has_cuisine (chef_id,cuisine_name) VALUES (7,American);
INSERT INTO chef_has_cuisine (chef_id,cuisine_name) VALUES (7,Indian);
INSERT INTO chef_has_cuisine (chef_id,cuisine_name) VALUES (7,Greek);
INSERT INTO chef_has_cuisine (chef_id,cuisine_name) VALUES (8,Turkish);
INSERT INTO chef_has_cuisine (chef_id,cuisine_name) VALUES (8,Italian);
INSERT INTO chef_has_cuisine (chef_id,cuisine_name) VALUES (8,Chinese);
INSERT INTO chef_has_cuisine (chef_id,cuisine_name) VALUES (9,French);
INSERT INTO chef_has_cuisine (chef_id,cuisine_name) VALUES (9,Chinese);
INSERT INTO chef_has_cuisine (chef_id,cuisine_name) VALUES (10,Italian);
INSERT INTO chef_has_cuisine (chef_id,cuisine_name) VALUES (11,German);
INSERT INTO chef_has_cuisine (chef_id,cuisine_name) VALUES (11,Russian);
INSERT INTO chef_has_cuisine (chef_id,cuisine_name) VALUES (12,Chinese);
INSERT INTO chef_has_cuisine (chef_id,cuisine_name) VALUES (13,Russian);
INSERT INTO chef_has_cuisine (chef_id,cuisine_name) VALUES (13,Italian);
INSERT INTO chef_has_cuisine (chef_id,cuisine_name) VALUES (14,Bulgarian);
INSERT INTO chef_has_cuisine (chef_id,cuisine_name) VALUES (14,Italian);
INSERT INTO chef_has_cuisine (chef_id,cuisine_name) VALUES (15,Chinese);
INSERT INTO chef_has_cuisine (chef_id,cuisine_name) VALUES (16,Japanese);
INSERT INTO chef_has_cuisine (chef_id,cuisine_name) VALUES (16,Bulgarian);
INSERT INTO chef_has_cuisine (chef_id,cuisine_name) VALUES (16,Russian);
INSERT INTO chef_has_cuisine (chef_id,cuisine_name) VALUES (17,Indian);
INSERT INTO chef_has_cuisine (chef_id,cuisine_name) VALUES (18,Indian);
INSERT INTO chef_has_cuisine (chef_id,cuisine_name) VALUES (18,French);
INSERT INTO chef_has_cuisine (chef_id,cuisine_name) VALUES (19,Japanese);
INSERT INTO chef_has_cuisine (chef_id,cuisine_name) VALUES (20,German);
INSERT INTO chef_has_cuisine (chef_id,cuisine_name) VALUES (20,Mexican);
INSERT INTO chef_has_cuisine (chef_id,cuisine_name) VALUES (21,American);
INSERT INTO chef_has_cuisine (chef_id,cuisine_name) VALUES (21,Mexican);
INSERT INTO chef_has_cuisine (chef_id,cuisine_name) VALUES (21,Japanese);
INSERT INTO chef_has_cuisine (chef_id,cuisine_name) VALUES (22,Greek);
INSERT INTO chef_has_cuisine (chef_id,cuisine_name) VALUES (22,Bulgarian);
INSERT INTO chef_has_cuisine (chef_id,cuisine_name) VALUES (23,Bulgarian);
INSERT INTO chef_has_cuisine (chef_id,cuisine_name) VALUES (23,Italian);
INSERT INTO chef_has_cuisine (chef_id,cuisine_name) VALUES (24,American);
INSERT INTO chef_has_cuisine (chef_id,cuisine_name) VALUES (24,Chinese);
INSERT INTO chef_has_cuisine (chef_id,cuisine_name) VALUES (25,Mexican);
INSERT INTO chef_has_cuisine (chef_id,cuisine_name) VALUES (26,Italian);
INSERT INTO chef_has_cuisine (chef_id,cuisine_name) VALUES (26,Greek);
INSERT INTO chef_has_cuisine (chef_id,cuisine_name) VALUES (27,Korean);
INSERT INTO chef_has_cuisine (chef_id,cuisine_name) VALUES (28,German);
INSERT INTO chef_has_cuisine (chef_id,cuisine_name) VALUES (28,Japanese);
INSERT INTO chef_has_cuisine (chef_id,cuisine_name) VALUES (28,Chinese);
INSERT INTO chef_has_cuisine (chef_id,cuisine_name) VALUES (29,Italian);
INSERT INTO chef_has_cuisine (chef_id,cuisine_name) VALUES (29,Turkish);
INSERT INTO chef_has_cuisine (chef_id,cuisine_name) VALUES (30,Russian);
INSERT INTO chef_has_cuisine (chef_id,cuisine_name) VALUES (30,French);
INSERT INTO chef_has_cuisine (chef_id,cuisine_name) VALUES (31,Japanese);
INSERT INTO chef_has_cuisine (chef_id,cuisine_name) VALUES (32,Turkish);
INSERT INTO chef_has_cuisine (chef_id,cuisine_name) VALUES (33,Korean);
INSERT INTO chef_has_cuisine (chef_id,cuisine_name) VALUES (33,Italian);
INSERT INTO chef_has_cuisine (chef_id,cuisine_name) VALUES (33,Mexican);
INSERT INTO chef_has_cuisine (chef_id,cuisine_name) VALUES (34,Mexican);
INSERT INTO chef_has_cuisine (chef_id,cuisine_name) VALUES (34,Bulgarian);
INSERT INTO chef_has_cuisine (chef_id,cuisine_name) VALUES (35,Russian);
INSERT INTO chef_has_cuisine (chef_id,cuisine_name) VALUES (35,Mexican);
INSERT INTO chef_has_cuisine (chef_id,cuisine_name) VALUES (36,Mexican);
INSERT INTO chef_has_cuisine (chef_id,cuisine_name) VALUES (37,Mexican);
INSERT INTO chef_has_cuisine (chef_id,cuisine_name) VALUES (37,German);
INSERT INTO chef_has_cuisine (chef_id,cuisine_name) VALUES (38,Bulgarian);
INSERT INTO chef_has_cuisine (chef_id,cuisine_name) VALUES (38,German);
INSERT INTO chef_has_cuisine (chef_id,cuisine_name) VALUES (39,Korean);
INSERT INTO chef_has_cuisine (chef_id,cuisine_name) VALUES (39,Indian);
INSERT INTO chef_has_cuisine (chef_id,cuisine_name) VALUES (39,American);
INSERT INTO chef_has_cuisine (chef_id,cuisine_name) VALUES (40,Italian);
INSERT INTO chef_has_cuisine (chef_id,cuisine_name) VALUES (40,Turkish);
INSERT INTO chef_has_cuisine (chef_id,cuisine_name) VALUES (41,Albanian);
INSERT INTO chef_has_cuisine (chef_id,cuisine_name) VALUES (42,Japanese);
INSERT INTO chef_has_cuisine (chef_id,cuisine_name) VALUES (43,Korean);
INSERT INTO chef_has_cuisine (chef_id,cuisine_name) VALUES (43,German);
INSERT INTO chef_has_cuisine (chef_id,cuisine_name) VALUES (44,Indian);
INSERT INTO chef_has_cuisine (chef_id,cuisine_name) VALUES (44,German);
INSERT INTO chef_has_cuisine (chef_id,cuisine_name) VALUES (44,Japanese);
INSERT INTO chef_has_cuisine (chef_id,cuisine_name) VALUES (45,Mexican);
INSERT INTO chef_has_cuisine (chef_id,cuisine_name) VALUES (45,French);
INSERT INTO chef_has_cuisine (chef_id,cuisine_name) VALUES (45,German);
INSERT INTO chef_has_cuisine (chef_id,cuisine_name) VALUES (46,American);
INSERT INTO chef_has_cuisine (chef_id,cuisine_name) VALUES (46,Bulgarian);
INSERT INTO chef_has_cuisine (chef_id,cuisine_name) VALUES (47,Korean);
INSERT INTO chef_has_cuisine (chef_id,cuisine_name) VALUES (47,German);
INSERT INTO chef_has_cuisine (chef_id,cuisine_name) VALUES (47,Indian);
INSERT INTO chef_has_cuisine (chef_id,cuisine_name) VALUES (48,Italian);
INSERT INTO chef_has_cuisine (chef_id,cuisine_name) VALUES (49,Italian);
INSERT INTO chef_has_cuisine (chef_id,cuisine_name) VALUES (50,Indian);
INSERT INTO chef_has_cuisine (chef_id,cuisine_name) VALUES (50,Bulgarian);
INSERT INTO chef_has_cuisine (chef_id,cuisine_name) VALUES (51,Korean);
INSERT INTO chef_has_cuisine (chef_id,cuisine_name) VALUES (52,Albanian);
INSERT INTO chef_has_cuisine (chef_id,cuisine_name) VALUES (53,Mexican);
INSERT INTO chef_has_cuisine (chef_id,cuisine_name) VALUES (54,Chinese);
INSERT INTO chef_has_cuisine (chef_id,cuisine_name) VALUES (54,Indian);
INSERT INTO chef_has_cuisine (chef_id,cuisine_name) VALUES (54,German);
INSERT INTO chef_has_cuisine (chef_id,cuisine_name) VALUES (55,Turkish);
INSERT INTO chef_has_cuisine (chef_id,cuisine_name) VALUES (55,German);
INSERT INTO chef_has_cuisine (chef_id,cuisine_name) VALUES (55,Japanese);
INSERT INTO chef_has_cuisine (chef_id,cuisine_name) VALUES (56,Italian);
INSERT INTO chef_has_cuisine (chef_id,cuisine_name) VALUES (56,Bulgarian);
INSERT INTO chef_has_cuisine (chef_id,cuisine_name) VALUES (56,French);
INSERT INTO chef_has_cuisine (chef_id,cuisine_name) VALUES (57,German);
INSERT INTO chef_has_cuisine (chef_id,cuisine_name) VALUES (57,Bulgarian);
INSERT INTO chef_has_cuisine (chef_id,cuisine_name) VALUES (57,French);
INSERT INTO chef_has_cuisine (chef_id,cuisine_name) VALUES (58,Italian);
INSERT INTO chef_has_cuisine (chef_id,cuisine_name) VALUES (58,Indian);
INSERT INTO chef_has_cuisine (chef_id,cuisine_name) VALUES (58,Mexican);
INSERT INTO chef_has_cuisine (chef_id,cuisine_name) VALUES (59,German);
INSERT INTO chef_has_cuisine (chef_id,cuisine_name) VALUES (60,Russian);
INSERT INTO chef_has_cuisine (chef_id,cuisine_name) VALUES (61,French);
INSERT INTO chef_has_cuisine (chef_id,cuisine_name) VALUES (62,Indian);
INSERT INTO chef_has_cuisine (chef_id,cuisine_name) VALUES (62,German);
INSERT INTO chef_has_cuisine (chef_id,cuisine_name) VALUES (62,Turkish);
INSERT INTO chef_has_cuisine (chef_id,cuisine_name) VALUES (63,Russian);
INSERT INTO chef_has_cuisine (chef_id,cuisine_name) VALUES (64,Bulgarian);
INSERT INTO chef_has_cuisine (chef_id,cuisine_name) VALUES (64,Korean);
INSERT INTO chef_has_cuisine (chef_id,cuisine_name) VALUES (65,Bulgarian);
INSERT INTO chef_has_cuisine (chef_id,cuisine_name) VALUES (65,Greek);
INSERT INTO chef_has_cuisine (chef_id,cuisine_name) VALUES (65,Japanese);
INSERT INTO chef_has_cuisine (chef_id,cuisine_name) VALUES (66,German);
INSERT INTO chef_has_cuisine (chef_id,cuisine_name) VALUES (66,Chinese);
INSERT INTO chef_has_cuisine (chef_id,cuisine_name) VALUES (66,Greek);
INSERT INTO chef_has_cuisine (chef_id,cuisine_name) VALUES (67,Turkish);
INSERT INTO chef_has_cuisine (chef_id,cuisine_name) VALUES (67,German);
INSERT INTO chef_has_cuisine (chef_id,cuisine_name) VALUES (67,French);
INSERT INTO chef_has_cuisine (chef_id,cuisine_name) VALUES (68,Italian);
INSERT INTO chef_has_cuisine (chef_id,cuisine_name) VALUES (68,Turkish);
INSERT INTO chef_has_cuisine (chef_id,cuisine_name) VALUES (69,French);
INSERT INTO chef_has_cuisine (chef_id,cuisine_name) VALUES (69,Albanian);
INSERT INTO chef_has_cuisine (chef_id,cuisine_name) VALUES (70,American);
INSERT INTO chef_has_cuisine (chef_id,cuisine_name) VALUES (70,Italian);
INSERT INTO chef_has_cuisine (chef_id,cuisine_name) VALUES (70,Bulgarian);
INSERT INTO chef_has_cuisine (chef_id,cuisine_name) VALUES (71,German);
INSERT INTO chef_has_cuisine (chef_id,cuisine_name) VALUES (71,Italian);
INSERT INTO chef_has_cuisine (chef_id,cuisine_name) VALUES (72,Indian);
INSERT INTO chef_has_cuisine (chef_id,cuisine_name) VALUES (72,Chinese);
INSERT INTO chef_has_cuisine (chef_id,cuisine_name) VALUES (72,Russian);
INSERT INTO chef_has_cuisine (chef_id,cuisine_name) VALUES (73,Russian);
INSERT INTO chef_has_cuisine (chef_id,cuisine_name) VALUES (73,Albanian);
INSERT INTO chef_has_cuisine (chef_id,cuisine_name) VALUES (73,French);
INSERT INTO chef_has_cuisine (chef_id,cuisine_name) VALUES (74,Indian);
INSERT INTO chef_has_cuisine (chef_id,cuisine_name) VALUES (75,Indian);
INSERT INTO chef_has_cuisine (chef_id,cuisine_name) VALUES (75,Mexican);
INSERT INTO chef_has_cuisine (chef_id,cuisine_name) VALUES (76,Turkish);
INSERT INTO chef_has_cuisine (chef_id,cuisine_name) VALUES (77,Mexican);
INSERT INTO chef_has_cuisine (chef_id,cuisine_name) VALUES (77,Chinese);
INSERT INTO chef_has_cuisine (chef_id,cuisine_name) VALUES (77,Russian);
INSERT INTO chef_has_cuisine (chef_id,cuisine_name) VALUES (78,Indian);
INSERT INTO chef_has_cuisine (chef_id,cuisine_name) VALUES (78,American);
INSERT INTO chef_has_cuisine (chef_id,cuisine_name) VALUES (79,American);
INSERT INTO chef_has_cuisine (chef_id,cuisine_name) VALUES (80,Japanese);
INSERT INTO chef_has_cuisine (chef_id,cuisine_name) VALUES (81,Italian);
INSERT INTO chef_has_cuisine (chef_id,cuisine_name) VALUES (82,Bulgarian);
INSERT INTO chef_has_cuisine (chef_id,cuisine_name) VALUES (82,American);
INSERT INTO chef_has_cuisine (chef_id,cuisine_name) VALUES (82,Korean);
INSERT INTO chef_has_cuisine (chef_id,cuisine_name) VALUES (83,Korean);
INSERT INTO chef_has_cuisine (chef_id,cuisine_name) VALUES (83,German);
INSERT INTO chef_has_cuisine (chef_id,cuisine_name) VALUES (84,German);
INSERT INTO chef_has_cuisine (chef_id,cuisine_name) VALUES (84,Turkish);
INSERT INTO chef_has_cuisine (chef_id,cuisine_name) VALUES (85,Italian);
INSERT INTO chef_has_cuisine (chef_id,cuisine_name) VALUES (85,Bulgarian);
INSERT INTO chef_has_cuisine (chef_id,cuisine_name) VALUES (85,Mexican);
INSERT INTO chef_has_cuisine (chef_id,cuisine_name) VALUES (86,Bulgarian);
INSERT INTO chef_has_cuisine (chef_id,cuisine_name) VALUES (87,German);
INSERT INTO chef_has_cuisine (chef_id,cuisine_name) VALUES (87,Indian);
INSERT INTO chef_has_cuisine (chef_id,cuisine_name) VALUES (88,French);
INSERT INTO chef_has_cuisine (chef_id,cuisine_name) VALUES (88,Mexican);
INSERT INTO chef_has_cuisine (chef_id,cuisine_name) VALUES (88,Russian);
INSERT INTO chef_has_cuisine (chef_id,cuisine_name) VALUES (89,Korean);
INSERT INTO chef_has_cuisine (chef_id,cuisine_name) VALUES (90,German);
INSERT INTO chef_has_cuisine (chef_id,cuisine_name) VALUES (90,Japanese);
INSERT INTO chef_has_cuisine (chef_id,cuisine_name) VALUES (91,Indian);
INSERT INTO chef_has_cuisine (chef_id,cuisine_name) VALUES (92,Bulgarian);
INSERT INTO chef_has_cuisine (chef_id,cuisine_name) VALUES (92,Turkish);
INSERT INTO chef_has_cuisine (chef_id,cuisine_name) VALUES (92,Russian);
INSERT INTO chef_has_cuisine (chef_id,cuisine_name) VALUES (93,Turkish);
INSERT INTO chef_has_cuisine (chef_id,cuisine_name) VALUES (94,French);
INSERT INTO chef_has_cuisine (chef_id,cuisine_name) VALUES (95,Chinese);
INSERT INTO chef_has_cuisine (chef_id,cuisine_name) VALUES (96,American);
INSERT INTO chef_has_cuisine (chef_id,cuisine_name) VALUES (96,Russian);
INSERT INTO chef_has_cuisine (chef_id,cuisine_name) VALUES (97,Greek);
INSERT INTO chef_has_cuisine (chef_id,cuisine_name) VALUES (97,Russian);
INSERT INTO chef_has_cuisine (chef_id,cuisine_name) VALUES (98,French);
INSERT INTO chef_has_cuisine (chef_id,cuisine_name) VALUES (99,Indian);
INSERT INTO chef_has_cuisine (chef_id,cuisine_name) VALUES (100,Albanian);
INSERT INTO episode (id,year,image_id) VALUES (1,2020,202001);
INSERT INTO episode (id,year,image_id) VALUES (2,2020,202002);
INSERT INTO episode (id,year,image_id) VALUES (3,2020,202003);
INSERT INTO episode (id,year,image_id) VALUES (4,2020,202004);
INSERT INTO episode (id,year,image_id) VALUES (5,2020,202005);
INSERT INTO episode (id,year,image_id) VALUES (6,2020,202006);
INSERT INTO episode (id,year,image_id) VALUES (7,2020,202007);
INSERT INTO episode (id,year,image_id) VALUES (8,2020,202008);
INSERT INTO episode (id,year,image_id) VALUES (9,2020,202009);
INSERT INTO episode (id,year,image_id) VALUES (10,2020,202010);
INSERT INTO episode (id,year,image_id) VALUES (1,2021,202101);
INSERT INTO episode (id,year,image_id) VALUES (2,2021,202102);
INSERT INTO episode (id,year,image_id) VALUES (3,2021,202103);
INSERT INTO episode (id,year,image_id) VALUES (4,2021,202104);
INSERT INTO episode (id,year,image_id) VALUES (5,2021,202105);
INSERT INTO episode (id,year,image_id) VALUES (6,2021,202106);
INSERT INTO episode (id,year,image_id) VALUES (7,2021,202107);
INSERT INTO episode (id,year,image_id) VALUES (8,2021,202108);
INSERT INTO episode (id,year,image_id) VALUES (9,2021,202109);
INSERT INTO episode (id,year,image_id) VALUES (10,2021,202110);
INSERT INTO episode (id,year,image_id) VALUES (1,2022,202201);
INSERT INTO episode (id,year,image_id) VALUES (2,2022,202202);
INSERT INTO episode (id,year,image_id) VALUES (3,2022,202203);
INSERT INTO episode (id,year,image_id) VALUES (4,2022,202204);
INSERT INTO episode (id,year,image_id) VALUES (5,2022,202205);
INSERT INTO episode (id,year,image_id) VALUES (6,2022,202206);
INSERT INTO episode (id,year,image_id) VALUES (7,2022,202207);
INSERT INTO episode (id,year,image_id) VALUES (8,2022,202208);
INSERT INTO episode (id,year,image_id) VALUES (9,2022,202209);
INSERT INTO episode (id,year,image_id) VALUES (10,2022,202210);
INSERT INTO episode (id,year,image_id) VALUES (1,2023,202301);
INSERT INTO episode (id,year,image_id) VALUES (2,2023,202302);
INSERT INTO episode (id,year,image_id) VALUES (3,2023,202303);
INSERT INTO episode (id,year,image_id) VALUES (4,2023,202304);
INSERT INTO episode (id,year,image_id) VALUES (5,2023,202305);
INSERT INTO episode (id,year,image_id) VALUES (6,2023,202306);
INSERT INTO episode (id,year,image_id) VALUES (7,2023,202307);
INSERT INTO episode (id,year,image_id) VALUES (8,2023,202308);
INSERT INTO episode (id,year,image_id) VALUES (9,2023,202309);
INSERT INTO episode (id,year,image_id) VALUES (10,2023,202310);
INSERT INTO episode (id,year,image_id) VALUES (1,2024,202401);
INSERT INTO episode (id,year,image_id) VALUES (2,2024,202402);
INSERT INTO episode (id,year,image_id) VALUES (3,2024,202403);
INSERT INTO episode (id,year,image_id) VALUES (4,2024,202404);
INSERT INTO episode (id,year,image_id) VALUES (5,2024,202405);
INSERT INTO episode (id,year,image_id) VALUES (6,2024,202406);
INSERT INTO episode (id,year,image_id) VALUES (7,2024,202407);
INSERT INTO episode (id,year,image_id) VALUES (8,2024,202408);
INSERT INTO episode (id,year,image_id) VALUES (9,2024,202409);
INSERT INTO episode (id,year,image_id) VALUES (10,2024,202410);
INSERT INTO episode_judges (episode_id,episode_year,chef_id) VALUES (1,2020,28);
INSERT INTO episode_judges (episode_id,episode_year,chef_id) VALUES (1,2020,45);
INSERT INTO episode_judges (episode_id,episode_year,chef_id) VALUES (1,2020,95);
INSERT INTO episode_judges (episode_id,episode_year,chef_id) VALUES (2,2020,5);
INSERT INTO episode_judges (episode_id,episode_year,chef_id) VALUES (2,2020,19);
INSERT INTO episode_judges (episode_id,episode_year,chef_id) VALUES (2,2020,16);
INSERT INTO episode_judges (episode_id,episode_year,chef_id) VALUES (3,2020,97);
INSERT INTO episode_judges (episode_id,episode_year,chef_id) VALUES (3,2020,78);
INSERT INTO episode_judges (episode_id,episode_year,chef_id) VALUES (3,2020,70);
INSERT INTO episode_judges (episode_id,episode_year,chef_id) VALUES (4,2020,82);
INSERT INTO episode_judges (episode_id,episode_year,chef_id) VALUES (4,2020,68);
INSERT INTO episode_judges (episode_id,episode_year,chef_id) VALUES (4,2020,89);
INSERT INTO episode_judges (episode_id,episode_year,chef_id) VALUES (5,2020,79);
INSERT INTO episode_judges (episode_id,episode_year,chef_id) VALUES (5,2020,91);
INSERT INTO episode_judges (episode_id,episode_year,chef_id) VALUES (5,2020,36);
INSERT INTO episode_judges (episode_id,episode_year,chef_id) VALUES (6,2020,6);
INSERT INTO episode_judges (episode_id,episode_year,chef_id) VALUES (6,2020,98);
INSERT INTO episode_judges (episode_id,episode_year,chef_id) VALUES (6,2020,75);
INSERT INTO episode_judges (episode_id,episode_year,chef_id) VALUES (7,2020,73);
INSERT INTO episode_judges (episode_id,episode_year,chef_id) VALUES (7,2020,57);
INSERT INTO episode_judges (episode_id,episode_year,chef_id) VALUES (7,2020,86);
INSERT INTO episode_judges (episode_id,episode_year,chef_id) VALUES (8,2020,43);
INSERT INTO episode_judges (episode_id,episode_year,chef_id) VALUES (8,2020,70);
INSERT INTO episode_judges (episode_id,episode_year,chef_id) VALUES (8,2020,66);
INSERT INTO episode_judges (episode_id,episode_year,chef_id) VALUES (9,2020,83);
INSERT INTO episode_judges (episode_id,episode_year,chef_id) VALUES (9,2020,86);
INSERT INTO episode_judges (episode_id,episode_year,chef_id) VALUES (9,2020,72);
INSERT INTO episode_judges (episode_id,episode_year,chef_id) VALUES (10,2020,49);
INSERT INTO episode_judges (episode_id,episode_year,chef_id) VALUES (10,2020,58);
INSERT INTO episode_judges (episode_id,episode_year,chef_id) VALUES (10,2020,5);
INSERT INTO episode_judges (episode_id,episode_year,chef_id) VALUES (1,2021,55);
INSERT INTO episode_judges (episode_id,episode_year,chef_id) VALUES (1,2021,50);
INSERT INTO episode_judges (episode_id,episode_year,chef_id) VALUES (1,2021,99);
INSERT INTO episode_judges (episode_id,episode_year,chef_id) VALUES (2,2021,7);
INSERT INTO episode_judges (episode_id,episode_year,chef_id) VALUES (2,2021,23);
INSERT INTO episode_judges (episode_id,episode_year,chef_id) VALUES (2,2021,54);
INSERT INTO episode_judges (episode_id,episode_year,chef_id) VALUES (3,2021,17);
INSERT INTO episode_judges (episode_id,episode_year,chef_id) VALUES (3,2021,25);
INSERT INTO episode_judges (episode_id,episode_year,chef_id) VALUES (3,2021,14);
INSERT INTO episode_judges (episode_id,episode_year,chef_id) VALUES (4,2021,28);
INSERT INTO episode_judges (episode_id,episode_year,chef_id) VALUES (4,2021,21);
INSERT INTO episode_judges (episode_id,episode_year,chef_id) VALUES (4,2021,37);
INSERT INTO episode_judges (episode_id,episode_year,chef_id) VALUES (5,2021,15);
INSERT INTO episode_judges (episode_id,episode_year,chef_id) VALUES (5,2021,82);
INSERT INTO episode_judges (episode_id,episode_year,chef_id) VALUES (5,2021,18);
INSERT INTO episode_judges (episode_id,episode_year,chef_id) VALUES (6,2021,62);
INSERT INTO episode_judges (episode_id,episode_year,chef_id) VALUES (6,2021,45);
INSERT INTO episode_judges (episode_id,episode_year,chef_id) VALUES (6,2021,55);
INSERT INTO episode_judges (episode_id,episode_year,chef_id) VALUES (7,2021,80);
INSERT INTO episode_judges (episode_id,episode_year,chef_id) VALUES (7,2021,63);
INSERT INTO episode_judges (episode_id,episode_year,chef_id) VALUES (7,2021,29);
INSERT INTO episode_judges (episode_id,episode_year,chef_id) VALUES (8,2021,78);
INSERT INTO episode_judges (episode_id,episode_year,chef_id) VALUES (8,2021,3);
INSERT INTO episode_judges (episode_id,episode_year,chef_id) VALUES (8,2021,75);
INSERT INTO episode_judges (episode_id,episode_year,chef_id) VALUES (9,2021,42);
INSERT INTO episode_judges (episode_id,episode_year,chef_id) VALUES (9,2021,13);
INSERT INTO episode_judges (episode_id,episode_year,chef_id) VALUES (9,2021,36);
INSERT INTO episode_judges (episode_id,episode_year,chef_id) VALUES (10,2021,91);
INSERT INTO episode_judges (episode_id,episode_year,chef_id) VALUES (10,2021,32);
INSERT INTO episode_judges (episode_id,episode_year,chef_id) VALUES (10,2021,6);
INSERT INTO episode_judges (episode_id,episode_year,chef_id) VALUES (1,2022,66);
INSERT INTO episode_judges (episode_id,episode_year,chef_id) VALUES (1,2022,20);
INSERT INTO episode_judges (episode_id,episode_year,chef_id) VALUES (1,2022,95);
INSERT INTO episode_judges (episode_id,episode_year,chef_id) VALUES (2,2022,96);
INSERT INTO episode_judges (episode_id,episode_year,chef_id) VALUES (2,2022,97);
INSERT INTO episode_judges (episode_id,episode_year,chef_id) VALUES (2,2022,47);
INSERT INTO episode_judges (episode_id,episode_year,chef_id) VALUES (3,2022,78);
INSERT INTO episode_judges (episode_id,episode_year,chef_id) VALUES (3,2022,58);
INSERT INTO episode_judges (episode_id,episode_year,chef_id) VALUES (3,2022,65);
INSERT INTO episode_judges (episode_id,episode_year,chef_id) VALUES (4,2022,38);
INSERT INTO episode_judges (episode_id,episode_year,chef_id) VALUES (4,2022,83);
INSERT INTO episode_judges (episode_id,episode_year,chef_id) VALUES (4,2022,27);
INSERT INTO episode_judges (episode_id,episode_year,chef_id) VALUES (5,2022,41);
INSERT INTO episode_judges (episode_id,episode_year,chef_id) VALUES (5,2022,100);
INSERT INTO episode_judges (episode_id,episode_year,chef_id) VALUES (5,2022,18);
INSERT INTO episode_judges (episode_id,episode_year,chef_id) VALUES (6,2022,70);
INSERT INTO episode_judges (episode_id,episode_year,chef_id) VALUES (6,2022,94);
INSERT INTO episode_judges (episode_id,episode_year,chef_id) VALUES (6,2022,33);
INSERT INTO episode_judges (episode_id,episode_year,chef_id) VALUES (7,2022,60);
INSERT INTO episode_judges (episode_id,episode_year,chef_id) VALUES (7,2022,27);
INSERT INTO episode_judges (episode_id,episode_year,chef_id) VALUES (7,2022,47);
INSERT INTO episode_judges (episode_id,episode_year,chef_id) VALUES (8,2022,83);
INSERT INTO episode_judges (episode_id,episode_year,chef_id) VALUES (8,2022,74);
INSERT INTO episode_judges (episode_id,episode_year,chef_id) VALUES (8,2022,34);
INSERT INTO episode_judges (episode_id,episode_year,chef_id) VALUES (9,2022,60);
INSERT INTO episode_judges (episode_id,episode_year,chef_id) VALUES (9,2022,12);
INSERT INTO episode_judges (episode_id,episode_year,chef_id) VALUES (9,2022,8);
INSERT INTO episode_judges (episode_id,episode_year,chef_id) VALUES (10,2022,53);
INSERT INTO episode_judges (episode_id,episode_year,chef_id) VALUES (10,2022,81);
INSERT INTO episode_judges (episode_id,episode_year,chef_id) VALUES (10,2022,11);
INSERT INTO episode_judges (episode_id,episode_year,chef_id) VALUES (1,2023,30);
INSERT INTO episode_judges (episode_id,episode_year,chef_id) VALUES (1,2023,76);
INSERT INTO episode_judges (episode_id,episode_year,chef_id) VALUES (1,2023,63);
INSERT INTO episode_judges (episode_id,episode_year,chef_id) VALUES (2,2023,100);
INSERT INTO episode_judges (episode_id,episode_year,chef_id) VALUES (2,2023,14);
INSERT INTO episode_judges (episode_id,episode_year,chef_id) VALUES (2,2023,64);
INSERT INTO episode_judges (episode_id,episode_year,chef_id) VALUES (3,2023,42);
INSERT INTO episode_judges (episode_id,episode_year,chef_id) VALUES (3,2023,39);
INSERT INTO episode_judges (episode_id,episode_year,chef_id) VALUES (3,2023,92);
INSERT INTO episode_judges (episode_id,episode_year,chef_id) VALUES (4,2023,8);
INSERT INTO episode_judges (episode_id,episode_year,chef_id) VALUES (4,2023,3);
INSERT INTO episode_judges (episode_id,episode_year,chef_id) VALUES (4,2023,54);
INSERT INTO episode_judges (episode_id,episode_year,chef_id) VALUES (5,2023,89);
INSERT INTO episode_judges (episode_id,episode_year,chef_id) VALUES (5,2023,16);
INSERT INTO episode_judges (episode_id,episode_year,chef_id) VALUES (5,2023,7);
INSERT INTO episode_judges (episode_id,episode_year,chef_id) VALUES (6,2023,79);
INSERT INTO episode_judges (episode_id,episode_year,chef_id) VALUES (6,2023,86);
INSERT INTO episode_judges (episode_id,episode_year,chef_id) VALUES (6,2023,39);
INSERT INTO episode_judges (episode_id,episode_year,chef_id) VALUES (7,2023,57);
INSERT INTO episode_judges (episode_id,episode_year,chef_id) VALUES (7,2023,60);
INSERT INTO episode_judges (episode_id,episode_year,chef_id) VALUES (7,2023,59);
INSERT INTO episode_judges (episode_id,episode_year,chef_id) VALUES (8,2023,63);
INSERT INTO episode_judges (episode_id,episode_year,chef_id) VALUES (8,2023,14);
INSERT INTO episode_judges (episode_id,episode_year,chef_id) VALUES (8,2023,87);
INSERT INTO episode_judges (episode_id,episode_year,chef_id) VALUES (9,2023,63);
INSERT INTO episode_judges (episode_id,episode_year,chef_id) VALUES (9,2023,59);
INSERT INTO episode_judges (episode_id,episode_year,chef_id) VALUES (9,2023,39);
INSERT INTO episode_judges (episode_id,episode_year,chef_id) VALUES (10,2023,34);
INSERT INTO episode_judges (episode_id,episode_year,chef_id) VALUES (10,2023,77);
INSERT INTO episode_judges (episode_id,episode_year,chef_id) VALUES (10,2023,80);
INSERT INTO episode_judges (episode_id,episode_year,chef_id) VALUES (1,2024,56);
INSERT INTO episode_judges (episode_id,episode_year,chef_id) VALUES (1,2024,64);
INSERT INTO episode_judges (episode_id,episode_year,chef_id) VALUES (1,2024,83);
INSERT INTO episode_judges (episode_id,episode_year,chef_id) VALUES (2,2024,54);
INSERT INTO episode_judges (episode_id,episode_year,chef_id) VALUES (2,2024,3);
INSERT INTO episode_judges (episode_id,episode_year,chef_id) VALUES (2,2024,83);
INSERT INTO episode_judges (episode_id,episode_year,chef_id) VALUES (3,2024,67);
INSERT INTO episode_judges (episode_id,episode_year,chef_id) VALUES (3,2024,8);
INSERT INTO episode_judges (episode_id,episode_year,chef_id) VALUES (3,2024,27);
INSERT INTO episode_judges (episode_id,episode_year,chef_id) VALUES (4,2024,16);
INSERT INTO episode_judges (episode_id,episode_year,chef_id) VALUES (4,2024,26);
INSERT INTO episode_judges (episode_id,episode_year,chef_id) VALUES (4,2024,1);
INSERT INTO episode_judges (episode_id,episode_year,chef_id) VALUES (5,2024,8);
INSERT INTO episode_judges (episode_id,episode_year,chef_id) VALUES (5,2024,82);
INSERT INTO episode_judges (episode_id,episode_year,chef_id) VALUES (5,2024,43);
INSERT INTO episode_judges (episode_id,episode_year,chef_id) VALUES (6,2024,70);
INSERT INTO episode_judges (episode_id,episode_year,chef_id) VALUES (6,2024,57);
INSERT INTO episode_judges (episode_id,episode_year,chef_id) VALUES (6,2024,14);
INSERT INTO episode_judges (episode_id,episode_year,chef_id) VALUES (7,2024,98);
INSERT INTO episode_judges (episode_id,episode_year,chef_id) VALUES (7,2024,89);
INSERT INTO episode_judges (episode_id,episode_year,chef_id) VALUES (7,2024,95);
INSERT INTO episode_judges (episode_id,episode_year,chef_id) VALUES (8,2024,19);
INSERT INTO episode_judges (episode_id,episode_year,chef_id) VALUES (8,2024,6);
INSERT INTO episode_judges (episode_id,episode_year,chef_id) VALUES (8,2024,72);
INSERT INTO episode_judges (episode_id,episode_year,chef_id) VALUES (9,2024,25);
INSERT INTO episode_judges (episode_id,episode_year,chef_id) VALUES (9,2024,91);
INSERT INTO episode_judges (episode_id,episode_year,chef_id) VALUES (9,2024,14);
INSERT INTO episode_judges (episode_id,episode_year,chef_id) VALUES (10,2024,83);
INSERT INTO episode_judges (episode_id,episode_year,chef_id) VALUES (10,2024,20);
INSERT INTO episode_judges (episode_id,episode_year,chef_id) VALUES (10,2024,9);
INSERT INTO episode_has_recipe (episode_id,episode_year,recipe_name,recipe_cuisine_name,chef_id) VALUES (1,2020,Fried Chicken,Bulgarian,96);
INSERT INTO episode_has_recipe (episode_id,episode_year,recipe_name,recipe_cuisine_name,chef_id) VALUES (1,2020,Beef Stroganoff,Indian,42);
INSERT INTO episode_has_recipe (episode_id,episode_year,recipe_name,recipe_cuisine_name,chef_id) VALUES (1,2020,Cheeseburger,Albanian,90);
INSERT INTO episode_has_recipe (episode_id,episode_year,recipe_name,recipe_cuisine_name,chef_id) VALUES (1,2020,Syrniki,Mexican,20);
INSERT INTO episode_has_recipe (episode_id,episode_year,recipe_name,recipe_cuisine_name,chef_id) VALUES (1,2020,Borscht,Japanese,74);
INSERT INTO episode_has_recipe (episode_id,episode_year,recipe_name,recipe_cuisine_name,chef_id) VALUES (1,2020,Pelmeni,Chinese,75);
INSERT INTO episode_has_recipe (episode_id,episode_year,recipe_name,recipe_cuisine_name,chef_id) VALUES (1,2020,Macaroni and Cheese,Russian,43);
INSERT INTO episode_has_recipe (episode_id,episode_year,recipe_name,recipe_cuisine_name,chef_id) VALUES (1,2020,Pancakes,French,57);
INSERT INTO episode_has_recipe (episode_id,episode_year,recipe_name,recipe_cuisine_name,chef_id) VALUES (1,2020,Garash Cake,Greek,10);
INSERT INTO episode_has_recipe (episode_id,episode_year,recipe_name,recipe_cuisine_name,chef_id) VALUES (1,2020,Medovik,Italian,54);
INSERT INTO episode_has_recipe (episode_id,episode_year,recipe_name,recipe_cuisine_name,chef_id) VALUES (2,2020,Borscht,Japanese,36);
INSERT INTO episode_has_recipe (episode_id,episode_year,recipe_name,recipe_cuisine_name,chef_id) VALUES (2,2020,Përime në zgare,Korean,68);
INSERT INTO episode_has_recipe (episode_id,episode_year,recipe_name,recipe_cuisine_name,chef_id) VALUES (2,2020,Beef Stroganoff,Indian,83);
INSERT INTO episode_has_recipe (episode_id,episode_year,recipe_name,recipe_cuisine_name,chef_id) VALUES (2,2020,Sarmi,French,40);
INSERT INTO episode_has_recipe (episode_id,episode_year,recipe_name,recipe_cuisine_name,chef_id) VALUES (2,2020,Cheeseburger,Albanian,72);
INSERT INTO episode_has_recipe (episode_id,episode_year,recipe_name,recipe_cuisine_name,chef_id) VALUES (2,2020,Brownies,Chinese,81);
INSERT INTO episode_has_recipe (episode_id,episode_year,recipe_name,recipe_cuisine_name,chef_id) VALUES (2,2020,Mekitsa,Turkish,76);
INSERT INTO episode_has_recipe (episode_id,episode_year,recipe_name,recipe_cuisine_name,chef_id) VALUES (2,2020,Fried Chicken,Bulgarian,45);
INSERT INTO episode_has_recipe (episode_id,episode_year,recipe_name,recipe_cuisine_name,chef_id) VALUES (2,2020,Syrniki,Mexican,25);
INSERT INTO episode_has_recipe (episode_id,episode_year,recipe_name,recipe_cuisine_name,chef_id) VALUES (2,2020,BLT Sandwich,Italian,8);
INSERT INTO episode_has_recipe (episode_id,episode_year,recipe_name,recipe_cuisine_name,chef_id) VALUES (3,2020,Speca të mbushur,Italian,14);
INSERT INTO episode_has_recipe (episode_id,episode_year,recipe_name,recipe_cuisine_name,chef_id) VALUES (3,2020,Banitsa,Korean,29);
INSERT INTO episode_has_recipe (episode_id,episode_year,recipe_name,recipe_cuisine_name,chef_id) VALUES (3,2020,Shëndetli,Mexican,100);
INSERT INTO episode_has_recipe (episode_id,episode_year,recipe_name,recipe_cuisine_name,chef_id) VALUES (3,2020,Fried Chicken,Bulgarian,94);
INSERT INTO episode_has_recipe (episode_id,episode_year,recipe_name,recipe_cuisine_name,chef_id) VALUES (3,2020,Mekitsa,Turkish,32);
INSERT INTO episode_has_recipe (episode_id,episode_year,recipe_name,recipe_cuisine_name,chef_id) VALUES (3,2020,Bulgarian Cheese Toast,Russian,86);
INSERT INTO episode_has_recipe (episode_id,episode_year,recipe_name,recipe_cuisine_name,chef_id) VALUES (3,2020,Tavë Kosi,Greek,99);
INSERT INTO episode_has_recipe (episode_id,episode_year,recipe_name,recipe_cuisine_name,chef_id) VALUES (3,2020,Musaka,Albanian,30);
INSERT INTO episode_has_recipe (episode_id,episode_year,recipe_name,recipe_cuisine_name,chef_id) VALUES (3,2020,Bakllasarem,French,42);
INSERT INTO episode_has_recipe (episode_id,episode_year,recipe_name,recipe_cuisine_name,chef_id) VALUES (3,2020,Borscht,Japanese,20);
INSERT INTO episode_has_recipe (episode_id,episode_year,recipe_name,recipe_cuisine_name,chef_id) VALUES (4,2020,Kasha,German,44);
INSERT INTO episode_has_recipe (episode_id,episode_year,recipe_name,recipe_cuisine_name,chef_id) VALUES (4,2020,Brownies,Chinese,19);
INSERT INTO episode_has_recipe (episode_id,episode_year,recipe_name,recipe_cuisine_name,chef_id) VALUES (4,2020,Bakllasarem,French,98);
INSERT INTO episode_has_recipe (episode_id,episode_year,recipe_name,recipe_cuisine_name,chef_id) VALUES (4,2020,Medovik,Italian,53);
INSERT INTO episode_has_recipe (episode_id,episode_year,recipe_name,recipe_cuisine_name,chef_id) VALUES (4,2020,Mekitsa,Turkish,76);
INSERT INTO episode_has_recipe (episode_id,episode_year,recipe_name,recipe_cuisine_name,chef_id) VALUES (4,2020,Apple Pie,American,17);
INSERT INTO episode_has_recipe (episode_id,episode_year,recipe_name,recipe_cuisine_name,chef_id) VALUES (4,2020,Chocolate Chip Cookies,Indian,69);
INSERT INTO episode_has_recipe (episode_id,episode_year,recipe_name,recipe_cuisine_name,chef_id) VALUES (4,2020,Olivier Salad,Albanian,72);
INSERT INTO episode_has_recipe (episode_id,episode_year,recipe_name,recipe_cuisine_name,chef_id) VALUES (4,2020,Shëndetli,Mexican,50);
INSERT INTO episode_has_recipe (episode_id,episode_year,recipe_name,recipe_cuisine_name,chef_id) VALUES (4,2020,Borscht,Japanese,4);
INSERT INTO episode_has_recipe (episode_id,episode_year,recipe_name,recipe_cuisine_name,chef_id) VALUES (5,2020,Musaka,Albanian,52);
INSERT INTO episode_has_recipe (episode_id,episode_year,recipe_name,recipe_cuisine_name,chef_id) VALUES (5,2020,Beef Stroganoff,Indian,19);
INSERT INTO episode_has_recipe (episode_id,episode_year,recipe_name,recipe_cuisine_name,chef_id) VALUES (5,2020,Qifqi,German,97);
INSERT INTO episode_has_recipe (episode_id,episode_year,recipe_name,recipe_cuisine_name,chef_id) VALUES (5,2020,Shchi,American,59);
INSERT INTO episode_has_recipe (episode_id,episode_year,recipe_name,recipe_cuisine_name,chef_id) VALUES (5,2020,Speca të mbushur,Italian,54);
INSERT INTO episode_has_recipe (episode_id,episode_year,recipe_name,recipe_cuisine_name,chef_id) VALUES (5,2020,Barbecue Ribs,Greek,10);
INSERT INTO episode_has_recipe (episode_id,episode_year,recipe_name,recipe_cuisine_name,chef_id) VALUES (5,2020,Pancakes,French,64);
INSERT INTO episode_has_recipe (episode_id,episode_year,recipe_name,recipe_cuisine_name,chef_id) VALUES (5,2020,Syrniki,Mexican,34);
INSERT INTO episode_has_recipe (episode_id,episode_year,recipe_name,recipe_cuisine_name,chef_id) VALUES (5,2020,Mekitsa,Turkish,74);
INSERT INTO episode_has_recipe (episode_id,episode_year,recipe_name,recipe_cuisine_name,chef_id) VALUES (5,2020,Byrek me Spinaq,Japanese,49);
INSERT INTO episode_has_recipe (episode_id,episode_year,recipe_name,recipe_cuisine_name,chef_id) VALUES (6,2020,Musaka,Albanian,38);
INSERT INTO episode_has_recipe (episode_id,episode_year,recipe_name,recipe_cuisine_name,chef_id) VALUES (6,2020,Bulgarian Cheese Toast,Russian,73);
INSERT INTO episode_has_recipe (episode_id,episode_year,recipe_name,recipe_cuisine_name,chef_id) VALUES (6,2020,Fried Chicken,Bulgarian,65);
INSERT INTO episode_has_recipe (episode_id,episode_year,recipe_name,recipe_cuisine_name,chef_id) VALUES (6,2020,Jani me fasule,Chinese,79);
INSERT INTO episode_has_recipe (episode_id,episode_year,recipe_name,recipe_cuisine_name,chef_id) VALUES (6,2020,Zefir,Turkish,58);
INSERT INTO episode_has_recipe (episode_id,episode_year,recipe_name,recipe_cuisine_name,chef_id) VALUES (6,2020,Sarmi,French,82);
INSERT INTO episode_has_recipe (episode_id,episode_year,recipe_name,recipe_cuisine_name,chef_id) VALUES (6,2020,Garash Cake,Greek,86);
INSERT INTO episode_has_recipe (episode_id,episode_year,recipe_name,recipe_cuisine_name,chef_id) VALUES (6,2020,Chocolate Chip Cookies,Indian,50);
INSERT INTO episode_has_recipe (episode_id,episode_year,recipe_name,recipe_cuisine_name,chef_id) VALUES (6,2020,Shopska Salata,Mexican,34);
INSERT INTO episode_has_recipe (episode_id,episode_year,recipe_name,recipe_cuisine_name,chef_id) VALUES (6,2020,Byrek me Spinaq,Japanese,24);
INSERT INTO episode_has_recipe (episode_id,episode_year,recipe_name,recipe_cuisine_name,chef_id) VALUES (7,2020,Speca të mbushur,Italian,2);
INSERT INTO episode_has_recipe (episode_id,episode_year,recipe_name,recipe_cuisine_name,chef_id) VALUES (7,2020,Garash Cake,Greek,79);
INSERT INTO episode_has_recipe (episode_id,episode_year,recipe_name,recipe_cuisine_name,chef_id) VALUES (7,2020,Bakllasarem,French,71);
INSERT INTO episode_has_recipe (episode_id,episode_year,recipe_name,recipe_cuisine_name,chef_id) VALUES (7,2020,Kadaif,Bulgarian,51);
INSERT INTO episode_has_recipe (episode_id,episode_year,recipe_name,recipe_cuisine_name,chef_id) VALUES (7,2020,Shopska Salata,Mexican,25);
INSERT INTO episode_has_recipe (episode_id,episode_year,recipe_name,recipe_cuisine_name,chef_id) VALUES (7,2020,Mish me midhje,Turkish,89);
INSERT INTO episode_has_recipe (episode_id,episode_year,recipe_name,recipe_cuisine_name,chef_id) VALUES (7,2020,Bulgarian Cheese Toast,Russian,94);
INSERT INTO episode_has_recipe (episode_id,episode_year,recipe_name,recipe_cuisine_name,chef_id) VALUES (7,2020,Chocolate Chip Cookies,Indian,67);
INSERT INTO episode_has_recipe (episode_id,episode_year,recipe_name,recipe_cuisine_name,chef_id) VALUES (7,2020,Pelmeni,Chinese,19);
INSERT INTO episode_has_recipe (episode_id,episode_year,recipe_name,recipe_cuisine_name,chef_id) VALUES (7,2020,Banitsa,Korean,68);
INSERT INTO episode_has_recipe (episode_id,episode_year,recipe_name,recipe_cuisine_name,chef_id) VALUES (8,2020,Borscht,Japanese,61);
INSERT INTO episode_has_recipe (episode_id,episode_year,recipe_name,recipe_cuisine_name,chef_id) VALUES (8,2020,Tavë Kosi,Greek,86);
INSERT INTO episode_has_recipe (episode_id,episode_year,recipe_name,recipe_cuisine_name,chef_id) VALUES (8,2020,Bulgarian Cheese Toast,Russian,10);
INSERT INTO episode_has_recipe (episode_id,episode_year,recipe_name,recipe_cuisine_name,chef_id) VALUES (8,2020,Mekitsa,Turkish,85);
INSERT INTO episode_has_recipe (episode_id,episode_year,recipe_name,recipe_cuisine_name,chef_id) VALUES (8,2020,Shëndetli,Mexican,34);
INSERT INTO episode_has_recipe (episode_id,episode_year,recipe_name,recipe_cuisine_name,chef_id) VALUES (8,2020,Musaka,Albanian,72);
INSERT INTO episode_has_recipe (episode_id,episode_year,recipe_name,recipe_cuisine_name,chef_id) VALUES (8,2020,Bakllasarem,French,98);
INSERT INTO episode_has_recipe (episode_id,episode_year,recipe_name,recipe_cuisine_name,chef_id) VALUES (8,2020,Kavarma,German,62);
INSERT INTO episode_has_recipe (episode_id,episode_year,recipe_name,recipe_cuisine_name,chef_id) VALUES (8,2020,Fërgesë,Indian,53);
INSERT INTO episode_has_recipe (episode_id,episode_year,recipe_name,recipe_cuisine_name,chef_id) VALUES (8,2020,Fried Chicken,Bulgarian,67);
INSERT INTO episode_has_recipe (episode_id,episode_year,recipe_name,recipe_cuisine_name,chef_id) VALUES (9,2020,Apple Pie,American,99);
INSERT INTO episode_has_recipe (episode_id,episode_year,recipe_name,recipe_cuisine_name,chef_id) VALUES (9,2020,Fried Chicken,Bulgarian,67);
INSERT INTO episode_has_recipe (episode_id,episode_year,recipe_name,recipe_cuisine_name,chef_id) VALUES (9,2020,Olivier Salad,Albanian,73);
INSERT INTO episode_has_recipe (episode_id,episode_year,recipe_name,recipe_cuisine_name,chef_id) VALUES (9,2020,BLT Sandwich,Italian,80);
INSERT INTO episode_has_recipe (episode_id,episode_year,recipe_name,recipe_cuisine_name,chef_id) VALUES (9,2020,Zefir,Turkish,76);
INSERT INTO episode_has_recipe (episode_id,episode_year,recipe_name,recipe_cuisine_name,chef_id) VALUES (9,2020,Macaroni and Cheese,Russian,57);
INSERT INTO episode_has_recipe (episode_id,episode_year,recipe_name,recipe_cuisine_name,chef_id) VALUES (9,2020,Shopska Salata,Mexican,37);
INSERT INTO episode_has_recipe (episode_id,episode_year,recipe_name,recipe_cuisine_name,chef_id) VALUES (9,2020,Barbecue Ribs,Greek,79);
INSERT INTO episode_has_recipe (episode_id,episode_year,recipe_name,recipe_cuisine_name,chef_id) VALUES (9,2020,Kavarma,German,16);
INSERT INTO episode_has_recipe (episode_id,episode_year,recipe_name,recipe_cuisine_name,chef_id) VALUES (9,2020,Borscht,Japanese,77);
INSERT INTO episode_has_recipe (episode_id,episode_year,recipe_name,recipe_cuisine_name,chef_id) VALUES (10,2020,Mish me midhje,Turkish,74);
INSERT INTO episode_has_recipe (episode_id,episode_year,recipe_name,recipe_cuisine_name,chef_id) VALUES (10,2020,BLT Sandwich,Italian,53);
INSERT INTO episode_has_recipe (episode_id,episode_year,recipe_name,recipe_cuisine_name,chef_id) VALUES (10,2020,Kasha,German,84);
INSERT INTO episode_has_recipe (episode_id,episode_year,recipe_name,recipe_cuisine_name,chef_id) VALUES (10,2020,Jani me fasule,Chinese,90);
INSERT INTO episode_has_recipe (episode_id,episode_year,recipe_name,recipe_cuisine_name,chef_id) VALUES (10,2020,Barbecue Ribs,Greek,28);
INSERT INTO episode_has_recipe (episode_id,episode_year,recipe_name,recipe_cuisine_name,chef_id) VALUES (10,2020,Byrek me Spinaq,Japanese,12);
INSERT INTO episode_has_recipe (episode_id,episode_year,recipe_name,recipe_cuisine_name,chef_id) VALUES (10,2020,Tarator,American,95);
INSERT INTO episode_has_recipe (episode_id,episode_year,recipe_name,recipe_cuisine_name,chef_id) VALUES (10,2020,Kadaif,Bulgarian,51);
INSERT INTO episode_has_recipe (episode_id,episode_year,recipe_name,recipe_cuisine_name,chef_id) VALUES (10,2020,Chocolate Chip Cookies,Indian,70);
INSERT INTO episode_has_recipe (episode_id,episode_year,recipe_name,recipe_cuisine_name,chef_id) VALUES (10,2020,Macaroni and Cheese,Russian,86);
INSERT INTO episode_has_recipe (episode_id,episode_year,recipe_name,recipe_cuisine_name,chef_id) VALUES (1,2021,Chocolate Chip Cookies,Indian,67);
INSERT INTO episode_has_recipe (episode_id,episode_year,recipe_name,recipe_cuisine_name,chef_id) VALUES (1,2021,Apple Pie,American,14);
INSERT INTO episode_has_recipe (episode_id,episode_year,recipe_name,recipe_cuisine_name,chef_id) VALUES (1,2021,Fried Chicken,Bulgarian,26);
INSERT INTO episode_has_recipe (episode_id,episode_year,recipe_name,recipe_cuisine_name,chef_id) VALUES (1,2021,Medovik,Italian,22);
INSERT INTO episode_has_recipe (episode_id,episode_year,recipe_name,recipe_cuisine_name,chef_id) VALUES (1,2021,Barbecue Ribs,Greek,37);
INSERT INTO episode_has_recipe (episode_id,episode_year,recipe_name,recipe_cuisine_name,chef_id) VALUES (1,2021,Macaroni and Cheese,Russian,94);
INSERT INTO episode_has_recipe (episode_id,episode_year,recipe_name,recipe_cuisine_name,chef_id) VALUES (1,2021,Mekitsa,Turkish,46);
INSERT INTO episode_has_recipe (episode_id,episode_year,recipe_name,recipe_cuisine_name,chef_id) VALUES (1,2021,Pryaniki,Korean,33);
INSERT INTO episode_has_recipe (episode_id,episode_year,recipe_name,recipe_cuisine_name,chef_id) VALUES (1,2021,Musaka,Albanian,45);
INSERT INTO episode_has_recipe (episode_id,episode_year,recipe_name,recipe_cuisine_name,chef_id) VALUES (1,2021,Pelmeni,Chinese,79);
INSERT INTO episode_has_recipe (episode_id,episode_year,recipe_name,recipe_cuisine_name,chef_id) VALUES (2,2021,Tarator,American,60);
INSERT INTO episode_has_recipe (episode_id,episode_year,recipe_name,recipe_cuisine_name,chef_id) VALUES (2,2021,Fërgesë,Indian,81);
INSERT INTO episode_has_recipe (episode_id,episode_year,recipe_name,recipe_cuisine_name,chef_id) VALUES (2,2021,Medovik,Italian,2);
INSERT INTO episode_has_recipe (episode_id,episode_year,recipe_name,recipe_cuisine_name,chef_id) VALUES (2,2021,Cheeseburger,Albanian,45);
INSERT INTO episode_has_recipe (episode_id,episode_year,recipe_name,recipe_cuisine_name,chef_id) VALUES (2,2021,Banitsa,Korean,59);
INSERT INTO episode_has_recipe (episode_id,episode_year,recipe_name,recipe_cuisine_name,chef_id) VALUES (2,2021,Kavarma,German,48);
INSERT INTO episode_has_recipe (episode_id,episode_year,recipe_name,recipe_cuisine_name,chef_id) VALUES (2,2021,Bakllasarem,French,57);
INSERT INTO episode_has_recipe (episode_id,episode_year,recipe_name,recipe_cuisine_name,chef_id) VALUES (2,2021,Brownies,Chinese,95);
INSERT INTO episode_has_recipe (episode_id,episode_year,recipe_name,recipe_cuisine_name,chef_id) VALUES (2,2021,Macaroni and Cheese,Russian,38);
INSERT INTO episode_has_recipe (episode_id,episode_year,recipe_name,recipe_cuisine_name,chef_id) VALUES (2,2021,Fried Chicken,Bulgarian,67);
INSERT INTO episode_has_recipe (episode_id,episode_year,recipe_name,recipe_cuisine_name,chef_id) VALUES (3,2021,Macaroni and Cheese,Russian,98);
INSERT INTO episode_has_recipe (episode_id,episode_year,recipe_name,recipe_cuisine_name,chef_id) VALUES (3,2021,Përime në zgare,Korean,5);
INSERT INTO episode_has_recipe (episode_id,episode_year,recipe_name,recipe_cuisine_name,chef_id) VALUES (3,2021,Fërgesë,Indian,67);
INSERT INTO episode_has_recipe (episode_id,episode_year,recipe_name,recipe_cuisine_name,chef_id) VALUES (3,2021,BLT Sandwich,Italian,22);
INSERT INTO episode_has_recipe (episode_id,episode_year,recipe_name,recipe_cuisine_name,chef_id) VALUES (3,2021,Kadaif,Bulgarian,96);
INSERT INTO episode_has_recipe (episode_id,episode_year,recipe_name,recipe_cuisine_name,chef_id) VALUES (3,2021,Brownies,Chinese,19);
INSERT INTO episode_has_recipe (episode_id,episode_year,recipe_name,recipe_cuisine_name,chef_id) VALUES (3,2021,Zefir,Turkish,78);
INSERT INTO episode_has_recipe (episode_id,episode_year,recipe_name,recipe_cuisine_name,chef_id) VALUES (3,2021,Borscht,Japanese,49);
INSERT INTO episode_has_recipe (episode_id,episode_year,recipe_name,recipe_cuisine_name,chef_id) VALUES (3,2021,Shëndetli,Mexican,41);
INSERT INTO episode_has_recipe (episode_id,episode_year,recipe_name,recipe_cuisine_name,chef_id) VALUES (3,2021,Tavë Kosi,Greek,28);
INSERT INTO episode_has_recipe (episode_id,episode_year,recipe_name,recipe_cuisine_name,chef_id) VALUES (4,2021,Mekitsa,Turkish,78);
INSERT INTO episode_has_recipe (episode_id,episode_year,recipe_name,recipe_cuisine_name,chef_id) VALUES (4,2021,Qifqi,German,48);
INSERT INTO episode_has_recipe (episode_id,episode_year,recipe_name,recipe_cuisine_name,chef_id) VALUES (4,2021,Cheeseburger,Albanian,30);
INSERT INTO episode_has_recipe (episode_id,episode_year,recipe_name,recipe_cuisine_name,chef_id) VALUES (4,2021,Pelmeni,Chinese,19);
INSERT INTO episode_has_recipe (episode_id,episode_year,recipe_name,recipe_cuisine_name,chef_id) VALUES (4,2021,Fërgesë,Indian,70);
INSERT INTO episode_has_recipe (episode_id,episode_year,recipe_name,recipe_cuisine_name,chef_id) VALUES (4,2021,Përime në zgare,Korean,15);
INSERT INTO episode_has_recipe (episode_id,episode_year,recipe_name,recipe_cuisine_name,chef_id) VALUES (4,2021,Apple Pie,American,18);
INSERT INTO episode_has_recipe (episode_id,episode_year,recipe_name,recipe_cuisine_name,chef_id) VALUES (4,2021,Syrniki,Mexican,69);
INSERT INTO episode_has_recipe (episode_id,episode_year,recipe_name,recipe_cuisine_name,chef_id) VALUES (4,2021,Fried Chicken,Bulgarian,65);
INSERT INTO episode_has_recipe (episode_id,episode_year,recipe_name,recipe_cuisine_name,chef_id) VALUES (4,2021,Garash Cake,Greek,86);
INSERT INTO episode_has_recipe (episode_id,episode_year,recipe_name,recipe_cuisine_name,chef_id) VALUES (5,2021,Musaka,Albanian,90);
INSERT INTO episode_has_recipe (episode_id,episode_year,recipe_name,recipe_cuisine_name,chef_id) VALUES (5,2021,Mish me midhje,Turkish,89);
INSERT INTO episode_has_recipe (episode_id,episode_year,recipe_name,recipe_cuisine_name,chef_id) VALUES (5,2021,Sarmi,French,98);
INSERT INTO episode_has_recipe (episode_id,episode_year,recipe_name,recipe_cuisine_name,chef_id) VALUES (5,2021,Përime në zgare,Korean,56);
INSERT INTO episode_has_recipe (episode_id,episode_year,recipe_name,recipe_cuisine_name,chef_id) VALUES (5,2021,Medovik,Italian,80);
INSERT INTO episode_has_recipe (episode_id,episode_year,recipe_name,recipe_cuisine_name,chef_id) VALUES (5,2021,Shëndetli,Mexican,35);
INSERT INTO episode_has_recipe (episode_id,episode_year,recipe_name,recipe_cuisine_name,chef_id) VALUES (5,2021,Apple Pie,American,60);
INSERT INTO episode_has_recipe (episode_id,episode_year,recipe_name,recipe_cuisine_name,chef_id) VALUES (5,2021,Qifqi,German,48);
INSERT INTO episode_has_recipe (episode_id,episode_year,recipe_name,recipe_cuisine_name,chef_id) VALUES (5,2021,Macaroni and Cheese,Russian,86);
INSERT INTO episode_has_recipe (episode_id,episode_year,recipe_name,recipe_cuisine_name,chef_id) VALUES (5,2021,Brownies,Chinese,95);
INSERT INTO episode_has_recipe (episode_id,episode_year,recipe_name,recipe_cuisine_name,chef_id) VALUES (6,2021,Speca të mbushur,Italian,8);
INSERT INTO episode_has_recipe (episode_id,episode_year,recipe_name,recipe_cuisine_name,chef_id) VALUES (6,2021,Shchi,American,22);
INSERT INTO episode_has_recipe (episode_id,episode_year,recipe_name,recipe_cuisine_name,chef_id) VALUES (6,2021,Qifqi,German,16);
INSERT INTO episode_has_recipe (episode_id,episode_year,recipe_name,recipe_cuisine_name,chef_id) VALUES (6,2021,Pelmeni,Chinese,81);
INSERT INTO episode_has_recipe (episode_id,episode_year,recipe_name,recipe_cuisine_name,chef_id) VALUES (6,2021,Pryaniki,Korean,46);
INSERT INTO episode_has_recipe (episode_id,episode_year,recipe_name,recipe_cuisine_name,chef_id) VALUES (6,2021,Garash Cake,Greek,24);
INSERT INTO episode_has_recipe (episode_id,episode_year,recipe_name,recipe_cuisine_name,chef_id) VALUES (6,2021,Kadaif,Bulgarian,67);
INSERT INTO episode_has_recipe (episode_id,episode_year,recipe_name,recipe_cuisine_name,chef_id) VALUES (6,2021,Clam Chowder,Japanese,61);
INSERT INTO episode_has_recipe (episode_id,episode_year,recipe_name,recipe_cuisine_name,chef_id) VALUES (6,2021,Fërgesë,Indian,83);
INSERT INTO episode_has_recipe (episode_id,episode_year,recipe_name,recipe_cuisine_name,chef_id) VALUES (6,2021,Cheeseburger,Albanian,7);
INSERT INTO episode_has_recipe (episode_id,episode_year,recipe_name,recipe_cuisine_name,chef_id) VALUES (7,2021,Kavarma,German,48);
INSERT INTO episode_has_recipe (episode_id,episode_year,recipe_name,recipe_cuisine_name,chef_id) VALUES (7,2021,Borscht,Japanese,24);
INSERT INTO episode_has_recipe (episode_id,episode_year,recipe_name,recipe_cuisine_name,chef_id) VALUES (7,2021,Jani me fasule,Chinese,58);
INSERT INTO episode_has_recipe (episode_id,episode_year,recipe_name,recipe_cuisine_name,chef_id) VALUES (7,2021,Bulgarian Cheese Toast,Russian,86);
INSERT INTO episode_has_recipe (episode_id,episode_year,recipe_name,recipe_cuisine_name,chef_id) VALUES (7,2021,Beef Stroganoff,Indian,84);
INSERT INTO episode_has_recipe (episode_id,episode_year,recipe_name,recipe_cuisine_name,chef_id) VALUES (7,2021,Kadaif,Bulgarian,96);
INSERT INTO episode_has_recipe (episode_id,episode_year,recipe_name,recipe_cuisine_name,chef_id) VALUES (7,2021,Syrniki,Mexican,100);
INSERT INTO episode_has_recipe (episode_id,episode_year,recipe_name,recipe_cuisine_name,chef_id) VALUES (7,2021,Cheeseburger,Albanian,38);
INSERT INTO episode_has_recipe (episode_id,episode_year,recipe_name,recipe_cuisine_name,chef_id) VALUES (7,2021,Pancakes,French,82);
INSERT INTO episode_has_recipe (episode_id,episode_year,recipe_name,recipe_cuisine_name,chef_id) VALUES (7,2021,Apple Pie,American,18);
INSERT INTO episode_has_recipe (episode_id,episode_year,recipe_name,recipe_cuisine_name,chef_id) VALUES (8,2021,Speca të mbushur,Italian,22);
INSERT INTO episode_has_recipe (episode_id,episode_year,recipe_name,recipe_cuisine_name,chef_id) VALUES (8,2021,Shchi,American,60);
INSERT INTO episode_has_recipe (episode_id,episode_year,recipe_name,recipe_cuisine_name,chef_id) VALUES (8,2021,Mekitsa,Turkish,13);
INSERT INTO episode_has_recipe (episode_id,episode_year,recipe_name,recipe_cuisine_name,chef_id) VALUES (8,2021,Kavarma,German,44);
INSERT INTO episode_has_recipe (episode_id,episode_year,recipe_name,recipe_cuisine_name,chef_id) VALUES (8,2021,Garash Cake,Greek,37);
INSERT INTO episode_has_recipe (episode_id,episode_year,recipe_name,recipe_cuisine_name,chef_id) VALUES (8,2021,Bakllasarem,French,57);
INSERT INTO episode_has_recipe (episode_id,episode_year,recipe_name,recipe_cuisine_name,chef_id) VALUES (8,2021,Jani me fasule,Chinese,90);
INSERT INTO episode_has_recipe (episode_id,episode_year,recipe_name,recipe_cuisine_name,chef_id) VALUES (8,2021,Fried Chicken,Bulgarian,45);
INSERT INTO episode_has_recipe (episode_id,episode_year,recipe_name,recipe_cuisine_name,chef_id) VALUES (8,2021,Shëndetli,Mexican,50);
INSERT INTO episode_has_recipe (episode_id,episode_year,recipe_name,recipe_cuisine_name,chef_id) VALUES (8,2021,Pryaniki,Korean,59);
INSERT INTO episode_has_recipe (episode_id,episode_year,recipe_name,recipe_cuisine_name,chef_id) VALUES (9,2021,Bulgarian Cheese Toast,Russian,4);
INSERT INTO episode_has_recipe (episode_id,episode_year,recipe_name,recipe_cuisine_name,chef_id) VALUES (9,2021,Syrniki,Mexican,20);
INSERT INTO episode_has_recipe (episode_id,episode_year,recipe_name,recipe_cuisine_name,chef_id) VALUES (9,2021,Medovik,Italian,53);
INSERT INTO episode_has_recipe (episode_id,episode_year,recipe_name,recipe_cuisine_name,chef_id) VALUES (9,2021,Clam Chowder,Japanese,30);
INSERT INTO episode_has_recipe (episode_id,episode_year,recipe_name,recipe_cuisine_name,chef_id) VALUES (9,2021,Brownies,Chinese,95);
INSERT INTO episode_has_recipe (episode_id,episode_year,recipe_name,recipe_cuisine_name,chef_id) VALUES (9,2021,Beef Stroganoff,Indian,19);
INSERT INTO episode_has_recipe (episode_id,episode_year,recipe_name,recipe_cuisine_name,chef_id) VALUES (9,2021,Olivier Salad,Albanian,97);
INSERT INTO episode_has_recipe (episode_id,episode_year,recipe_name,recipe_cuisine_name,chef_id) VALUES (9,2021,Qifqi,German,23);
INSERT INTO episode_has_recipe (episode_id,episode_year,recipe_name,recipe_cuisine_name,chef_id) VALUES (9,2021,Mish me midhje,Turkish,78);
INSERT INTO episode_has_recipe (episode_id,episode_year,recipe_name,recipe_cuisine_name,chef_id) VALUES (9,2021,Tarator,American,24);
INSERT INTO episode_has_recipe (episode_id,episode_year,recipe_name,recipe_cuisine_name,chef_id) VALUES (10,2021,Qifqi,German,16);
INSERT INTO episode_has_recipe (episode_id,episode_year,recipe_name,recipe_cuisine_name,chef_id) VALUES (10,2021,Mekitsa,Turkish,58);
INSERT INTO episode_has_recipe (episode_id,episode_year,recipe_name,recipe_cuisine_name,chef_id) VALUES (10,2021,Chocolate Chip Cookies,Indian,70);
INSERT INTO episode_has_recipe (episode_id,episode_year,recipe_name,recipe_cuisine_name,chef_id) VALUES (10,2021,Borscht,Japanese,49);
INSERT INTO episode_has_recipe (episode_id,episode_year,recipe_name,recipe_cuisine_name,chef_id) VALUES (10,2021,Macaroni and Cheese,Russian,4);
INSERT INTO episode_has_recipe (episode_id,episode_year,recipe_name,recipe_cuisine_name,chef_id) VALUES (10,2021,Fried Chicken,Bulgarian,51);
INSERT INTO episode_has_recipe (episode_id,episode_year,recipe_name,recipe_cuisine_name,chef_id) VALUES (10,2021,Garash Cake,Greek,60);
INSERT INTO episode_has_recipe (episode_id,episode_year,recipe_name,recipe_cuisine_name,chef_id) VALUES (10,2021,Medovik,Italian,3);
INSERT INTO episode_has_recipe (episode_id,episode_year,recipe_name,recipe_cuisine_name,chef_id) VALUES (10,2021,Bakllasarem,French,82);
INSERT INTO episode_has_recipe (episode_id,episode_year,recipe_name,recipe_cuisine_name,chef_id) VALUES (10,2021,Pelmeni,Chinese,21);
INSERT INTO episode_has_recipe (episode_id,episode_year,recipe_name,recipe_cuisine_name,chef_id) VALUES (1,2022,Macaroni and Cheese,Russian,43);
INSERT INTO episode_has_recipe (episode_id,episode_year,recipe_name,recipe_cuisine_name,chef_id) VALUES (1,2022,Zefir,Turkish,1);
INSERT INTO episode_has_recipe (episode_id,episode_year,recipe_name,recipe_cuisine_name,chef_id) VALUES (1,2022,Cheeseburger,Albanian,38);
INSERT INTO episode_has_recipe (episode_id,episode_year,recipe_name,recipe_cuisine_name,chef_id) VALUES (1,2022,Sarmi,French,98);
INSERT INTO episode_has_recipe (episode_id,episode_year,recipe_name,recipe_cuisine_name,chef_id) VALUES (1,2022,Fërgesë,Indian,5);
INSERT INTO episode_has_recipe (episode_id,episode_year,recipe_name,recipe_cuisine_name,chef_id) VALUES (1,2022,Speca të mbushur,Italian,53);
INSERT INTO episode_has_recipe (episode_id,episode_year,recipe_name,recipe_cuisine_name,chef_id) VALUES (1,2022,Pryaniki,Korean,59);
INSERT INTO episode_has_recipe (episode_id,episode_year,recipe_name,recipe_cuisine_name,chef_id) VALUES (1,2022,Clam Chowder,Japanese,33);
INSERT INTO episode_has_recipe (episode_id,episode_year,recipe_name,recipe_cuisine_name,chef_id) VALUES (1,2022,Syrniki,Mexican,37);
INSERT INTO episode_has_recipe (episode_id,episode_year,recipe_name,recipe_cuisine_name,chef_id) VALUES (1,2022,Shchi,American,54);
INSERT INTO episode_has_recipe (episode_id,episode_year,recipe_name,recipe_cuisine_name,chef_id) VALUES (2,2022,Musaka,Albanian,7);
INSERT INTO episode_has_recipe (episode_id,episode_year,recipe_name,recipe_cuisine_name,chef_id) VALUES (2,2022,Pelmeni,Chinese,19);
INSERT INTO episode_has_recipe (episode_id,episode_year,recipe_name,recipe_cuisine_name,chef_id) VALUES (2,2022,Medovik,Italian,22);
INSERT INTO episode_has_recipe (episode_id,episode_year,recipe_name,recipe_cuisine_name,chef_id) VALUES (2,2022,Shëndetli,Mexican,18);
INSERT INTO episode_has_recipe (episode_id,episode_year,recipe_name,recipe_cuisine_name,chef_id) VALUES (2,2022,Barbecue Ribs,Greek,99);
INSERT INTO episode_has_recipe (episode_id,episode_year,recipe_name,recipe_cuisine_name,chef_id) VALUES (2,2022,Banitsa,Korean,81);
INSERT INTO episode_has_recipe (episode_id,episode_year,recipe_name,recipe_cuisine_name,chef_id) VALUES (2,2022,Fried Chicken,Bulgarian,51);
INSERT INTO episode_has_recipe (episode_id,episode_year,recipe_name,recipe_cuisine_name,chef_id) VALUES (2,2022,Chocolate Chip Cookies,Indian,50);
INSERT INTO episode_has_recipe (episode_id,episode_year,recipe_name,recipe_cuisine_name,chef_id) VALUES (2,2022,Tarator,American,59);
INSERT INTO episode_has_recipe (episode_id,episode_year,recipe_name,recipe_cuisine_name,chef_id) VALUES (2,2022,Zefir,Turkish,1);
INSERT INTO episode_has_recipe (episode_id,episode_year,recipe_name,recipe_cuisine_name,chef_id) VALUES (3,2022,Cheeseburger,Albanian,30);
INSERT INTO episode_has_recipe (episode_id,episode_year,recipe_name,recipe_cuisine_name,chef_id) VALUES (3,2022,Përime në zgare,Korean,27);
INSERT INTO episode_has_recipe (episode_id,episode_year,recipe_name,recipe_cuisine_name,chef_id) VALUES (3,2022,Macaroni and Cheese,Russian,41);
INSERT INTO episode_has_recipe (episode_id,episode_year,recipe_name,recipe_cuisine_name,chef_id) VALUES (3,2022,BLT Sandwich,Italian,2);
INSERT INTO episode_has_recipe (episode_id,episode_year,recipe_name,recipe_cuisine_name,chef_id) VALUES (3,2022,Pancakes,French,38);
INSERT INTO episode_has_recipe (episode_id,episode_year,recipe_name,recipe_cuisine_name,chef_id) VALUES (3,2022,Clam Chowder,Japanese,12);
INSERT INTO episode_has_recipe (episode_id,episode_year,recipe_name,recipe_cuisine_name,chef_id) VALUES (3,2022,Shëndetli,Mexican,50);
INSERT INTO episode_has_recipe (episode_id,episode_year,recipe_name,recipe_cuisine_name,chef_id) VALUES (3,2022,Zefir,Turkish,13);
INSERT INTO episode_has_recipe (episode_id,episode_year,recipe_name,recipe_cuisine_name,chef_id) VALUES (3,2022,Kavarma,German,62);
INSERT INTO episode_has_recipe (episode_id,episode_year,recipe_name,recipe_cuisine_name,chef_id) VALUES (3,2022,Fried Chicken,Bulgarian,96);
INSERT INTO episode_has_recipe (episode_id,episode_year,recipe_name,recipe_cuisine_name,chef_id) VALUES (4,2022,Speca të mbushur,Italian,93);
INSERT INTO episode_has_recipe (episode_id,episode_year,recipe_name,recipe_cuisine_name,chef_id) VALUES (4,2022,Fried Chicken,Bulgarian,65);
INSERT INTO episode_has_recipe (episode_id,episode_year,recipe_name,recipe_cuisine_name,chef_id) VALUES (4,2022,Syrniki,Mexican,66);
INSERT INTO episode_has_recipe (episode_id,episode_year,recipe_name,recipe_cuisine_name,chef_id) VALUES (4,2022,Tavë Kosi,Greek,6);
INSERT INTO episode_has_recipe (episode_id,episode_year,recipe_name,recipe_cuisine_name,chef_id) VALUES (4,2022,Musaka,Albanian,72);
INSERT INTO episode_has_recipe (episode_id,episode_year,recipe_name,recipe_cuisine_name,chef_id) VALUES (4,2022,Zefir,Turkish,60);
INSERT INTO episode_has_recipe (episode_id,episode_year,recipe_name,recipe_cuisine_name,chef_id) VALUES (4,2022,Byrek me Spinaq,Japanese,2);
INSERT INTO episode_has_recipe (episode_id,episode_year,recipe_name,recipe_cuisine_name,chef_id) VALUES (4,2022,Shchi,American,18);
INSERT INTO episode_has_recipe (episode_id,episode_year,recipe_name,recipe_cuisine_name,chef_id) VALUES (4,2022,Jani me fasule,Chinese,31);
INSERT INTO episode_has_recipe (episode_id,episode_year,recipe_name,recipe_cuisine_name,chef_id) VALUES (4,2022,Kavarma,German,84);
INSERT INTO episode_has_recipe (episode_id,episode_year,recipe_name,recipe_cuisine_name,chef_id) VALUES (5,2022,Pelmeni,Chinese,63);
INSERT INTO episode_has_recipe (episode_id,episode_year,recipe_name,recipe_cuisine_name,chef_id) VALUES (5,2022,Cheeseburger,Albanian,52);
INSERT INTO episode_has_recipe (episode_id,episode_year,recipe_name,recipe_cuisine_name,chef_id) VALUES (5,2022,Pancakes,French,64);
INSERT INTO episode_has_recipe (episode_id,episode_year,recipe_name,recipe_cuisine_name,chef_id) VALUES (5,2022,Përime në zgare,Korean,88);
INSERT INTO episode_has_recipe (episode_id,episode_year,recipe_name,recipe_cuisine_name,chef_id) VALUES (5,2022,Speca të mbushur,Italian,2);
INSERT INTO episode_has_recipe (episode_id,episode_year,recipe_name,recipe_cuisine_name,chef_id) VALUES (5,2022,Mekitsa,Turkish,17);
INSERT INTO episode_has_recipe (episode_id,episode_year,recipe_name,recipe_cuisine_name,chef_id) VALUES (5,2022,Fried Chicken,Bulgarian,45);
INSERT INTO episode_has_recipe (episode_id,episode_year,recipe_name,recipe_cuisine_name,chef_id) VALUES (5,2022,Kasha,German,16);
INSERT INTO episode_has_recipe (episode_id,episode_year,recipe_name,recipe_cuisine_name,chef_id) VALUES (5,2022,Macaroni and Cheese,Russian,80);
INSERT INTO episode_has_recipe (episode_id,episode_year,recipe_name,recipe_cuisine_name,chef_id) VALUES (5,2022,Clam Chowder,Japanese,34);
INSERT INTO episode_has_recipe (episode_id,episode_year,recipe_name,recipe_cuisine_name,chef_id) VALUES (6,2022,Syrniki,Mexican,20);
INSERT INTO episode_has_recipe (episode_id,episode_year,recipe_name,recipe_cuisine_name,chef_id) VALUES (6,2022,Musaka,Albanian,68);
INSERT INTO episode_has_recipe (episode_id,episode_year,recipe_name,recipe_cuisine_name,chef_id) VALUES (6,2022,Pancakes,French,63);
INSERT INTO episode_has_recipe (episode_id,episode_year,recipe_name,recipe_cuisine_name,chef_id) VALUES (6,2022,Zefir,Turkish,74);
INSERT INTO episode_has_recipe (episode_id,episode_year,recipe_name,recipe_cuisine_name,chef_id) VALUES (6,2022,Brownies,Chinese,75);
INSERT INTO episode_has_recipe (episode_id,episode_year,recipe_name,recipe_cuisine_name,chef_id) VALUES (6,2022,Byrek me Spinaq,Japanese,77);
INSERT INTO episode_has_recipe (episode_id,episode_year,recipe_name,recipe_cuisine_name,chef_id) VALUES (6,2022,Përime në zgare,Korean,46);
INSERT INTO episode_has_recipe (episode_id,episode_year,recipe_name,recipe_cuisine_name,chef_id) VALUES (6,2022,BLT Sandwich,Italian,22);
INSERT INTO episode_has_recipe (episode_id,episode_year,recipe_name,recipe_cuisine_name,chef_id) VALUES (6,2022,Kadaif,Bulgarian,65);
INSERT INTO episode_has_recipe (episode_id,episode_year,recipe_name,recipe_cuisine_name,chef_id) VALUES (6,2022,Tarator,American,17);
INSERT INTO episode_has_recipe (episode_id,episode_year,recipe_name,recipe_cuisine_name,chef_id) VALUES (7,2022,Sarmi,French,55);
INSERT INTO episode_has_recipe (episode_id,episode_year,recipe_name,recipe_cuisine_name,chef_id) VALUES (7,2022,Bulgarian Cheese Toast,Russian,4);
INSERT INTO episode_has_recipe (episode_id,episode_year,recipe_name,recipe_cuisine_name,chef_id) VALUES (7,2022,Qifqi,German,23);
INSERT INTO episode_has_recipe (episode_id,episode_year,recipe_name,recipe_cuisine_name,chef_id) VALUES (7,2022,Jani me fasule,Chinese,90);
INSERT INTO episode_has_recipe (episode_id,episode_year,recipe_name,recipe_cuisine_name,chef_id) VALUES (7,2022,Shopska Salata,Mexican,37);
INSERT INTO episode_has_recipe (episode_id,episode_year,recipe_name,recipe_cuisine_name,chef_id) VALUES (7,2022,Apple Pie,American,74);
INSERT INTO episode_has_recipe (episode_id,episode_year,recipe_name,recipe_cuisine_name,chef_id) VALUES (7,2022,Përime në zgare,Korean,89);
INSERT INTO episode_has_recipe (episode_id,episode_year,recipe_name,recipe_cuisine_name,chef_id) VALUES (7,2022,Clam Chowder,Japanese,2);
INSERT INTO episode_has_recipe (episode_id,episode_year,recipe_name,recipe_cuisine_name,chef_id) VALUES (7,2022,Musaka,Albanian,6);
INSERT INTO episode_has_recipe (episode_id,episode_year,recipe_name,recipe_cuisine_name,chef_id) VALUES (7,2022,Tavë Kosi,Greek,79);
INSERT INTO episode_has_recipe (episode_id,episode_year,recipe_name,recipe_cuisine_name,chef_id) VALUES (8,2022,Sarmi,French,82);
INSERT INTO episode_has_recipe (episode_id,episode_year,recipe_name,recipe_cuisine_name,chef_id) VALUES (8,2022,Syrniki,Mexican,20);
INSERT INTO episode_has_recipe (episode_id,episode_year,recipe_name,recipe_cuisine_name,chef_id) VALUES (8,2022,Zefir,Turkish,85);
INSERT INTO episode_has_recipe (episode_id,episode_year,recipe_name,recipe_cuisine_name,chef_id) VALUES (8,2022,Chocolate Chip Cookies,Indian,69);
INSERT INTO episode_has_recipe (episode_id,episode_year,recipe_name,recipe_cuisine_name,chef_id) VALUES (8,2022,Kadaif,Bulgarian,67);
INSERT INTO episode_has_recipe (episode_id,episode_year,recipe_name,recipe_cuisine_name,chef_id) VALUES (8,2022,Jani me fasule,Chinese,63);
INSERT INTO episode_has_recipe (episode_id,episode_year,recipe_name,recipe_cuisine_name,chef_id) VALUES (8,2022,Apple Pie,American,22);
INSERT INTO episode_has_recipe (episode_id,episode_year,recipe_name,recipe_cuisine_name,chef_id) VALUES (8,2022,Qifqi,German,23);
INSERT INTO episode_has_recipe (episode_id,episode_year,recipe_name,recipe_cuisine_name,chef_id) VALUES (8,2022,Garash Cake,Greek,37);
INSERT INTO episode_has_recipe (episode_id,episode_year,recipe_name,recipe_cuisine_name,chef_id) VALUES (8,2022,BLT Sandwich,Italian,8);
INSERT INTO episode_has_recipe (episode_id,episode_year,recipe_name,recipe_cuisine_name,chef_id) VALUES (9,2022,Shchi,American,72);
INSERT INTO episode_has_recipe (episode_id,episode_year,recipe_name,recipe_cuisine_name,chef_id) VALUES (9,2022,Kasha,German,48);
INSERT INTO episode_has_recipe (episode_id,episode_year,recipe_name,recipe_cuisine_name,chef_id) VALUES (9,2022,Tavë Kosi,Greek,92);
INSERT INTO episode_has_recipe (episode_id,episode_year,recipe_name,recipe_cuisine_name,chef_id) VALUES (9,2022,Olivier Salad,Albanian,30);
INSERT INTO episode_has_recipe (episode_id,episode_year,recipe_name,recipe_cuisine_name,chef_id) VALUES (9,2022,Fërgesë,Indian,6);
INSERT INTO episode_has_recipe (episode_id,episode_year,recipe_name,recipe_cuisine_name,chef_id) VALUES (9,2022,Speca të mbushur,Italian,53);
INSERT INTO episode_has_recipe (episode_id,episode_year,recipe_name,recipe_cuisine_name,chef_id) VALUES (9,2022,Fried Chicken,Bulgarian,65);
INSERT INTO episode_has_recipe (episode_id,episode_year,recipe_name,recipe_cuisine_name,chef_id) VALUES (9,2022,Bulgarian Cheese Toast,Russian,18);
INSERT INTO episode_has_recipe (episode_id,episode_year,recipe_name,recipe_cuisine_name,chef_id) VALUES (9,2022,Mish me midhje,Turkish,17);
INSERT INTO episode_has_recipe (episode_id,episode_year,recipe_name,recipe_cuisine_name,chef_id) VALUES (9,2022,Brownies,Chinese,63);
INSERT INTO episode_has_recipe (episode_id,episode_year,recipe_name,recipe_cuisine_name,chef_id) VALUES (10,2022,Zefir,Turkish,60);
INSERT INTO episode_has_recipe (episode_id,episode_year,recipe_name,recipe_cuisine_name,chef_id) VALUES (10,2022,Clam Chowder,Japanese,3);
INSERT INTO episode_has_recipe (episode_id,episode_year,recipe_name,recipe_cuisine_name,chef_id) VALUES (10,2022,Fried Chicken,Bulgarian,65);
INSERT INTO episode_has_recipe (episode_id,episode_year,recipe_name,recipe_cuisine_name,chef_id) VALUES (10,2022,Medovik,Italian,22);
INSERT INTO episode_has_recipe (episode_id,episode_year,recipe_name,recipe_cuisine_name,chef_id) VALUES (10,2022,Garash Cake,Greek,10);
INSERT INTO episode_has_recipe (episode_id,episode_year,recipe_name,recipe_cuisine_name,chef_id) VALUES (10,2022,Banitsa,Korean,49);
INSERT INTO episode_has_recipe (episode_id,episode_year,recipe_name,recipe_cuisine_name,chef_id) VALUES (10,2022,Shopska Salata,Mexican,34);
INSERT INTO episode_has_recipe (episode_id,episode_year,recipe_name,recipe_cuisine_name,chef_id) VALUES (10,2022,Cheeseburger,Albanian,38);
INSERT INTO episode_has_recipe (episode_id,episode_year,recipe_name,recipe_cuisine_name,chef_id) VALUES (10,2022,Pelmeni,Chinese,50);
INSERT INTO episode_has_recipe (episode_id,episode_year,recipe_name,recipe_cuisine_name,chef_id) VALUES (10,2022,Qifqi,German,62);
INSERT INTO episode_has_recipe (episode_id,episode_year,recipe_name,recipe_cuisine_name,chef_id) VALUES (1,2023,Kasha,German,23);
INSERT INTO episode_has_recipe (episode_id,episode_year,recipe_name,recipe_cuisine_name,chef_id) VALUES (1,2023,Fërgesë,Indian,50);
INSERT INTO episode_has_recipe (episode_id,episode_year,recipe_name,recipe_cuisine_name,chef_id) VALUES (1,2023,Shopska Salata,Mexican,25);
INSERT INTO episode_has_recipe (episode_id,episode_year,recipe_name,recipe_cuisine_name,chef_id) VALUES (1,2023,BLT Sandwich,Italian,9);
INSERT INTO episode_has_recipe (episode_id,episode_year,recipe_name,recipe_cuisine_name,chef_id) VALUES (1,2023,Clam Chowder,Japanese,34);
INSERT INTO episode_has_recipe (episode_id,episode_year,recipe_name,recipe_cuisine_name,chef_id) VALUES (1,2023,Mish me midhje,Turkish,46);
INSERT INTO episode_has_recipe (episode_id,episode_year,recipe_name,recipe_cuisine_name,chef_id) VALUES (1,2023,Cheeseburger,Albanian,90);
INSERT INTO episode_has_recipe (episode_id,episode_year,recipe_name,recipe_cuisine_name,chef_id) VALUES (1,2023,Shchi,American,72);
INSERT INTO episode_has_recipe (episode_id,episode_year,recipe_name,recipe_cuisine_name,chef_id) VALUES (1,2023,Sarmi,French,47);
INSERT INTO episode_has_recipe (episode_id,episode_year,recipe_name,recipe_cuisine_name,chef_id) VALUES (1,2023,Kadaif,Bulgarian,96);
INSERT INTO episode_has_recipe (episode_id,episode_year,recipe_name,recipe_cuisine_name,chef_id) VALUES (2,2023,Olivier Salad,Albanian,19);
INSERT INTO episode_has_recipe (episode_id,episode_year,recipe_name,recipe_cuisine_name,chef_id) VALUES (2,2023,Kadaif,Bulgarian,65);
INSERT INTO episode_has_recipe (episode_id,episode_year,recipe_name,recipe_cuisine_name,chef_id) VALUES (2,2023,Shopska Salata,Mexican,25);
INSERT INTO episode_has_recipe (episode_id,episode_year,recipe_name,recipe_cuisine_name,chef_id) VALUES (2,2023,Banitsa,Korean,27);
INSERT INTO episode_has_recipe (episode_id,episode_year,recipe_name,recipe_cuisine_name,chef_id) VALUES (2,2023,Medovik,Italian,22);
INSERT INTO episode_has_recipe (episode_id,episode_year,recipe_name,recipe_cuisine_name,chef_id) VALUES (2,2023,Bakllasarem,French,11);
INSERT INTO episode_has_recipe (episode_id,episode_year,recipe_name,recipe_cuisine_name,chef_id) VALUES (2,2023,Qifqi,German,44);
INSERT INTO episode_has_recipe (episode_id,episode_year,recipe_name,recipe_cuisine_name,chef_id) VALUES (2,2023,Apple Pie,American,60);
INSERT INTO episode_has_recipe (episode_id,episode_year,recipe_name,recipe_cuisine_name,chef_id) VALUES (2,2023,Clam Chowder,Japanese,20);
INSERT INTO episode_has_recipe (episode_id,episode_year,recipe_name,recipe_cuisine_name,chef_id) VALUES (2,2023,Mish me midhje,Turkish,13);
INSERT INTO episode_has_recipe (episode_id,episode_year,recipe_name,recipe_cuisine_name,chef_id) VALUES (3,2023,Kadaif,Bulgarian,67);
INSERT INTO episode_has_recipe (episode_id,episode_year,recipe_name,recipe_cuisine_name,chef_id) VALUES (3,2023,Mish me midhje,Turkish,58);
INSERT INTO episode_has_recipe (episode_id,episode_year,recipe_name,recipe_cuisine_name,chef_id) VALUES (3,2023,Cheeseburger,Albanian,6);
INSERT INTO episode_has_recipe (episode_id,episode_year,recipe_name,recipe_cuisine_name,chef_id) VALUES (3,2023,Banitsa,Korean,68);
INSERT INTO episode_has_recipe (episode_id,episode_year,recipe_name,recipe_cuisine_name,chef_id) VALUES (3,2023,Bulgarian Cheese Toast,Russian,80);
INSERT INTO episode_has_recipe (episode_id,episode_year,recipe_name,recipe_cuisine_name,chef_id) VALUES (3,2023,Bakllasarem,French,90);
INSERT INTO episode_has_recipe (episode_id,episode_year,recipe_name,recipe_cuisine_name,chef_id) VALUES (3,2023,Chocolate Chip Cookies,Indian,50);
INSERT INTO episode_has_recipe (episode_id,episode_year,recipe_name,recipe_cuisine_name,chef_id) VALUES (3,2023,Speca të mbushur,Italian,49);
INSERT INTO episode_has_recipe (episode_id,episode_year,recipe_name,recipe_cuisine_name,chef_id) VALUES (3,2023,Apple Pie,American,22);
INSERT INTO episode_has_recipe (episode_id,episode_year,recipe_name,recipe_cuisine_name,chef_id) VALUES (3,2023,Qifqi,German,44);
INSERT INTO episode_has_recipe (episode_id,episode_year,recipe_name,recipe_cuisine_name,chef_id) VALUES (4,2023,Byrek me Spinaq,Japanese,33);
INSERT INTO episode_has_recipe (episode_id,episode_year,recipe_name,recipe_cuisine_name,chef_id) VALUES (4,2023,Medovik,Italian,14);
INSERT INTO episode_has_recipe (episode_id,episode_year,recipe_name,recipe_cuisine_name,chef_id) VALUES (4,2023,Beef Stroganoff,Indian,19);
INSERT INTO episode_has_recipe (episode_id,episode_year,recipe_name,recipe_cuisine_name,chef_id) VALUES (4,2023,Kadaif,Bulgarian,67);
INSERT INTO episode_has_recipe (episode_id,episode_year,recipe_name,recipe_cuisine_name,chef_id) VALUES (4,2023,Banitsa,Korean,66);
INSERT INTO episode_has_recipe (episode_id,episode_year,recipe_name,recipe_cuisine_name,chef_id) VALUES (4,2023,Macaroni and Cheese,Russian,4);
INSERT INTO episode_has_recipe (episode_id,episode_year,recipe_name,recipe_cuisine_name,chef_id) VALUES (4,2023,Sarmi,French,11);
INSERT INTO episode_has_recipe (episode_id,episode_year,recipe_name,recipe_cuisine_name,chef_id) VALUES (4,2023,Mekitsa,Turkish,78);
INSERT INTO episode_has_recipe (episode_id,episode_year,recipe_name,recipe_cuisine_name,chef_id) VALUES (4,2023,Garash Cake,Greek,37);
INSERT INTO episode_has_recipe (episode_id,episode_year,recipe_name,recipe_cuisine_name,chef_id) VALUES (4,2023,Apple Pie,American,60);
INSERT INTO episode_has_recipe (episode_id,episode_year,recipe_name,recipe_cuisine_name,chef_id) VALUES (5,2023,Medovik,Italian,2);
INSERT INTO episode_has_recipe (episode_id,episode_year,recipe_name,recipe_cuisine_name,chef_id) VALUES (5,2023,Musaka,Albanian,19);
INSERT INTO episode_has_recipe (episode_id,episode_year,recipe_name,recipe_cuisine_name,chef_id) VALUES (5,2023,Shëndetli,Mexican,69);
INSERT INTO episode_has_recipe (episode_id,episode_year,recipe_name,recipe_cuisine_name,chef_id) VALUES (5,2023,Apple Pie,American,14);
INSERT INTO episode_has_recipe (episode_id,episode_year,recipe_name,recipe_cuisine_name,chef_id) VALUES (5,2023,Mish me midhje,Turkish,78);
INSERT INTO episode_has_recipe (episode_id,episode_year,recipe_name,recipe_cuisine_name,chef_id) VALUES (5,2023,Byrek me Spinaq,Japanese,20);
INSERT INTO episode_has_recipe (episode_id,episode_year,recipe_name,recipe_cuisine_name,chef_id) VALUES (5,2023,Jani me fasule,Chinese,90);
INSERT INTO episode_has_recipe (episode_id,episode_year,recipe_name,recipe_cuisine_name,chef_id) VALUES (5,2023,Macaroni and Cheese,Russian,95);
INSERT INTO episode_has_recipe (episode_id,episode_year,recipe_name,recipe_cuisine_name,chef_id) VALUES (5,2023,Barbecue Ribs,Greek,91);
INSERT INTO episode_has_recipe (episode_id,episode_year,recipe_name,recipe_cuisine_name,chef_id) VALUES (5,2023,Bakllasarem,French,42);
INSERT INTO episode_has_recipe (episode_id,episode_year,recipe_name,recipe_cuisine_name,chef_id) VALUES (6,2023,Bulgarian Cheese Toast,Russian,73);
INSERT INTO episode_has_recipe (episode_id,episode_year,recipe_name,recipe_cuisine_name,chef_id) VALUES (6,2023,Banitsa,Korean,88);
INSERT INTO episode_has_recipe (episode_id,episode_year,recipe_name,recipe_cuisine_name,chef_id) VALUES (6,2023,Beef Stroganoff,Indian,81);
INSERT INTO episode_has_recipe (episode_id,episode_year,recipe_name,recipe_cuisine_name,chef_id) VALUES (6,2023,Brownies,Chinese,17);
INSERT INTO episode_has_recipe (episode_id,episode_year,recipe_name,recipe_cuisine_name,chef_id) VALUES (6,2023,Garash Cake,Greek,28);
INSERT INTO episode_has_recipe (episode_id,episode_year,recipe_name,recipe_cuisine_name,chef_id) VALUES (6,2023,Zefir,Turkish,78);
INSERT INTO episode_has_recipe (episode_id,episode_year,recipe_name,recipe_cuisine_name,chef_id) VALUES (6,2023,Byrek me Spinaq,Japanese,24);
INSERT INTO episode_has_recipe (episode_id,episode_year,recipe_name,recipe_cuisine_name,chef_id) VALUES (6,2023,Fried Chicken,Bulgarian,67);
INSERT INTO episode_has_recipe (episode_id,episode_year,recipe_name,recipe_cuisine_name,chef_id) VALUES (6,2023,Kasha,German,62);
INSERT INTO episode_has_recipe (episode_id,episode_year,recipe_name,recipe_cuisine_name,chef_id) VALUES (6,2023,Pancakes,French,90);
INSERT INTO episode_has_recipe (episode_id,episode_year,recipe_name,recipe_cuisine_name,chef_id) VALUES (7,2023,Bulgarian Cheese Toast,Russian,80);
INSERT INTO episode_has_recipe (episode_id,episode_year,recipe_name,recipe_cuisine_name,chef_id) VALUES (7,2023,Musaka,Albanian,72);
INSERT INTO episode_has_recipe (episode_id,episode_year,recipe_name,recipe_cuisine_name,chef_id) VALUES (7,2023,Garash Cake,Greek,6);
INSERT INTO episode_has_recipe (episode_id,episode_year,recipe_name,recipe_cuisine_name,chef_id) VALUES (7,2023,Beef Stroganoff,Indian,42);
INSERT INTO episode_has_recipe (episode_id,episode_year,recipe_name,recipe_cuisine_name,chef_id) VALUES (7,2023,Shëndetli,Mexican,100);
INSERT INTO episode_has_recipe (episode_id,episode_year,recipe_name,recipe_cuisine_name,chef_id) VALUES (7,2023,Përime në zgare,Korean,56);
INSERT INTO episode_has_recipe (episode_id,episode_year,recipe_name,recipe_cuisine_name,chef_id) VALUES (7,2023,Mish me midhje,Turkish,89);
INSERT INTO episode_has_recipe (episode_id,episode_year,recipe_name,recipe_cuisine_name,chef_id) VALUES (7,2023,BLT Sandwich,Italian,9);
INSERT INTO episode_has_recipe (episode_id,episode_year,recipe_name,recipe_cuisine_name,chef_id) VALUES (7,2023,Qifqi,German,73);
INSERT INTO episode_has_recipe (episode_id,episode_year,recipe_name,recipe_cuisine_name,chef_id) VALUES (7,2023,Pelmeni,Chinese,79);
INSERT INTO episode_has_recipe (episode_id,episode_year,recipe_name,recipe_cuisine_name,chef_id) VALUES (8,2023,Fried Chicken,Bulgarian,65);
INSERT INTO episode_has_recipe (episode_id,episode_year,recipe_name,recipe_cuisine_name,chef_id) VALUES (8,2023,Kavarma,German,56);
INSERT INTO episode_has_recipe (episode_id,episode_year,recipe_name,recipe_cuisine_name,chef_id) VALUES (8,2023,Bakllasarem,French,82);
INSERT INTO episode_has_recipe (episode_id,episode_year,recipe_name,recipe_cuisine_name,chef_id) VALUES (8,2023,Tarator,American,53);
INSERT INTO episode_has_recipe (episode_id,episode_year,recipe_name,recipe_cuisine_name,chef_id) VALUES (8,2023,Chocolate Chip Cookies,Indian,84);
INSERT INTO episode_has_recipe (episode_id,episode_year,recipe_name,recipe_cuisine_name,chef_id) VALUES (8,2023,Zefir,Turkish,13);
INSERT INTO episode_has_recipe (episode_id,episode_year,recipe_name,recipe_cuisine_name,chef_id) VALUES (8,2023,Pryaniki,Korean,44);
INSERT INTO episode_has_recipe (episode_id,episode_year,recipe_name,recipe_cuisine_name,chef_id) VALUES (8,2023,Syrniki,Mexican,34);
INSERT INTO episode_has_recipe (episode_id,episode_year,recipe_name,recipe_cuisine_name,chef_id) VALUES (8,2023,Macaroni and Cheese,Russian,73);
INSERT INTO episode_has_recipe (episode_id,episode_year,recipe_name,recipe_cuisine_name,chef_id) VALUES (8,2023,Garash Cake,Greek,10);
INSERT INTO episode_has_recipe (episode_id,episode_year,recipe_name,recipe_cuisine_name,chef_id) VALUES (9,2023,Zefir,Turkish,89);
INSERT INTO episode_has_recipe (episode_id,episode_year,recipe_name,recipe_cuisine_name,chef_id) VALUES (9,2023,BLT Sandwich,Italian,14);
INSERT INTO episode_has_recipe (episode_id,episode_year,recipe_name,recipe_cuisine_name,chef_id) VALUES (9,2023,Pancakes,French,11);
INSERT INTO episode_has_recipe (episode_id,episode_year,recipe_name,recipe_cuisine_name,chef_id) VALUES (9,2023,Apple Pie,American,18);
INSERT INTO episode_has_recipe (episode_id,episode_year,recipe_name,recipe_cuisine_name,chef_id) VALUES (9,2023,Olivier Salad,Albanian,38);
INSERT INTO episode_has_recipe (episode_id,episode_year,recipe_name,recipe_cuisine_name,chef_id) VALUES (9,2023,Përime në zgare,Korean,46);
INSERT INTO episode_has_recipe (episode_id,episode_year,recipe_name,recipe_cuisine_name,chef_id) VALUES (9,2023,Kasha,German,73);
INSERT INTO episode_has_recipe (episode_id,episode_year,recipe_name,recipe_cuisine_name,chef_id) VALUES (9,2023,Macaroni and Cheese,Russian,95);
INSERT INTO episode_has_recipe (episode_id,episode_year,recipe_name,recipe_cuisine_name,chef_id) VALUES (9,2023,Syrniki,Mexican,35);
INSERT INTO episode_has_recipe (episode_id,episode_year,recipe_name,recipe_cuisine_name,chef_id) VALUES (9,2023,Kadaif,Bulgarian,67);
INSERT INTO episode_has_recipe (episode_id,episode_year,recipe_name,recipe_cuisine_name,chef_id) VALUES (10,2023,Olivier Salad,Albanian,20);
INSERT INTO episode_has_recipe (episode_id,episode_year,recipe_name,recipe_cuisine_name,chef_id) VALUES (10,2023,Fried Chicken,Bulgarian,94);
INSERT INTO episode_has_recipe (episode_id,episode_year,recipe_name,recipe_cuisine_name,chef_id) VALUES (10,2023,Medovik,Italian,93);
INSERT INTO episode_has_recipe (episode_id,episode_year,recipe_name,recipe_cuisine_name,chef_id) VALUES (10,2023,Barbecue Ribs,Greek,24);
INSERT INTO episode_has_recipe (episode_id,episode_year,recipe_name,recipe_cuisine_name,chef_id) VALUES (10,2023,Mekitsa,Turkish,76);
INSERT INTO episode_has_recipe (episode_id,episode_year,recipe_name,recipe_cuisine_name,chef_id) VALUES (10,2023,Macaroni and Cheese,Russian,38);
INSERT INTO episode_has_recipe (episode_id,episode_year,recipe_name,recipe_cuisine_name,chef_id) VALUES (10,2023,Fërgesë,Indian,69);
INSERT INTO episode_has_recipe (episode_id,episode_year,recipe_name,recipe_cuisine_name,chef_id) VALUES (10,2023,Kavarma,German,48);
INSERT INTO episode_has_recipe (episode_id,episode_year,recipe_name,recipe_cuisine_name,chef_id) VALUES (10,2023,Përime në zgare,Korean,55);
INSERT INTO episode_has_recipe (episode_id,episode_year,recipe_name,recipe_cuisine_name,chef_id) VALUES (10,2023,Syrniki,Mexican,100);
INSERT INTO episode_has_recipe (episode_id,episode_year,recipe_name,recipe_cuisine_name,chef_id) VALUES (1,2024,Bakllasarem,French,45);
INSERT INTO episode_has_recipe (episode_id,episode_year,recipe_name,recipe_cuisine_name,chef_id) VALUES (1,2024,Byrek me Spinaq,Japanese,3);
INSERT INTO episode_has_recipe (episode_id,episode_year,recipe_name,recipe_cuisine_name,chef_id) VALUES (1,2024,Banitsa,Korean,68);
INSERT INTO episode_has_recipe (episode_id,episode_year,recipe_name,recipe_cuisine_name,chef_id) VALUES (1,2024,Apple Pie,American,60);
INSERT INTO episode_has_recipe (episode_id,episode_year,recipe_name,recipe_cuisine_name,chef_id) VALUES (1,2024,Bulgarian Cheese Toast,Russian,11);
INSERT INTO episode_has_recipe (episode_id,episode_year,recipe_name,recipe_cuisine_name,chef_id) VALUES (1,2024,Shëndetli,Mexican,34);
INSERT INTO episode_has_recipe (episode_id,episode_year,recipe_name,recipe_cuisine_name,chef_id) VALUES (1,2024,BLT Sandwich,Italian,8);
INSERT INTO episode_has_recipe (episode_id,episode_year,recipe_name,recipe_cuisine_name,chef_id) VALUES (1,2024,Kavarma,German,62);
INSERT INTO episode_has_recipe (episode_id,episode_year,recipe_name,recipe_cuisine_name,chef_id) VALUES (1,2024,Pelmeni,Chinese,50);
INSERT INTO episode_has_recipe (episode_id,episode_year,recipe_name,recipe_cuisine_name,chef_id) VALUES (1,2024,Barbecue Ribs,Greek,86);
INSERT INTO episode_has_recipe (episode_id,episode_year,recipe_name,recipe_cuisine_name,chef_id) VALUES (2,2024,Barbecue Ribs,Greek,91);
INSERT INTO episode_has_recipe (episode_id,episode_year,recipe_name,recipe_cuisine_name,chef_id) VALUES (2,2024,Brownies,Chinese,21);
INSERT INTO episode_has_recipe (episode_id,episode_year,recipe_name,recipe_cuisine_name,chef_id) VALUES (2,2024,Fried Chicken,Bulgarian,45);
INSERT INTO episode_has_recipe (episode_id,episode_year,recipe_name,recipe_cuisine_name,chef_id) VALUES (2,2024,Chocolate Chip Cookies,Indian,5);
INSERT INTO episode_has_recipe (episode_id,episode_year,recipe_name,recipe_cuisine_name,chef_id) VALUES (2,2024,Përime në zgare,Korean,55);
INSERT INTO episode_has_recipe (episode_id,episode_year,recipe_name,recipe_cuisine_name,chef_id) VALUES (2,2024,BLT Sandwich,Italian,8);
INSERT INTO episode_has_recipe (episode_id,episode_year,recipe_name,recipe_cuisine_name,chef_id) VALUES (2,2024,Shëndetli,Mexican,34);
INSERT INTO episode_has_recipe (episode_id,episode_year,recipe_name,recipe_cuisine_name,chef_id) VALUES (2,2024,Kasha,German,84);
INSERT INTO episode_has_recipe (episode_id,episode_year,recipe_name,recipe_cuisine_name,chef_id) VALUES (2,2024,Pancakes,French,11);
INSERT INTO episode_has_recipe (episode_id,episode_year,recipe_name,recipe_cuisine_name,chef_id) VALUES (2,2024,Tarator,American,39);
INSERT INTO episode_has_recipe (episode_id,episode_year,recipe_name,recipe_cuisine_name,chef_id) VALUES (3,2024,Kavarma,German,62);
INSERT INTO episode_has_recipe (episode_id,episode_year,recipe_name,recipe_cuisine_name,chef_id) VALUES (3,2024,Medovik,Italian,22);
INSERT INTO episode_has_recipe (episode_id,episode_year,recipe_name,recipe_cuisine_name,chef_id) VALUES (3,2024,Mish me midhje,Turkish,78);
INSERT INTO episode_has_recipe (episode_id,episode_year,recipe_name,recipe_cuisine_name,chef_id) VALUES (3,2024,Përime në zgare,Korean,81);
INSERT INTO episode_has_recipe (episode_id,episode_year,recipe_name,recipe_cuisine_name,chef_id) VALUES (3,2024,Barbecue Ribs,Greek,10);
INSERT INTO episode_has_recipe (episode_id,episode_year,recipe_name,recipe_cuisine_name,chef_id) VALUES (3,2024,Pelmeni,Chinese,50);
INSERT INTO episode_has_recipe (episode_id,episode_year,recipe_name,recipe_cuisine_name,chef_id) VALUES (3,2024,Shëndetli,Mexican,69);
INSERT INTO episode_has_recipe (episode_id,episode_year,recipe_name,recipe_cuisine_name,chef_id) VALUES (3,2024,Fërgesë,Indian,19);
INSERT INTO episode_has_recipe (episode_id,episode_year,recipe_name,recipe_cuisine_name,chef_id) VALUES (3,2024,Byrek me Spinaq,Japanese,2);
INSERT INTO episode_has_recipe (episode_id,episode_year,recipe_name,recipe_cuisine_name,chef_id) VALUES (3,2024,Fried Chicken,Bulgarian,94);
INSERT INTO episode_has_recipe (episode_id,episode_year,recipe_name,recipe_cuisine_name,chef_id) VALUES (4,2024,Sarmi,French,71);
INSERT INTO episode_has_recipe (episode_id,episode_year,recipe_name,recipe_cuisine_name,chef_id) VALUES (4,2024,Kasha,German,62);
INSERT INTO episode_has_recipe (episode_id,episode_year,recipe_name,recipe_cuisine_name,chef_id) VALUES (4,2024,Cheeseburger,Albanian,19);
INSERT INTO episode_has_recipe (episode_id,episode_year,recipe_name,recipe_cuisine_name,chef_id) VALUES (4,2024,Shchi,American,72);
INSERT INTO episode_has_recipe (episode_id,episode_year,recipe_name,recipe_cuisine_name,chef_id) VALUES (4,2024,Pryaniki,Korean,88);
INSERT INTO episode_has_recipe (episode_id,episode_year,recipe_name,recipe_cuisine_name,chef_id) VALUES (4,2024,Fried Chicken,Bulgarian,67);
INSERT INTO episode_has_recipe (episode_id,episode_year,recipe_name,recipe_cuisine_name,chef_id) VALUES (4,2024,Medovik,Italian,80);
INSERT INTO episode_has_recipe (episode_id,episode_year,recipe_name,recipe_cuisine_name,chef_id) VALUES (4,2024,Shopska Salata,Mexican,34);
INSERT INTO episode_has_recipe (episode_id,episode_year,recipe_name,recipe_cuisine_name,chef_id) VALUES (4,2024,Brownies,Chinese,50);
INSERT INTO episode_has_recipe (episode_id,episode_year,recipe_name,recipe_cuisine_name,chef_id) VALUES (4,2024,Mekitsa,Turkish,85);
INSERT INTO episode_has_recipe (episode_id,episode_year,recipe_name,recipe_cuisine_name,chef_id) VALUES (5,2024,Fried Chicken,Bulgarian,67);
INSERT INTO episode_has_recipe (episode_id,episode_year,recipe_name,recipe_cuisine_name,chef_id) VALUES (5,2024,Apple Pie,American,95);
INSERT INTO episode_has_recipe (episode_id,episode_year,recipe_name,recipe_cuisine_name,chef_id) VALUES (5,2024,Barbecue Ribs,Greek,37);
INSERT INTO episode_has_recipe (episode_id,episode_year,recipe_name,recipe_cuisine_name,chef_id) VALUES (5,2024,Speca të mbushur,Italian,14);
INSERT INTO episode_has_recipe (episode_id,episode_year,recipe_name,recipe_cuisine_name,chef_id) VALUES (5,2024,Banitsa,Korean,59);
INSERT INTO episode_has_recipe (episode_id,episode_year,recipe_name,recipe_cuisine_name,chef_id) VALUES (5,2024,Mish me midhje,Turkish,1);
INSERT INTO episode_has_recipe (episode_id,episode_year,recipe_name,recipe_cuisine_name,chef_id) VALUES (5,2024,Cheeseburger,Albanian,38);
INSERT INTO episode_has_recipe (episode_id,episode_year,recipe_name,recipe_cuisine_name,chef_id) VALUES (5,2024,Brownies,Chinese,17);
INSERT INTO episode_has_recipe (episode_id,episode_year,recipe_name,recipe_cuisine_name,chef_id) VALUES (5,2024,Bulgarian Cheese Toast,Russian,10);
INSERT INTO episode_has_recipe (episode_id,episode_year,recipe_name,recipe_cuisine_name,chef_id) VALUES (5,2024,Clam Chowder,Japanese,49);
INSERT INTO episode_has_recipe (episode_id,episode_year,recipe_name,recipe_cuisine_name,chef_id) VALUES (6,2024,Apple Pie,American,74);
INSERT INTO episode_has_recipe (episode_id,episode_year,recipe_name,recipe_cuisine_name,chef_id) VALUES (6,2024,Sarmi,French,40);
INSERT INTO episode_has_recipe (episode_id,episode_year,recipe_name,recipe_cuisine_name,chef_id) VALUES (6,2024,Zefir,Turkish,59);
INSERT INTO episode_has_recipe (episode_id,episode_year,recipe_name,recipe_cuisine_name,chef_id) VALUES (6,2024,Macaroni and Cheese,Russian,86);
INSERT INTO episode_has_recipe (episode_id,episode_year,recipe_name,recipe_cuisine_name,chef_id) VALUES (6,2024,Shëndetli,Mexican,66);
INSERT INTO episode_has_recipe (episode_id,episode_year,recipe_name,recipe_cuisine_name,chef_id) VALUES (6,2024,Kasha,German,84);
INSERT INTO episode_has_recipe (episode_id,episode_year,recipe_name,recipe_cuisine_name,chef_id) VALUES (6,2024,Borscht,Japanese,2);
INSERT INTO episode_has_recipe (episode_id,episode_year,recipe_name,recipe_cuisine_name,chef_id) VALUES (6,2024,Cheeseburger,Albanian,90);
INSERT INTO episode_has_recipe (episode_id,episode_year,recipe_name,recipe_cuisine_name,chef_id) VALUES (6,2024,Kadaif,Bulgarian,65);
INSERT INTO episode_has_recipe (episode_id,episode_year,recipe_name,recipe_cuisine_name,chef_id) VALUES (6,2024,Medovik,Italian,22);
INSERT INTO episode_has_recipe (episode_id,episode_year,recipe_name,recipe_cuisine_name,chef_id) VALUES (7,2024,Pryaniki,Korean,55);
INSERT INTO episode_has_recipe (episode_id,episode_year,recipe_name,recipe_cuisine_name,chef_id) VALUES (7,2024,Pelmeni,Chinese,17);
INSERT INTO episode_has_recipe (episode_id,episode_year,recipe_name,recipe_cuisine_name,chef_id) VALUES (7,2024,Kavarma,German,62);
INSERT INTO episode_has_recipe (episode_id,episode_year,recipe_name,recipe_cuisine_name,chef_id) VALUES (7,2024,Macaroni and Cheese,Russian,10);
INSERT INTO episode_has_recipe (episode_id,episode_year,recipe_name,recipe_cuisine_name,chef_id) VALUES (7,2024,Shëndetli,Mexican,100);
INSERT INTO episode_has_recipe (episode_id,episode_year,recipe_name,recipe_cuisine_name,chef_id) VALUES (7,2024,Cheeseburger,Albanian,90);
INSERT INTO episode_has_recipe (episode_id,episode_year,recipe_name,recipe_cuisine_name,chef_id) VALUES (7,2024,Apple Pie,American,53);
INSERT INTO episode_has_recipe (episode_id,episode_year,recipe_name,recipe_cuisine_name,chef_id) VALUES (7,2024,Beef Stroganoff,Indian,6);
INSERT INTO episode_has_recipe (episode_id,episode_year,recipe_name,recipe_cuisine_name,chef_id) VALUES (7,2024,Garash Cake,Greek,24);
INSERT INTO episode_has_recipe (episode_id,episode_year,recipe_name,recipe_cuisine_name,chef_id) VALUES (7,2024,Medovik,Italian,22);
INSERT INTO episode_has_recipe (episode_id,episode_year,recipe_name,recipe_cuisine_name,chef_id) VALUES (8,2024,Musaka,Albanian,90);
INSERT INTO episode_has_recipe (episode_id,episode_year,recipe_name,recipe_cuisine_name,chef_id) VALUES (8,2024,Clam Chowder,Japanese,36);
INSERT INTO episode_has_recipe (episode_id,episode_year,recipe_name,recipe_cuisine_name,chef_id) VALUES (8,2024,Fried Chicken,Bulgarian,94);
INSERT INTO episode_has_recipe (episode_id,episode_year,recipe_name,recipe_cuisine_name,chef_id) VALUES (8,2024,Medovik,Italian,93);
INSERT INTO episode_has_recipe (episode_id,episode_year,recipe_name,recipe_cuisine_name,chef_id) VALUES (8,2024,Beef Stroganoff,Indian,84);
INSERT INTO episode_has_recipe (episode_id,episode_year,recipe_name,recipe_cuisine_name,chef_id) VALUES (8,2024,Tarator,American,39);
INSERT INTO episode_has_recipe (episode_id,episode_year,recipe_name,recipe_cuisine_name,chef_id) VALUES (8,2024,Zefir,Turkish,59);
INSERT INTO episode_has_recipe (episode_id,episode_year,recipe_name,recipe_cuisine_name,chef_id) VALUES (8,2024,Pancakes,French,57);
INSERT INTO episode_has_recipe (episode_id,episode_year,recipe_name,recipe_cuisine_name,chef_id) VALUES (8,2024,Brownies,Chinese,50);
INSERT INTO episode_has_recipe (episode_id,episode_year,recipe_name,recipe_cuisine_name,chef_id) VALUES (8,2024,Qifqi,German,23);
INSERT INTO episode_has_recipe (episode_id,episode_year,recipe_name,recipe_cuisine_name,chef_id) VALUES (9,2024,Pancakes,French,38);
INSERT INTO episode_has_recipe (episode_id,episode_year,recipe_name,recipe_cuisine_name,chef_id) VALUES (9,2024,Banitsa,Korean,49);
INSERT INTO episode_has_recipe (episode_id,episode_year,recipe_name,recipe_cuisine_name,chef_id) VALUES (9,2024,Clam Chowder,Japanese,33);
INSERT INTO episode_has_recipe (episode_id,episode_year,recipe_name,recipe_cuisine_name,chef_id) VALUES (9,2024,Fërgesë,Indian,67);
INSERT INTO episode_has_recipe (episode_id,episode_year,recipe_name,recipe_cuisine_name,chef_id) VALUES (9,2024,Bulgarian Cheese Toast,Russian,4);
INSERT INTO episode_has_recipe (episode_id,episode_year,recipe_name,recipe_cuisine_name,chef_id) VALUES (9,2024,Barbecue Ribs,Greek,6);
INSERT INTO episode_has_recipe (episode_id,episode_year,recipe_name,recipe_cuisine_name,chef_id) VALUES (9,2024,Cheeseburger,Albanian,19);
INSERT INTO episode_has_recipe (episode_id,episode_year,recipe_name,recipe_cuisine_name,chef_id) VALUES (9,2024,Mekitsa,Turkish,85);
INSERT INTO episode_has_recipe (episode_id,episode_year,recipe_name,recipe_cuisine_name,chef_id) VALUES (9,2024,Medovik,Italian,9);
INSERT INTO episode_has_recipe (episode_id,episode_year,recipe_name,recipe_cuisine_name,chef_id) VALUES (9,2024,Kavarma,German,16);
INSERT INTO episode_has_recipe (episode_id,episode_year,recipe_name,recipe_cuisine_name,chef_id) VALUES (10,2024,Byrek me Spinaq,Japanese,61);
INSERT INTO episode_has_recipe (episode_id,episode_year,recipe_name,recipe_cuisine_name,chef_id) VALUES (10,2024,Tavë Kosi,Greek,99);
INSERT INTO episode_has_recipe (episode_id,episode_year,recipe_name,recipe_cuisine_name,chef_id) VALUES (10,2024,Fërgesë,Indian,53);
INSERT INTO episode_has_recipe (episode_id,episode_year,recipe_name,recipe_cuisine_name,chef_id) VALUES (10,2024,Përime në zgare,Korean,66);
INSERT INTO episode_has_recipe (episode_id,episode_year,recipe_name,recipe_cuisine_name,chef_id) VALUES (10,2024,Qifqi,German,62);
INSERT INTO episode_has_recipe (episode_id,episode_year,recipe_name,recipe_cuisine_name,chef_id) VALUES (10,2024,Brownies,Chinese,87);
INSERT INTO episode_has_recipe (episode_id,episode_year,recipe_name,recipe_cuisine_name,chef_id) VALUES (10,2024,Mekitsa,Turkish,1);
INSERT INTO episode_has_recipe (episode_id,episode_year,recipe_name,recipe_cuisine_name,chef_id) VALUES (10,2024,Macaroni and Cheese,Russian,18);
INSERT INTO episode_has_recipe (episode_id,episode_year,recipe_name,recipe_cuisine_name,chef_id) VALUES (10,2024,Sarmi,French,42);
INSERT INTO episode_has_recipe (episode_id,episode_year,recipe_name,recipe_cuisine_name,chef_id) VALUES (10,2024,Shëndetli,Mexican,25);
INSERT INTO grading (episode_id,episode_year,judge_chef_id,participant_chef_id,grade) VALUES (1,2020,28,96,3);
INSERT INTO grading (episode_id,episode_year,judge_chef_id,participant_chef_id,grade) VALUES (1,2020,28,42,1);
INSERT INTO grading (episode_id,episode_year,judge_chef_id,participant_chef_id,grade) VALUES (1,2020,28,90,3);
INSERT INTO grading (episode_id,episode_year,judge_chef_id,participant_chef_id,grade) VALUES (1,2020,28,20,4);
INSERT INTO grading (episode_id,episode_year,judge_chef_id,participant_chef_id,grade) VALUES (1,2020,28,74,1);
INSERT INTO grading (episode_id,episode_year,judge_chef_id,participant_chef_id,grade) VALUES (1,2020,28,75,4);
INSERT INTO grading (episode_id,episode_year,judge_chef_id,participant_chef_id,grade) VALUES (1,2020,28,43,5);
INSERT INTO grading (episode_id,episode_year,judge_chef_id,participant_chef_id,grade) VALUES (1,2020,28,57,2);
INSERT INTO grading (episode_id,episode_year,judge_chef_id,participant_chef_id,grade) VALUES (1,2020,28,10,2);
INSERT INTO grading (episode_id,episode_year,judge_chef_id,participant_chef_id,grade) VALUES (1,2020,28,54,4);
INSERT INTO grading (episode_id,episode_year,judge_chef_id,participant_chef_id,grade) VALUES (1,2020,45,96,5);
INSERT INTO grading (episode_id,episode_year,judge_chef_id,participant_chef_id,grade) VALUES (1,2020,45,42,5);
INSERT INTO grading (episode_id,episode_year,judge_chef_id,participant_chef_id,grade) VALUES (1,2020,45,90,3);
INSERT INTO grading (episode_id,episode_year,judge_chef_id,participant_chef_id,grade) VALUES (1,2020,45,20,2);
INSERT INTO grading (episode_id,episode_year,judge_chef_id,participant_chef_id,grade) VALUES (1,2020,45,74,1);
INSERT INTO grading (episode_id,episode_year,judge_chef_id,participant_chef_id,grade) VALUES (1,2020,45,75,3);
INSERT INTO grading (episode_id,episode_year,judge_chef_id,participant_chef_id,grade) VALUES (1,2020,45,43,2);
INSERT INTO grading (episode_id,episode_year,judge_chef_id,participant_chef_id,grade) VALUES (1,2020,45,57,3);
INSERT INTO grading (episode_id,episode_year,judge_chef_id,participant_chef_id,grade) VALUES (1,2020,45,10,3);
INSERT INTO grading (episode_id,episode_year,judge_chef_id,participant_chef_id,grade) VALUES (1,2020,45,54,5);
INSERT INTO grading (episode_id,episode_year,judge_chef_id,participant_chef_id,grade) VALUES (1,2020,95,96,1);
INSERT INTO grading (episode_id,episode_year,judge_chef_id,participant_chef_id,grade) VALUES (1,2020,95,42,4);
INSERT INTO grading (episode_id,episode_year,judge_chef_id,participant_chef_id,grade) VALUES (1,2020,95,90,2);
INSERT INTO grading (episode_id,episode_year,judge_chef_id,participant_chef_id,grade) VALUES (1,2020,95,20,5);
INSERT INTO grading (episode_id,episode_year,judge_chef_id,participant_chef_id,grade) VALUES (1,2020,95,74,1);
INSERT INTO grading (episode_id,episode_year,judge_chef_id,participant_chef_id,grade) VALUES (1,2020,95,75,4);
INSERT INTO grading (episode_id,episode_year,judge_chef_id,participant_chef_id,grade) VALUES (1,2020,95,43,5);
INSERT INTO grading (episode_id,episode_year,judge_chef_id,participant_chef_id,grade) VALUES (1,2020,95,57,1);
INSERT INTO grading (episode_id,episode_year,judge_chef_id,participant_chef_id,grade) VALUES (1,2020,95,10,3);
INSERT INTO grading (episode_id,episode_year,judge_chef_id,participant_chef_id,grade) VALUES (1,2020,95,54,2);
INSERT INTO grading (episode_id,episode_year,judge_chef_id,participant_chef_id,grade) VALUES (2,2020,5,36,3);
INSERT INTO grading (episode_id,episode_year,judge_chef_id,participant_chef_id,grade) VALUES (2,2020,5,68,5);
INSERT INTO grading (episode_id,episode_year,judge_chef_id,participant_chef_id,grade) VALUES (2,2020,5,83,2);
INSERT INTO grading (episode_id,episode_year,judge_chef_id,participant_chef_id,grade) VALUES (2,2020,5,40,3);
INSERT INTO grading (episode_id,episode_year,judge_chef_id,participant_chef_id,grade) VALUES (2,2020,5,72,4);
INSERT INTO grading (episode_id,episode_year,judge_chef_id,participant_chef_id,grade) VALUES (2,2020,5,81,5);
INSERT INTO grading (episode_id,episode_year,judge_chef_id,participant_chef_id,grade) VALUES (2,2020,5,76,3);
INSERT INTO grading (episode_id,episode_year,judge_chef_id,participant_chef_id,grade) VALUES (2,2020,5,45,1);
INSERT INTO grading (episode_id,episode_year,judge_chef_id,participant_chef_id,grade) VALUES (2,2020,5,25,4);
INSERT INTO grading (episode_id,episode_year,judge_chef_id,participant_chef_id,grade) VALUES (2,2020,5,8,2);
INSERT INTO grading (episode_id,episode_year,judge_chef_id,participant_chef_id,grade) VALUES (2,2020,19,36,3);
INSERT INTO grading (episode_id,episode_year,judge_chef_id,participant_chef_id,grade) VALUES (2,2020,19,68,5);
INSERT INTO grading (episode_id,episode_year,judge_chef_id,participant_chef_id,grade) VALUES (2,2020,19,83,4);
INSERT INTO grading (episode_id,episode_year,judge_chef_id,participant_chef_id,grade) VALUES (2,2020,19,40,1);
INSERT INTO grading (episode_id,episode_year,judge_chef_id,participant_chef_id,grade) VALUES (2,2020,19,72,1);
INSERT INTO grading (episode_id,episode_year,judge_chef_id,participant_chef_id,grade) VALUES (2,2020,19,81,3);
INSERT INTO grading (episode_id,episode_year,judge_chef_id,participant_chef_id,grade) VALUES (2,2020,19,76,5);
INSERT INTO grading (episode_id,episode_year,judge_chef_id,participant_chef_id,grade) VALUES (2,2020,19,45,3);
INSERT INTO grading (episode_id,episode_year,judge_chef_id,participant_chef_id,grade) VALUES (2,2020,19,25,2);
INSERT INTO grading (episode_id,episode_year,judge_chef_id,participant_chef_id,grade) VALUES (2,2020,19,8,3);
INSERT INTO grading (episode_id,episode_year,judge_chef_id,participant_chef_id,grade) VALUES (2,2020,16,36,5);
INSERT INTO grading (episode_id,episode_year,judge_chef_id,participant_chef_id,grade) VALUES (2,2020,16,68,4);
INSERT INTO grading (episode_id,episode_year,judge_chef_id,participant_chef_id,grade) VALUES (2,2020,16,83,3);
INSERT INTO grading (episode_id,episode_year,judge_chef_id,participant_chef_id,grade) VALUES (2,2020,16,40,2);
INSERT INTO grading (episode_id,episode_year,judge_chef_id,participant_chef_id,grade) VALUES (2,2020,16,72,5);
INSERT INTO grading (episode_id,episode_year,judge_chef_id,participant_chef_id,grade) VALUES (2,2020,16,81,5);
INSERT INTO grading (episode_id,episode_year,judge_chef_id,participant_chef_id,grade) VALUES (2,2020,16,76,5);
INSERT INTO grading (episode_id,episode_year,judge_chef_id,participant_chef_id,grade) VALUES (2,2020,16,45,1);
INSERT INTO grading (episode_id,episode_year,judge_chef_id,participant_chef_id,grade) VALUES (2,2020,16,25,1);
INSERT INTO grading (episode_id,episode_year,judge_chef_id,participant_chef_id,grade) VALUES (2,2020,16,8,1);
INSERT INTO grading (episode_id,episode_year,judge_chef_id,participant_chef_id,grade) VALUES (3,2020,97,14,4);
INSERT INTO grading (episode_id,episode_year,judge_chef_id,participant_chef_id,grade) VALUES (3,2020,97,29,4);
INSERT INTO grading (episode_id,episode_year,judge_chef_id,participant_chef_id,grade) VALUES (3,2020,97,100,2);
INSERT INTO grading (episode_id,episode_year,judge_chef_id,participant_chef_id,grade) VALUES (3,2020,97,94,4);
INSERT INTO grading (episode_id,episode_year,judge_chef_id,participant_chef_id,grade) VALUES (3,2020,97,32,2);
INSERT INTO grading (episode_id,episode_year,judge_chef_id,participant_chef_id,grade) VALUES (3,2020,97,86,5);
INSERT INTO grading (episode_id,episode_year,judge_chef_id,participant_chef_id,grade) VALUES (3,2020,97,99,1);
INSERT INTO grading (episode_id,episode_year,judge_chef_id,participant_chef_id,grade) VALUES (3,2020,97,30,3);
INSERT INTO grading (episode_id,episode_year,judge_chef_id,participant_chef_id,grade) VALUES (3,2020,97,42,2);
INSERT INTO grading (episode_id,episode_year,judge_chef_id,participant_chef_id,grade) VALUES (3,2020,97,20,5);
INSERT INTO grading (episode_id,episode_year,judge_chef_id,participant_chef_id,grade) VALUES (3,2020,78,14,1);
INSERT INTO grading (episode_id,episode_year,judge_chef_id,participant_chef_id,grade) VALUES (3,2020,78,29,4);
INSERT INTO grading (episode_id,episode_year,judge_chef_id,participant_chef_id,grade) VALUES (3,2020,78,100,1);
INSERT INTO grading (episode_id,episode_year,judge_chef_id,participant_chef_id,grade) VALUES (3,2020,78,94,1);
INSERT INTO grading (episode_id,episode_year,judge_chef_id,participant_chef_id,grade) VALUES (3,2020,78,32,2);
INSERT INTO grading (episode_id,episode_year,judge_chef_id,participant_chef_id,grade) VALUES (3,2020,78,86,1);
INSERT INTO grading (episode_id,episode_year,judge_chef_id,participant_chef_id,grade) VALUES (3,2020,78,99,2);
INSERT INTO grading (episode_id,episode_year,judge_chef_id,participant_chef_id,grade) VALUES (3,2020,78,30,3);
INSERT INTO grading (episode_id,episode_year,judge_chef_id,participant_chef_id,grade) VALUES (3,2020,78,42,4);
INSERT INTO grading (episode_id,episode_year,judge_chef_id,participant_chef_id,grade) VALUES (3,2020,78,20,3);
INSERT INTO grading (episode_id,episode_year,judge_chef_id,participant_chef_id,grade) VALUES (3,2020,70,14,4);
INSERT INTO grading (episode_id,episode_year,judge_chef_id,participant_chef_id,grade) VALUES (3,2020,70,29,3);
INSERT INTO grading (episode_id,episode_year,judge_chef_id,participant_chef_id,grade) VALUES (3,2020,70,100,5);
INSERT INTO grading (episode_id,episode_year,judge_chef_id,participant_chef_id,grade) VALUES (3,2020,70,94,3);
INSERT INTO grading (episode_id,episode_year,judge_chef_id,participant_chef_id,grade) VALUES (3,2020,70,32,2);
INSERT INTO grading (episode_id,episode_year,judge_chef_id,participant_chef_id,grade) VALUES (3,2020,70,86,2);
INSERT INTO grading (episode_id,episode_year,judge_chef_id,participant_chef_id,grade) VALUES (3,2020,70,99,3);
INSERT INTO grading (episode_id,episode_year,judge_chef_id,participant_chef_id,grade) VALUES (3,2020,70,30,4);
INSERT INTO grading (episode_id,episode_year,judge_chef_id,participant_chef_id,grade) VALUES (3,2020,70,42,3);
INSERT INTO grading (episode_id,episode_year,judge_chef_id,participant_chef_id,grade) VALUES (3,2020,70,20,1);
INSERT INTO grading (episode_id,episode_year,judge_chef_id,participant_chef_id,grade) VALUES (4,2020,82,44,3);
INSERT INTO grading (episode_id,episode_year,judge_chef_id,participant_chef_id,grade) VALUES (4,2020,82,19,2);
INSERT INTO grading (episode_id,episode_year,judge_chef_id,participant_chef_id,grade) VALUES (4,2020,82,98,1);
INSERT INTO grading (episode_id,episode_year,judge_chef_id,participant_chef_id,grade) VALUES (4,2020,82,53,4);
INSERT INTO grading (episode_id,episode_year,judge_chef_id,participant_chef_id,grade) VALUES (4,2020,82,76,3);
INSERT INTO grading (episode_id,episode_year,judge_chef_id,participant_chef_id,grade) VALUES (4,2020,82,17,5);
INSERT INTO grading (episode_id,episode_year,judge_chef_id,participant_chef_id,grade) VALUES (4,2020,82,69,4);
INSERT INTO grading (episode_id,episode_year,judge_chef_id,participant_chef_id,grade) VALUES (4,2020,82,72,3);
INSERT INTO grading (episode_id,episode_year,judge_chef_id,participant_chef_id,grade) VALUES (4,2020,82,50,2);
INSERT INTO grading (episode_id,episode_year,judge_chef_id,participant_chef_id,grade) VALUES (4,2020,82,4,1);
INSERT INTO grading (episode_id,episode_year,judge_chef_id,participant_chef_id,grade) VALUES (4,2020,68,44,1);
INSERT INTO grading (episode_id,episode_year,judge_chef_id,participant_chef_id,grade) VALUES (4,2020,68,19,4);
INSERT INTO grading (episode_id,episode_year,judge_chef_id,participant_chef_id,grade) VALUES (4,2020,68,98,4);
INSERT INTO grading (episode_id,episode_year,judge_chef_id,participant_chef_id,grade) VALUES (4,2020,68,53,5);
INSERT INTO grading (episode_id,episode_year,judge_chef_id,participant_chef_id,grade) VALUES (4,2020,68,76,2);
INSERT INTO grading (episode_id,episode_year,judge_chef_id,participant_chef_id,grade) VALUES (4,2020,68,17,5);
INSERT INTO grading (episode_id,episode_year,judge_chef_id,participant_chef_id,grade) VALUES (4,2020,68,69,1);
INSERT INTO grading (episode_id,episode_year,judge_chef_id,participant_chef_id,grade) VALUES (4,2020,68,72,2);
INSERT INTO grading (episode_id,episode_year,judge_chef_id,participant_chef_id,grade) VALUES (4,2020,68,50,5);
INSERT INTO grading (episode_id,episode_year,judge_chef_id,participant_chef_id,grade) VALUES (4,2020,68,4,5);
INSERT INTO grading (episode_id,episode_year,judge_chef_id,participant_chef_id,grade) VALUES (4,2020,89,44,1);
INSERT INTO grading (episode_id,episode_year,judge_chef_id,participant_chef_id,grade) VALUES (4,2020,89,19,4);
INSERT INTO grading (episode_id,episode_year,judge_chef_id,participant_chef_id,grade) VALUES (4,2020,89,98,3);
INSERT INTO grading (episode_id,episode_year,judge_chef_id,participant_chef_id,grade) VALUES (4,2020,89,53,5);
INSERT INTO grading (episode_id,episode_year,judge_chef_id,participant_chef_id,grade) VALUES (4,2020,89,76,1);
INSERT INTO grading (episode_id,episode_year,judge_chef_id,participant_chef_id,grade) VALUES (4,2020,89,17,4);
INSERT INTO grading (episode_id,episode_year,judge_chef_id,participant_chef_id,grade) VALUES (4,2020,89,69,4);
INSERT INTO grading (episode_id,episode_year,judge_chef_id,participant_chef_id,grade) VALUES (4,2020,89,72,3);
INSERT INTO grading (episode_id,episode_year,judge_chef_id,participant_chef_id,grade) VALUES (4,2020,89,50,5);
INSERT INTO grading (episode_id,episode_year,judge_chef_id,participant_chef_id,grade) VALUES (4,2020,89,4,4);
INSERT INTO grading (episode_id,episode_year,judge_chef_id,participant_chef_id,grade) VALUES (5,2020,79,52,1);
INSERT INTO grading (episode_id,episode_year,judge_chef_id,participant_chef_id,grade) VALUES (5,2020,79,19,1);
INSERT INTO grading (episode_id,episode_year,judge_chef_id,participant_chef_id,grade) VALUES (5,2020,79,97,5);
INSERT INTO grading (episode_id,episode_year,judge_chef_id,participant_chef_id,grade) VALUES (5,2020,79,59,3);
INSERT INTO grading (episode_id,episode_year,judge_chef_id,participant_chef_id,grade) VALUES (5,2020,79,54,4);
INSERT INTO grading (episode_id,episode_year,judge_chef_id,participant_chef_id,grade) VALUES (5,2020,79,10,1);
INSERT INTO grading (episode_id,episode_year,judge_chef_id,participant_chef_id,grade) VALUES (5,2020,79,64,5);
INSERT INTO grading (episode_id,episode_year,judge_chef_id,participant_chef_id,grade) VALUES (5,2020,79,34,3);
INSERT INTO grading (episode_id,episode_year,judge_chef_id,participant_chef_id,grade) VALUES (5,2020,79,74,5);
INSERT INTO grading (episode_id,episode_year,judge_chef_id,participant_chef_id,grade) VALUES (5,2020,79,49,4);
INSERT INTO grading (episode_id,episode_year,judge_chef_id,participant_chef_id,grade) VALUES (5,2020,91,52,1);
INSERT INTO grading (episode_id,episode_year,judge_chef_id,participant_chef_id,grade) VALUES (5,2020,91,19,5);
INSERT INTO grading (episode_id,episode_year,judge_chef_id,participant_chef_id,grade) VALUES (5,2020,91,97,5);
INSERT INTO grading (episode_id,episode_year,judge_chef_id,participant_chef_id,grade) VALUES (5,2020,91,59,2);
INSERT INTO grading (episode_id,episode_year,judge_chef_id,participant_chef_id,grade) VALUES (5,2020,91,54,1);
INSERT INTO grading (episode_id,episode_year,judge_chef_id,participant_chef_id,grade) VALUES (5,2020,91,10,2);
INSERT INTO grading (episode_id,episode_year,judge_chef_id,participant_chef_id,grade) VALUES (5,2020,91,64,5);
INSERT INTO grading (episode_id,episode_year,judge_chef_id,participant_chef_id,grade) VALUES (5,2020,91,34,3);
INSERT INTO grading (episode_id,episode_year,judge_chef_id,participant_chef_id,grade) VALUES (5,2020,91,74,5);
INSERT INTO grading (episode_id,episode_year,judge_chef_id,participant_chef_id,grade) VALUES (5,2020,91,49,2);
INSERT INTO grading (episode_id,episode_year,judge_chef_id,participant_chef_id,grade) VALUES (5,2020,36,52,1);
INSERT INTO grading (episode_id,episode_year,judge_chef_id,participant_chef_id,grade) VALUES (5,2020,36,19,1);
INSERT INTO grading (episode_id,episode_year,judge_chef_id,participant_chef_id,grade) VALUES (5,2020,36,97,1);
INSERT INTO grading (episode_id,episode_year,judge_chef_id,participant_chef_id,grade) VALUES (5,2020,36,59,2);
INSERT INTO grading (episode_id,episode_year,judge_chef_id,participant_chef_id,grade) VALUES (5,2020,36,54,1);
INSERT INTO grading (episode_id,episode_year,judge_chef_id,participant_chef_id,grade) VALUES (5,2020,36,10,4);
INSERT INTO grading (episode_id,episode_year,judge_chef_id,participant_chef_id,grade) VALUES (5,2020,36,64,3);
INSERT INTO grading (episode_id,episode_year,judge_chef_id,participant_chef_id,grade) VALUES (5,2020,36,34,3);
INSERT INTO grading (episode_id,episode_year,judge_chef_id,participant_chef_id,grade) VALUES (5,2020,36,74,2);
INSERT INTO grading (episode_id,episode_year,judge_chef_id,participant_chef_id,grade) VALUES (5,2020,36,49,1);
INSERT INTO grading (episode_id,episode_year,judge_chef_id,participant_chef_id,grade) VALUES (6,2020,6,38,4);
INSERT INTO grading (episode_id,episode_year,judge_chef_id,participant_chef_id,grade) VALUES (6,2020,6,73,1);
INSERT INTO grading (episode_id,episode_year,judge_chef_id,participant_chef_id,grade) VALUES (6,2020,6,65,5);
INSERT INTO grading (episode_id,episode_year,judge_chef_id,participant_chef_id,grade) VALUES (6,2020,6,79,5);
INSERT INTO grading (episode_id,episode_year,judge_chef_id,participant_chef_id,grade) VALUES (6,2020,6,58,4);
INSERT INTO grading (episode_id,episode_year,judge_chef_id,participant_chef_id,grade) VALUES (6,2020,6,82,4);
INSERT INTO grading (episode_id,episode_year,judge_chef_id,participant_chef_id,grade) VALUES (6,2020,6,86,2);
INSERT INTO grading (episode_id,episode_year,judge_chef_id,participant_chef_id,grade) VALUES (6,2020,6,50,2);
INSERT INTO grading (episode_id,episode_year,judge_chef_id,participant_chef_id,grade) VALUES (6,2020,6,34,1);
INSERT INTO grading (episode_id,episode_year,judge_chef_id,participant_chef_id,grade) VALUES (6,2020,6,24,4);
INSERT INTO grading (episode_id,episode_year,judge_chef_id,participant_chef_id,grade) VALUES (6,2020,98,38,1);
INSERT INTO grading (episode_id,episode_year,judge_chef_id,participant_chef_id,grade) VALUES (6,2020,98,73,4);
INSERT INTO grading (episode_id,episode_year,judge_chef_id,participant_chef_id,grade) VALUES (6,2020,98,65,3);
INSERT INTO grading (episode_id,episode_year,judge_chef_id,participant_chef_id,grade) VALUES (6,2020,98,79,3);
INSERT INTO grading (episode_id,episode_year,judge_chef_id,participant_chef_id,grade) VALUES (6,2020,98,58,4);
INSERT INTO grading (episode_id,episode_year,judge_chef_id,participant_chef_id,grade) VALUES (6,2020,98,82,2);
INSERT INTO grading (episode_id,episode_year,judge_chef_id,participant_chef_id,grade) VALUES (6,2020,98,86,5);
INSERT INTO grading (episode_id,episode_year,judge_chef_id,participant_chef_id,grade) VALUES (6,2020,98,50,2);
INSERT INTO grading (episode_id,episode_year,judge_chef_id,participant_chef_id,grade) VALUES (6,2020,98,34,5);
INSERT INTO grading (episode_id,episode_year,judge_chef_id,participant_chef_id,grade) VALUES (6,2020,98,24,4);
INSERT INTO grading (episode_id,episode_year,judge_chef_id,participant_chef_id,grade) VALUES (6,2020,75,38,3);
INSERT INTO grading (episode_id,episode_year,judge_chef_id,participant_chef_id,grade) VALUES (6,2020,75,73,2);
INSERT INTO grading (episode_id,episode_year,judge_chef_id,participant_chef_id,grade) VALUES (6,2020,75,65,2);
INSERT INTO grading (episode_id,episode_year,judge_chef_id,participant_chef_id,grade) VALUES (6,2020,75,79,3);
INSERT INTO grading (episode_id,episode_year,judge_chef_id,participant_chef_id,grade) VALUES (6,2020,75,58,4);
INSERT INTO grading (episode_id,episode_year,judge_chef_id,participant_chef_id,grade) VALUES (6,2020,75,82,3);
INSERT INTO grading (episode_id,episode_year,judge_chef_id,participant_chef_id,grade) VALUES (6,2020,75,86,1);
INSERT INTO grading (episode_id,episode_year,judge_chef_id,participant_chef_id,grade) VALUES (6,2020,75,50,4);
INSERT INTO grading (episode_id,episode_year,judge_chef_id,participant_chef_id,grade) VALUES (6,2020,75,34,3);
INSERT INTO grading (episode_id,episode_year,judge_chef_id,participant_chef_id,grade) VALUES (6,2020,75,24,2);
INSERT INTO grading (episode_id,episode_year,judge_chef_id,participant_chef_id,grade) VALUES (7,2020,73,2,5);
INSERT INTO grading (episode_id,episode_year,judge_chef_id,participant_chef_id,grade) VALUES (7,2020,73,79,5);
INSERT INTO grading (episode_id,episode_year,judge_chef_id,participant_chef_id,grade) VALUES (7,2020,73,71,2);
INSERT INTO grading (episode_id,episode_year,judge_chef_id,participant_chef_id,grade) VALUES (7,2020,73,51,5);
INSERT INTO grading (episode_id,episode_year,judge_chef_id,participant_chef_id,grade) VALUES (7,2020,73,25,2);
INSERT INTO grading (episode_id,episode_year,judge_chef_id,participant_chef_id,grade) VALUES (7,2020,73,89,4);
INSERT INTO grading (episode_id,episode_year,judge_chef_id,participant_chef_id,grade) VALUES (7,2020,73,94,2);
INSERT INTO grading (episode_id,episode_year,judge_chef_id,participant_chef_id,grade) VALUES (7,2020,73,67,5);
INSERT INTO grading (episode_id,episode_year,judge_chef_id,participant_chef_id,grade) VALUES (7,2020,73,19,1);
INSERT INTO grading (episode_id,episode_year,judge_chef_id,participant_chef_id,grade) VALUES (7,2020,73,68,5);
INSERT INTO grading (episode_id,episode_year,judge_chef_id,participant_chef_id,grade) VALUES (7,2020,57,2,4);
INSERT INTO grading (episode_id,episode_year,judge_chef_id,participant_chef_id,grade) VALUES (7,2020,57,79,5);
INSERT INTO grading (episode_id,episode_year,judge_chef_id,participant_chef_id,grade) VALUES (7,2020,57,71,3);
INSERT INTO grading (episode_id,episode_year,judge_chef_id,participant_chef_id,grade) VALUES (7,2020,57,51,4);
INSERT INTO grading (episode_id,episode_year,judge_chef_id,participant_chef_id,grade) VALUES (7,2020,57,25,5);
INSERT INTO grading (episode_id,episode_year,judge_chef_id,participant_chef_id,grade) VALUES (7,2020,57,89,4);
INSERT INTO grading (episode_id,episode_year,judge_chef_id,participant_chef_id,grade) VALUES (7,2020,57,94,2);
INSERT INTO grading (episode_id,episode_year,judge_chef_id,participant_chef_id,grade) VALUES (7,2020,57,67,2);
INSERT INTO grading (episode_id,episode_year,judge_chef_id,participant_chef_id,grade) VALUES (7,2020,57,19,2);
INSERT INTO grading (episode_id,episode_year,judge_chef_id,participant_chef_id,grade) VALUES (7,2020,57,68,2);
INSERT INTO grading (episode_id,episode_year,judge_chef_id,participant_chef_id,grade) VALUES (7,2020,86,2,4);
INSERT INTO grading (episode_id,episode_year,judge_chef_id,participant_chef_id,grade) VALUES (7,2020,86,79,1);
INSERT INTO grading (episode_id,episode_year,judge_chef_id,participant_chef_id,grade) VALUES (7,2020,86,71,1);
INSERT INTO grading (episode_id,episode_year,judge_chef_id,participant_chef_id,grade) VALUES (7,2020,86,51,3);
INSERT INTO grading (episode_id,episode_year,judge_chef_id,participant_chef_id,grade) VALUES (7,2020,86,25,4);
INSERT INTO grading (episode_id,episode_year,judge_chef_id,participant_chef_id,grade) VALUES (7,2020,86,89,4);
INSERT INTO grading (episode_id,episode_year,judge_chef_id,participant_chef_id,grade) VALUES (7,2020,86,94,4);
INSERT INTO grading (episode_id,episode_year,judge_chef_id,participant_chef_id,grade) VALUES (7,2020,86,67,4);
INSERT INTO grading (episode_id,episode_year,judge_chef_id,participant_chef_id,grade) VALUES (7,2020,86,19,3);
INSERT INTO grading (episode_id,episode_year,judge_chef_id,participant_chef_id,grade) VALUES (7,2020,86,68,5);
INSERT INTO grading (episode_id,episode_year,judge_chef_id,participant_chef_id,grade) VALUES (8,2020,43,61,4);
INSERT INTO grading (episode_id,episode_year,judge_chef_id,participant_chef_id,grade) VALUES (8,2020,43,86,5);
INSERT INTO grading (episode_id,episode_year,judge_chef_id,participant_chef_id,grade) VALUES (8,2020,43,10,4);
INSERT INTO grading (episode_id,episode_year,judge_chef_id,participant_chef_id,grade) VALUES (8,2020,43,85,1);
INSERT INTO grading (episode_id,episode_year,judge_chef_id,participant_chef_id,grade) VALUES (8,2020,43,34,4);
INSERT INTO grading (episode_id,episode_year,judge_chef_id,participant_chef_id,grade) VALUES (8,2020,43,72,1);
INSERT INTO grading (episode_id,episode_year,judge_chef_id,participant_chef_id,grade) VALUES (8,2020,43,98,3);
INSERT INTO grading (episode_id,episode_year,judge_chef_id,participant_chef_id,grade) VALUES (8,2020,43,62,5);
INSERT INTO grading (episode_id,episode_year,judge_chef_id,participant_chef_id,grade) VALUES (8,2020,43,53,5);
INSERT INTO grading (episode_id,episode_year,judge_chef_id,participant_chef_id,grade) VALUES (8,2020,43,67,3);
INSERT INTO grading (episode_id,episode_year,judge_chef_id,participant_chef_id,grade) VALUES (8,2020,70,61,3);
INSERT INTO grading (episode_id,episode_year,judge_chef_id,participant_chef_id,grade) VALUES (8,2020,70,86,3);
INSERT INTO grading (episode_id,episode_year,judge_chef_id,participant_chef_id,grade) VALUES (8,2020,70,10,4);
INSERT INTO grading (episode_id,episode_year,judge_chef_id,participant_chef_id,grade) VALUES (8,2020,70,85,2);
INSERT INTO grading (episode_id,episode_year,judge_chef_id,participant_chef_id,grade) VALUES (8,2020,70,34,2);
INSERT INTO grading (episode_id,episode_year,judge_chef_id,participant_chef_id,grade) VALUES (8,2020,70,72,4);
INSERT INTO grading (episode_id,episode_year,judge_chef_id,participant_chef_id,grade) VALUES (8,2020,70,98,2);
INSERT INTO grading (episode_id,episode_year,judge_chef_id,participant_chef_id,grade) VALUES (8,2020,70,62,5);
INSERT INTO grading (episode_id,episode_year,judge_chef_id,participant_chef_id,grade) VALUES (8,2020,70,53,3);
INSERT INTO grading (episode_id,episode_year,judge_chef_id,participant_chef_id,grade) VALUES (8,2020,70,67,2);
INSERT INTO grading (episode_id,episode_year,judge_chef_id,participant_chef_id,grade) VALUES (8,2020,66,61,2);
INSERT INTO grading (episode_id,episode_year,judge_chef_id,participant_chef_id,grade) VALUES (8,2020,66,86,3);
INSERT INTO grading (episode_id,episode_year,judge_chef_id,participant_chef_id,grade) VALUES (8,2020,66,10,5);
INSERT INTO grading (episode_id,episode_year,judge_chef_id,participant_chef_id,grade) VALUES (8,2020,66,85,4);
INSERT INTO grading (episode_id,episode_year,judge_chef_id,participant_chef_id,grade) VALUES (8,2020,66,34,3);
INSERT INTO grading (episode_id,episode_year,judge_chef_id,participant_chef_id,grade) VALUES (8,2020,66,72,1);
INSERT INTO grading (episode_id,episode_year,judge_chef_id,participant_chef_id,grade) VALUES (8,2020,66,98,4);
INSERT INTO grading (episode_id,episode_year,judge_chef_id,participant_chef_id,grade) VALUES (8,2020,66,62,3);
INSERT INTO grading (episode_id,episode_year,judge_chef_id,participant_chef_id,grade) VALUES (8,2020,66,53,5);
INSERT INTO grading (episode_id,episode_year,judge_chef_id,participant_chef_id,grade) VALUES (8,2020,66,67,1);
INSERT INTO grading (episode_id,episode_year,judge_chef_id,participant_chef_id,grade) VALUES (9,2020,83,99,4);
INSERT INTO grading (episode_id,episode_year,judge_chef_id,participant_chef_id,grade) VALUES (9,2020,83,67,2);
INSERT INTO grading (episode_id,episode_year,judge_chef_id,participant_chef_id,grade) VALUES (9,2020,83,73,1);
INSERT INTO grading (episode_id,episode_year,judge_chef_id,participant_chef_id,grade) VALUES (9,2020,83,80,2);
INSERT INTO grading (episode_id,episode_year,judge_chef_id,participant_chef_id,grade) VALUES (9,2020,83,76,1);
INSERT INTO grading (episode_id,episode_year,judge_chef_id,participant_chef_id,grade) VALUES (9,2020,83,57,1);
INSERT INTO grading (episode_id,episode_year,judge_chef_id,participant_chef_id,grade) VALUES (9,2020,83,37,4);
INSERT INTO grading (episode_id,episode_year,judge_chef_id,participant_chef_id,grade) VALUES (9,2020,83,79,4);
INSERT INTO grading (episode_id,episode_year,judge_chef_id,participant_chef_id,grade) VALUES (9,2020,83,16,1);
INSERT INTO grading (episode_id,episode_year,judge_chef_id,participant_chef_id,grade) VALUES (9,2020,83,77,3);
INSERT INTO grading (episode_id,episode_year,judge_chef_id,participant_chef_id,grade) VALUES (9,2020,86,99,5);
INSERT INTO grading (episode_id,episode_year,judge_chef_id,participant_chef_id,grade) VALUES (9,2020,86,67,4);
INSERT INTO grading (episode_id,episode_year,judge_chef_id,participant_chef_id,grade) VALUES (9,2020,86,73,4);
INSERT INTO grading (episode_id,episode_year,judge_chef_id,participant_chef_id,grade) VALUES (9,2020,86,80,5);
INSERT INTO grading (episode_id,episode_year,judge_chef_id,participant_chef_id,grade) VALUES (9,2020,86,76,4);
INSERT INTO grading (episode_id,episode_year,judge_chef_id,participant_chef_id,grade) VALUES (9,2020,86,57,4);
INSERT INTO grading (episode_id,episode_year,judge_chef_id,participant_chef_id,grade) VALUES (9,2020,86,37,2);
INSERT INTO grading (episode_id,episode_year,judge_chef_id,participant_chef_id,grade) VALUES (9,2020,86,79,5);
INSERT INTO grading (episode_id,episode_year,judge_chef_id,participant_chef_id,grade) VALUES (9,2020,86,16,4);
INSERT INTO grading (episode_id,episode_year,judge_chef_id,participant_chef_id,grade) VALUES (9,2020,86,77,1);
INSERT INTO grading (episode_id,episode_year,judge_chef_id,participant_chef_id,grade) VALUES (9,2020,72,99,4);
INSERT INTO grading (episode_id,episode_year,judge_chef_id,participant_chef_id,grade) VALUES (9,2020,72,67,2);
INSERT INTO grading (episode_id,episode_year,judge_chef_id,participant_chef_id,grade) VALUES (9,2020,72,73,1);
INSERT INTO grading (episode_id,episode_year,judge_chef_id,participant_chef_id,grade) VALUES (9,2020,72,80,1);
INSERT INTO grading (episode_id,episode_year,judge_chef_id,participant_chef_id,grade) VALUES (9,2020,72,76,2);
INSERT INTO grading (episode_id,episode_year,judge_chef_id,participant_chef_id,grade) VALUES (9,2020,72,57,4);
INSERT INTO grading (episode_id,episode_year,judge_chef_id,participant_chef_id,grade) VALUES (9,2020,72,37,2);
INSERT INTO grading (episode_id,episode_year,judge_chef_id,participant_chef_id,grade) VALUES (9,2020,72,79,3);
INSERT INTO grading (episode_id,episode_year,judge_chef_id,participant_chef_id,grade) VALUES (9,2020,72,16,5);
INSERT INTO grading (episode_id,episode_year,judge_chef_id,participant_chef_id,grade) VALUES (9,2020,72,77,3);
INSERT INTO grading (episode_id,episode_year,judge_chef_id,participant_chef_id,grade) VALUES (10,2020,49,74,1);
INSERT INTO grading (episode_id,episode_year,judge_chef_id,participant_chef_id,grade) VALUES (10,2020,49,53,1);
INSERT INTO grading (episode_id,episode_year,judge_chef_id,participant_chef_id,grade) VALUES (10,2020,49,84,1);
INSERT INTO grading (episode_id,episode_year,judge_chef_id,participant_chef_id,grade) VALUES (10,2020,49,90,3);
INSERT INTO grading (episode_id,episode_year,judge_chef_id,participant_chef_id,grade) VALUES (10,2020,49,28,2);
INSERT INTO grading (episode_id,episode_year,judge_chef_id,participant_chef_id,grade) VALUES (10,2020,49,12,4);
INSERT INTO grading (episode_id,episode_year,judge_chef_id,participant_chef_id,grade) VALUES (10,2020,49,95,3);
INSERT INTO grading (episode_id,episode_year,judge_chef_id,participant_chef_id,grade) VALUES (10,2020,49,51,5);
INSERT INTO grading (episode_id,episode_year,judge_chef_id,participant_chef_id,grade) VALUES (10,2020,49,70,5);
INSERT INTO grading (episode_id,episode_year,judge_chef_id,participant_chef_id,grade) VALUES (10,2020,49,86,2);
INSERT INTO grading (episode_id,episode_year,judge_chef_id,participant_chef_id,grade) VALUES (10,2020,58,74,5);
INSERT INTO grading (episode_id,episode_year,judge_chef_id,participant_chef_id,grade) VALUES (10,2020,58,53,1);
INSERT INTO grading (episode_id,episode_year,judge_chef_id,participant_chef_id,grade) VALUES (10,2020,58,84,1);
INSERT INTO grading (episode_id,episode_year,judge_chef_id,participant_chef_id,grade) VALUES (10,2020,58,90,4);
INSERT INTO grading (episode_id,episode_year,judge_chef_id,participant_chef_id,grade) VALUES (10,2020,58,28,5);
INSERT INTO grading (episode_id,episode_year,judge_chef_id,participant_chef_id,grade) VALUES (10,2020,58,12,5);
INSERT INTO grading (episode_id,episode_year,judge_chef_id,participant_chef_id,grade) VALUES (10,2020,58,95,3);
INSERT INTO grading (episode_id,episode_year,judge_chef_id,participant_chef_id,grade) VALUES (10,2020,58,51,1);
INSERT INTO grading (episode_id,episode_year,judge_chef_id,participant_chef_id,grade) VALUES (10,2020,58,70,2);
INSERT INTO grading (episode_id,episode_year,judge_chef_id,participant_chef_id,grade) VALUES (10,2020,58,86,1);
INSERT INTO grading (episode_id,episode_year,judge_chef_id,participant_chef_id,grade) VALUES (10,2020,5,74,5);
INSERT INTO grading (episode_id,episode_year,judge_chef_id,participant_chef_id,grade) VALUES (10,2020,5,53,1);
INSERT INTO grading (episode_id,episode_year,judge_chef_id,participant_chef_id,grade) VALUES (10,2020,5,84,1);
INSERT INTO grading (episode_id,episode_year,judge_chef_id,participant_chef_id,grade) VALUES (10,2020,5,90,3);
INSERT INTO grading (episode_id,episode_year,judge_chef_id,participant_chef_id,grade) VALUES (10,2020,5,28,3);
INSERT INTO grading (episode_id,episode_year,judge_chef_id,participant_chef_id,grade) VALUES (10,2020,5,12,5);
INSERT INTO grading (episode_id,episode_year,judge_chef_id,participant_chef_id,grade) VALUES (10,2020,5,95,2);
INSERT INTO grading (episode_id,episode_year,judge_chef_id,participant_chef_id,grade) VALUES (10,2020,5,51,4);
INSERT INTO grading (episode_id,episode_year,judge_chef_id,participant_chef_id,grade) VALUES (10,2020,5,70,4);
INSERT INTO grading (episode_id,episode_year,judge_chef_id,participant_chef_id,grade) VALUES (10,2020,5,86,1);
INSERT INTO grading (episode_id,episode_year,judge_chef_id,participant_chef_id,grade) VALUES (1,2021,55,67,4);
INSERT INTO grading (episode_id,episode_year,judge_chef_id,participant_chef_id,grade) VALUES (1,2021,55,14,3);
INSERT INTO grading (episode_id,episode_year,judge_chef_id,participant_chef_id,grade) VALUES (1,2021,55,26,2);
INSERT INTO grading (episode_id,episode_year,judge_chef_id,participant_chef_id,grade) VALUES (1,2021,55,22,5);
INSERT INTO grading (episode_id,episode_year,judge_chef_id,participant_chef_id,grade) VALUES (1,2021,55,37,4);
INSERT INTO grading (episode_id,episode_year,judge_chef_id,participant_chef_id,grade) VALUES (1,2021,55,94,4);
INSERT INTO grading (episode_id,episode_year,judge_chef_id,participant_chef_id,grade) VALUES (1,2021,55,46,4);
INSERT INTO grading (episode_id,episode_year,judge_chef_id,participant_chef_id,grade) VALUES (1,2021,55,33,2);
INSERT INTO grading (episode_id,episode_year,judge_chef_id,participant_chef_id,grade) VALUES (1,2021,55,45,1);
INSERT INTO grading (episode_id,episode_year,judge_chef_id,participant_chef_id,grade) VALUES (1,2021,55,79,5);
INSERT INTO grading (episode_id,episode_year,judge_chef_id,participant_chef_id,grade) VALUES (1,2021,50,67,2);
INSERT INTO grading (episode_id,episode_year,judge_chef_id,participant_chef_id,grade) VALUES (1,2021,50,14,4);
INSERT INTO grading (episode_id,episode_year,judge_chef_id,participant_chef_id,grade) VALUES (1,2021,50,26,4);
INSERT INTO grading (episode_id,episode_year,judge_chef_id,participant_chef_id,grade) VALUES (1,2021,50,22,1);
INSERT INTO grading (episode_id,episode_year,judge_chef_id,participant_chef_id,grade) VALUES (1,2021,50,37,5);
INSERT INTO grading (episode_id,episode_year,judge_chef_id,participant_chef_id,grade) VALUES (1,2021,50,94,5);
INSERT INTO grading (episode_id,episode_year,judge_chef_id,participant_chef_id,grade) VALUES (1,2021,50,46,2);
INSERT INTO grading (episode_id,episode_year,judge_chef_id,participant_chef_id,grade) VALUES (1,2021,50,33,1);
INSERT INTO grading (episode_id,episode_year,judge_chef_id,participant_chef_id,grade) VALUES (1,2021,50,45,3);
INSERT INTO grading (episode_id,episode_year,judge_chef_id,participant_chef_id,grade) VALUES (1,2021,50,79,1);
INSERT INTO grading (episode_id,episode_year,judge_chef_id,participant_chef_id,grade) VALUES (1,2021,99,67,5);
INSERT INTO grading (episode_id,episode_year,judge_chef_id,participant_chef_id,grade) VALUES (1,2021,99,14,1);
INSERT INTO grading (episode_id,episode_year,judge_chef_id,participant_chef_id,grade) VALUES (1,2021,99,26,5);
INSERT INTO grading (episode_id,episode_year,judge_chef_id,participant_chef_id,grade) VALUES (1,2021,99,22,3);
INSERT INTO grading (episode_id,episode_year,judge_chef_id,participant_chef_id,grade) VALUES (1,2021,99,37,1);
INSERT INTO grading (episode_id,episode_year,judge_chef_id,participant_chef_id,grade) VALUES (1,2021,99,94,1);
INSERT INTO grading (episode_id,episode_year,judge_chef_id,participant_chef_id,grade) VALUES (1,2021,99,46,5);
INSERT INTO grading (episode_id,episode_year,judge_chef_id,participant_chef_id,grade) VALUES (1,2021,99,33,3);
INSERT INTO grading (episode_id,episode_year,judge_chef_id,participant_chef_id,grade) VALUES (1,2021,99,45,1);
INSERT INTO grading (episode_id,episode_year,judge_chef_id,participant_chef_id,grade) VALUES (1,2021,99,79,4);
INSERT INTO grading (episode_id,episode_year,judge_chef_id,participant_chef_id,grade) VALUES (2,2021,7,60,5);
INSERT INTO grading (episode_id,episode_year,judge_chef_id,participant_chef_id,grade) VALUES (2,2021,7,81,2);
INSERT INTO grading (episode_id,episode_year,judge_chef_id,participant_chef_id,grade) VALUES (2,2021,7,2,3);
INSERT INTO grading (episode_id,episode_year,judge_chef_id,participant_chef_id,grade) VALUES (2,2021,7,45,2);
INSERT INTO grading (episode_id,episode_year,judge_chef_id,participant_chef_id,grade) VALUES (2,2021,7,59,4);
INSERT INTO grading (episode_id,episode_year,judge_chef_id,participant_chef_id,grade) VALUES (2,2021,7,48,4);
INSERT INTO grading (episode_id,episode_year,judge_chef_id,participant_chef_id,grade) VALUES (2,2021,7,57,5);
INSERT INTO grading (episode_id,episode_year,judge_chef_id,participant_chef_id,grade) VALUES (2,2021,7,95,2);
INSERT INTO grading (episode_id,episode_year,judge_chef_id,participant_chef_id,grade) VALUES (2,2021,7,38,1);
INSERT INTO grading (episode_id,episode_year,judge_chef_id,participant_chef_id,grade) VALUES (2,2021,7,67,2);
INSERT INTO grading (episode_id,episode_year,judge_chef_id,participant_chef_id,grade) VALUES (2,2021,23,60,2);
INSERT INTO grading (episode_id,episode_year,judge_chef_id,participant_chef_id,grade) VALUES (2,2021,23,81,1);
INSERT INTO grading (episode_id,episode_year,judge_chef_id,participant_chef_id,grade) VALUES (2,2021,23,2,1);
INSERT INTO grading (episode_id,episode_year,judge_chef_id,participant_chef_id,grade) VALUES (2,2021,23,45,5);
INSERT INTO grading (episode_id,episode_year,judge_chef_id,participant_chef_id,grade) VALUES (2,2021,23,59,4);
INSERT INTO grading (episode_id,episode_year,judge_chef_id,participant_chef_id,grade) VALUES (2,2021,23,48,2);
INSERT INTO grading (episode_id,episode_year,judge_chef_id,participant_chef_id,grade) VALUES (2,2021,23,57,2);
INSERT INTO grading (episode_id,episode_year,judge_chef_id,participant_chef_id,grade) VALUES (2,2021,23,95,2);
INSERT INTO grading (episode_id,episode_year,judge_chef_id,participant_chef_id,grade) VALUES (2,2021,23,38,1);
INSERT INTO grading (episode_id,episode_year,judge_chef_id,participant_chef_id,grade) VALUES (2,2021,23,67,5);
INSERT INTO grading (episode_id,episode_year,judge_chef_id,participant_chef_id,grade) VALUES (2,2021,54,60,4);
INSERT INTO grading (episode_id,episode_year,judge_chef_id,participant_chef_id,grade) VALUES (2,2021,54,81,3);
INSERT INTO grading (episode_id,episode_year,judge_chef_id,participant_chef_id,grade) VALUES (2,2021,54,2,5);
INSERT INTO grading (episode_id,episode_year,judge_chef_id,participant_chef_id,grade) VALUES (2,2021,54,45,5);
INSERT INTO grading (episode_id,episode_year,judge_chef_id,participant_chef_id,grade) VALUES (2,2021,54,59,2);
INSERT INTO grading (episode_id,episode_year,judge_chef_id,participant_chef_id,grade) VALUES (2,2021,54,48,1);
INSERT INTO grading (episode_id,episode_year,judge_chef_id,participant_chef_id,grade) VALUES (2,2021,54,57,4);
INSERT INTO grading (episode_id,episode_year,judge_chef_id,participant_chef_id,grade) VALUES (2,2021,54,95,4);
INSERT INTO grading (episode_id,episode_year,judge_chef_id,participant_chef_id,grade) VALUES (2,2021,54,38,4);
INSERT INTO grading (episode_id,episode_year,judge_chef_id,participant_chef_id,grade) VALUES (2,2021,54,67,4);
INSERT INTO grading (episode_id,episode_year,judge_chef_id,participant_chef_id,grade) VALUES (3,2021,17,98,2);
INSERT INTO grading (episode_id,episode_year,judge_chef_id,participant_chef_id,grade) VALUES (3,2021,17,5,1);
INSERT INTO grading (episode_id,episode_year,judge_chef_id,participant_chef_id,grade) VALUES (3,2021,17,67,3);
INSERT INTO grading (episode_id,episode_year,judge_chef_id,participant_chef_id,grade) VALUES (3,2021,17,22,1);
INSERT INTO grading (episode_id,episode_year,judge_chef_id,participant_chef_id,grade) VALUES (3,2021,17,96,3);
INSERT INTO grading (episode_id,episode_year,judge_chef_id,participant_chef_id,grade) VALUES (3,2021,17,19,5);
INSERT INTO grading (episode_id,episode_year,judge_chef_id,participant_chef_id,grade) VALUES (3,2021,17,78,3);
INSERT INTO grading (episode_id,episode_year,judge_chef_id,participant_chef_id,grade) VALUES (3,2021,17,49,4);
INSERT INTO grading (episode_id,episode_year,judge_chef_id,participant_chef_id,grade) VALUES (3,2021,17,41,5);
INSERT INTO grading (episode_id,episode_year,judge_chef_id,participant_chef_id,grade) VALUES (3,2021,17,28,5);
INSERT INTO grading (episode_id,episode_year,judge_chef_id,participant_chef_id,grade) VALUES (3,2021,25,98,4);
INSERT INTO grading (episode_id,episode_year,judge_chef_id,participant_chef_id,grade) VALUES (3,2021,25,5,4);
INSERT INTO grading (episode_id,episode_year,judge_chef_id,participant_chef_id,grade) VALUES (3,2021,25,67,5);
INSERT INTO grading (episode_id,episode_year,judge_chef_id,participant_chef_id,grade) VALUES (3,2021,25,22,3);
INSERT INTO grading (episode_id,episode_year,judge_chef_id,participant_chef_id,grade) VALUES (3,2021,25,96,1);
INSERT INTO grading (episode_id,episode_year,judge_chef_id,participant_chef_id,grade) VALUES (3,2021,25,19,2);
INSERT INTO grading (episode_id,episode_year,judge_chef_id,participant_chef_id,grade) VALUES (3,2021,25,78,4);
INSERT INTO grading (episode_id,episode_year,judge_chef_id,participant_chef_id,grade) VALUES (3,2021,25,49,2);
INSERT INTO grading (episode_id,episode_year,judge_chef_id,participant_chef_id,grade) VALUES (3,2021,25,41,4);
INSERT INTO grading (episode_id,episode_year,judge_chef_id,participant_chef_id,grade) VALUES (3,2021,25,28,2);
INSERT INTO grading (episode_id,episode_year,judge_chef_id,participant_chef_id,grade) VALUES (3,2021,14,98,1);
INSERT INTO grading (episode_id,episode_year,judge_chef_id,participant_chef_id,grade) VALUES (3,2021,14,5,4);
INSERT INTO grading (episode_id,episode_year,judge_chef_id,participant_chef_id,grade) VALUES (3,2021,14,67,5);
INSERT INTO grading (episode_id,episode_year,judge_chef_id,participant_chef_id,grade) VALUES (3,2021,14,22,5);
INSERT INTO grading (episode_id,episode_year,judge_chef_id,participant_chef_id,grade) VALUES (3,2021,14,96,1);
INSERT INTO grading (episode_id,episode_year,judge_chef_id,participant_chef_id,grade) VALUES (3,2021,14,19,1);
INSERT INTO grading (episode_id,episode_year,judge_chef_id,participant_chef_id,grade) VALUES (3,2021,14,78,2);
INSERT INTO grading (episode_id,episode_year,judge_chef_id,participant_chef_id,grade) VALUES (3,2021,14,49,4);
INSERT INTO grading (episode_id,episode_year,judge_chef_id,participant_chef_id,grade) VALUES (3,2021,14,41,5);
INSERT INTO grading (episode_id,episode_year,judge_chef_id,participant_chef_id,grade) VALUES (3,2021,14,28,1);
INSERT INTO grading (episode_id,episode_year,judge_chef_id,participant_chef_id,grade) VALUES (4,2021,28,78,1);
INSERT INTO grading (episode_id,episode_year,judge_chef_id,participant_chef_id,grade) VALUES (4,2021,28,48,3);
INSERT INTO grading (episode_id,episode_year,judge_chef_id,participant_chef_id,grade) VALUES (4,2021,28,30,1);
INSERT INTO grading (episode_id,episode_year,judge_chef_id,participant_chef_id,grade) VALUES (4,2021,28,19,4);
INSERT INTO grading (episode_id,episode_year,judge_chef_id,participant_chef_id,grade) VALUES (4,2021,28,70,4);
INSERT INTO grading (episode_id,episode_year,judge_chef_id,participant_chef_id,grade) VALUES (4,2021,28,15,3);
INSERT INTO grading (episode_id,episode_year,judge_chef_id,participant_chef_id,grade) VALUES (4,2021,28,18,2);
INSERT INTO grading (episode_id,episode_year,judge_chef_id,participant_chef_id,grade) VALUES (4,2021,28,69,1);
INSERT INTO grading (episode_id,episode_year,judge_chef_id,participant_chef_id,grade) VALUES (4,2021,28,65,2);
INSERT INTO grading (episode_id,episode_year,judge_chef_id,participant_chef_id,grade) VALUES (4,2021,28,86,5);
INSERT INTO grading (episode_id,episode_year,judge_chef_id,participant_chef_id,grade) VALUES (4,2021,21,78,1);
INSERT INTO grading (episode_id,episode_year,judge_chef_id,participant_chef_id,grade) VALUES (4,2021,21,48,5);
INSERT INTO grading (episode_id,episode_year,judge_chef_id,participant_chef_id,grade) VALUES (4,2021,21,30,5);
INSERT INTO grading (episode_id,episode_year,judge_chef_id,participant_chef_id,grade) VALUES (4,2021,21,19,4);
INSERT INTO grading (episode_id,episode_year,judge_chef_id,participant_chef_id,grade) VALUES (4,2021,21,70,2);
INSERT INTO grading (episode_id,episode_year,judge_chef_id,participant_chef_id,grade) VALUES (4,2021,21,15,4);
INSERT INTO grading (episode_id,episode_year,judge_chef_id,participant_chef_id,grade) VALUES (4,2021,21,18,1);
INSERT INTO grading (episode_id,episode_year,judge_chef_id,participant_chef_id,grade) VALUES (4,2021,21,69,4);
INSERT INTO grading (episode_id,episode_year,judge_chef_id,participant_chef_id,grade) VALUES (4,2021,21,65,1);
INSERT INTO grading (episode_id,episode_year,judge_chef_id,participant_chef_id,grade) VALUES (4,2021,21,86,4);
INSERT INTO grading (episode_id,episode_year,judge_chef_id,participant_chef_id,grade) VALUES (4,2021,37,78,2);
INSERT INTO grading (episode_id,episode_year,judge_chef_id,participant_chef_id,grade) VALUES (4,2021,37,48,5);
INSERT INTO grading (episode_id,episode_year,judge_chef_id,participant_chef_id,grade) VALUES (4,2021,37,30,2);
INSERT INTO grading (episode_id,episode_year,judge_chef_id,participant_chef_id,grade) VALUES (4,2021,37,19,4);
INSERT INTO grading (episode_id,episode_year,judge_chef_id,participant_chef_id,grade) VALUES (4,2021,37,70,5);
INSERT INTO grading (episode_id,episode_year,judge_chef_id,participant_chef_id,grade) VALUES (4,2021,37,15,4);
INSERT INTO grading (episode_id,episode_year,judge_chef_id,participant_chef_id,grade) VALUES (4,2021,37,18,3);
INSERT INTO grading (episode_id,episode_year,judge_chef_id,participant_chef_id,grade) VALUES (4,2021,37,69,3);
INSERT INTO grading (episode_id,episode_year,judge_chef_id,participant_chef_id,grade) VALUES (4,2021,37,65,4);
INSERT INTO grading (episode_id,episode_year,judge_chef_id,participant_chef_id,grade) VALUES (4,2021,37,86,3);
INSERT INTO grading (episode_id,episode_year,judge_chef_id,participant_chef_id,grade) VALUES (5,2021,15,90,3);
INSERT INTO grading (episode_id,episode_year,judge_chef_id,participant_chef_id,grade) VALUES (5,2021,15,89,3);
INSERT INTO grading (episode_id,episode_year,judge_chef_id,participant_chef_id,grade) VALUES (5,2021,15,98,4);
INSERT INTO grading (episode_id,episode_year,judge_chef_id,participant_chef_id,grade) VALUES (5,2021,15,56,2);
INSERT INTO grading (episode_id,episode_year,judge_chef_id,participant_chef_id,grade) VALUES (5,2021,15,80,1);
INSERT INTO grading (episode_id,episode_year,judge_chef_id,participant_chef_id,grade) VALUES (5,2021,15,35,5);
INSERT INTO grading (episode_id,episode_year,judge_chef_id,participant_chef_id,grade) VALUES (5,2021,15,60,4);
INSERT INTO grading (episode_id,episode_year,judge_chef_id,participant_chef_id,grade) VALUES (5,2021,15,48,2);
INSERT INTO grading (episode_id,episode_year,judge_chef_id,participant_chef_id,grade) VALUES (5,2021,15,86,2);
INSERT INTO grading (episode_id,episode_year,judge_chef_id,participant_chef_id,grade) VALUES (5,2021,15,95,3);
INSERT INTO grading (episode_id,episode_year,judge_chef_id,participant_chef_id,grade) VALUES (5,2021,82,90,1);
INSERT INTO grading (episode_id,episode_year,judge_chef_id,participant_chef_id,grade) VALUES (5,2021,82,89,5);
INSERT INTO grading (episode_id,episode_year,judge_chef_id,participant_chef_id,grade) VALUES (5,2021,82,98,5);
INSERT INTO grading (episode_id,episode_year,judge_chef_id,participant_chef_id,grade) VALUES (5,2021,82,56,4);
INSERT INTO grading (episode_id,episode_year,judge_chef_id,participant_chef_id,grade) VALUES (5,2021,82,80,2);
INSERT INTO grading (episode_id,episode_year,judge_chef_id,participant_chef_id,grade) VALUES (5,2021,82,35,5);
INSERT INTO grading (episode_id,episode_year,judge_chef_id,participant_chef_id,grade) VALUES (5,2021,82,60,1);
INSERT INTO grading (episode_id,episode_year,judge_chef_id,participant_chef_id,grade) VALUES (5,2021,82,48,1);
INSERT INTO grading (episode_id,episode_year,judge_chef_id,participant_chef_id,grade) VALUES (5,2021,82,86,1);
INSERT INTO grading (episode_id,episode_year,judge_chef_id,participant_chef_id,grade) VALUES (5,2021,82,95,4);
INSERT INTO grading (episode_id,episode_year,judge_chef_id,participant_chef_id,grade) VALUES (5,2021,18,90,1);
INSERT INTO grading (episode_id,episode_year,judge_chef_id,participant_chef_id,grade) VALUES (5,2021,18,89,1);
INSERT INTO grading (episode_id,episode_year,judge_chef_id,participant_chef_id,grade) VALUES (5,2021,18,98,1);
INSERT INTO grading (episode_id,episode_year,judge_chef_id,participant_chef_id,grade) VALUES (5,2021,18,56,1);
INSERT INTO grading (episode_id,episode_year,judge_chef_id,participant_chef_id,grade) VALUES (5,2021,18,80,4);
INSERT INTO grading (episode_id,episode_year,judge_chef_id,participant_chef_id,grade) VALUES (5,2021,18,35,2);
INSERT INTO grading (episode_id,episode_year,judge_chef_id,participant_chef_id,grade) VALUES (5,2021,18,60,4);
INSERT INTO grading (episode_id,episode_year,judge_chef_id,participant_chef_id,grade) VALUES (5,2021,18,48,2);
INSERT INTO grading (episode_id,episode_year,judge_chef_id,participant_chef_id,grade) VALUES (5,2021,18,86,4);
INSERT INTO grading (episode_id,episode_year,judge_chef_id,participant_chef_id,grade) VALUES (5,2021,18,95,1);
INSERT INTO grading (episode_id,episode_year,judge_chef_id,participant_chef_id,grade) VALUES (6,2021,62,8,5);
INSERT INTO grading (episode_id,episode_year,judge_chef_id,participant_chef_id,grade) VALUES (6,2021,62,22,4);
INSERT INTO grading (episode_id,episode_year,judge_chef_id,participant_chef_id,grade) VALUES (6,2021,62,16,2);
INSERT INTO grading (episode_id,episode_year,judge_chef_id,participant_chef_id,grade) VALUES (6,2021,62,81,5);
INSERT INTO grading (episode_id,episode_year,judge_chef_id,participant_chef_id,grade) VALUES (6,2021,62,46,1);
INSERT INTO grading (episode_id,episode_year,judge_chef_id,participant_chef_id,grade) VALUES (6,2021,62,24,4);
INSERT INTO grading (episode_id,episode_year,judge_chef_id,participant_chef_id,grade) VALUES (6,2021,62,67,2);
INSERT INTO grading (episode_id,episode_year,judge_chef_id,participant_chef_id,grade) VALUES (6,2021,62,61,2);
INSERT INTO grading (episode_id,episode_year,judge_chef_id,participant_chef_id,grade) VALUES (6,2021,62,83,3);
INSERT INTO grading (episode_id,episode_year,judge_chef_id,participant_chef_id,grade) VALUES (6,2021,62,7,4);
INSERT INTO grading (episode_id,episode_year,judge_chef_id,participant_chef_id,grade) VALUES (6,2021,45,8,4);
INSERT INTO grading (episode_id,episode_year,judge_chef_id,participant_chef_id,grade) VALUES (6,2021,45,22,4);
INSERT INTO grading (episode_id,episode_year,judge_chef_id,participant_chef_id,grade) VALUES (6,2021,45,16,3);
INSERT INTO grading (episode_id,episode_year,judge_chef_id,participant_chef_id,grade) VALUES (6,2021,45,81,5);
INSERT INTO grading (episode_id,episode_year,judge_chef_id,participant_chef_id,grade) VALUES (6,2021,45,46,1);
INSERT INTO grading (episode_id,episode_year,judge_chef_id,participant_chef_id,grade) VALUES (6,2021,45,24,4);
INSERT INTO grading (episode_id,episode_year,judge_chef_id,participant_chef_id,grade) VALUES (6,2021,45,67,5);
INSERT INTO grading (episode_id,episode_year,judge_chef_id,participant_chef_id,grade) VALUES (6,2021,45,61,3);
INSERT INTO grading (episode_id,episode_year,judge_chef_id,participant_chef_id,grade) VALUES (6,2021,45,83,1);
INSERT INTO grading (episode_id,episode_year,judge_chef_id,participant_chef_id,grade) VALUES (6,2021,45,7,2);
INSERT INTO grading (episode_id,episode_year,judge_chef_id,participant_chef_id,grade) VALUES (6,2021,55,8,3);
INSERT INTO grading (episode_id,episode_year,judge_chef_id,participant_chef_id,grade) VALUES (6,2021,55,22,1);
INSERT INTO grading (episode_id,episode_year,judge_chef_id,participant_chef_id,grade) VALUES (6,2021,55,16,5);
INSERT INTO grading (episode_id,episode_year,judge_chef_id,participant_chef_id,grade) VALUES (6,2021,55,81,4);
INSERT INTO grading (episode_id,episode_year,judge_chef_id,participant_chef_id,grade) VALUES (6,2021,55,46,2);
INSERT INTO grading (episode_id,episode_year,judge_chef_id,participant_chef_id,grade) VALUES (6,2021,55,24,2);
INSERT INTO grading (episode_id,episode_year,judge_chef_id,participant_chef_id,grade) VALUES (6,2021,55,67,4);
INSERT INTO grading (episode_id,episode_year,judge_chef_id,participant_chef_id,grade) VALUES (6,2021,55,61,4);
INSERT INTO grading (episode_id,episode_year,judge_chef_id,participant_chef_id,grade) VALUES (6,2021,55,83,2);
INSERT INTO grading (episode_id,episode_year,judge_chef_id,participant_chef_id,grade) VALUES (6,2021,55,7,1);
INSERT INTO grading (episode_id,episode_year,judge_chef_id,participant_chef_id,grade) VALUES (7,2021,80,48,5);
INSERT INTO grading (episode_id,episode_year,judge_chef_id,participant_chef_id,grade) VALUES (7,2021,80,24,2);
INSERT INTO grading (episode_id,episode_year,judge_chef_id,participant_chef_id,grade) VALUES (7,2021,80,58,5);
INSERT INTO grading (episode_id,episode_year,judge_chef_id,participant_chef_id,grade) VALUES (7,2021,80,86,1);
INSERT INTO grading (episode_id,episode_year,judge_chef_id,participant_chef_id,grade) VALUES (7,2021,80,84,4);
INSERT INTO grading (episode_id,episode_year,judge_chef_id,participant_chef_id,grade) VALUES (7,2021,80,96,5);
INSERT INTO grading (episode_id,episode_year,judge_chef_id,participant_chef_id,grade) VALUES (7,2021,80,100,1);
INSERT INTO grading (episode_id,episode_year,judge_chef_id,participant_chef_id,grade) VALUES (7,2021,80,38,5);
INSERT INTO grading (episode_id,episode_year,judge_chef_id,participant_chef_id,grade) VALUES (7,2021,80,82,4);
INSERT INTO grading (episode_id,episode_year,judge_chef_id,participant_chef_id,grade) VALUES (7,2021,80,18,5);
INSERT INTO grading (episode_id,episode_year,judge_chef_id,participant_chef_id,grade) VALUES (7,2021,63,48,2);
INSERT INTO grading (episode_id,episode_year,judge_chef_id,participant_chef_id,grade) VALUES (7,2021,63,24,3);
INSERT INTO grading (episode_id,episode_year,judge_chef_id,participant_chef_id,grade) VALUES (7,2021,63,58,1);
INSERT INTO grading (episode_id,episode_year,judge_chef_id,participant_chef_id,grade) VALUES (7,2021,63,86,4);
INSERT INTO grading (episode_id,episode_year,judge_chef_id,participant_chef_id,grade) VALUES (7,2021,63,84,1);
INSERT INTO grading (episode_id,episode_year,judge_chef_id,participant_chef_id,grade) VALUES (7,2021,63,96,3);
INSERT INTO grading (episode_id,episode_year,judge_chef_id,participant_chef_id,grade) VALUES (7,2021,63,100,4);
INSERT INTO grading (episode_id,episode_year,judge_chef_id,participant_chef_id,grade) VALUES (7,2021,63,38,3);
INSERT INTO grading (episode_id,episode_year,judge_chef_id,participant_chef_id,grade) VALUES (7,2021,63,82,5);
INSERT INTO grading (episode_id,episode_year,judge_chef_id,participant_chef_id,grade) VALUES (7,2021,63,18,1);
INSERT INTO grading (episode_id,episode_year,judge_chef_id,participant_chef_id,grade) VALUES (7,2021,29,48,2);
INSERT INTO grading (episode_id,episode_year,judge_chef_id,participant_chef_id,grade) VALUES (7,2021,29,24,3);
INSERT INTO grading (episode_id,episode_year,judge_chef_id,participant_chef_id,grade) VALUES (7,2021,29,58,2);
INSERT INTO grading (episode_id,episode_year,judge_chef_id,participant_chef_id,grade) VALUES (7,2021,29,86,1);
INSERT INTO grading (episode_id,episode_year,judge_chef_id,participant_chef_id,grade) VALUES (7,2021,29,84,5);
INSERT INTO grading (episode_id,episode_year,judge_chef_id,participant_chef_id,grade) VALUES (7,2021,29,96,3);
INSERT INTO grading (episode_id,episode_year,judge_chef_id,participant_chef_id,grade) VALUES (7,2021,29,100,4);
INSERT INTO grading (episode_id,episode_year,judge_chef_id,participant_chef_id,grade) VALUES (7,2021,29,38,5);
INSERT INTO grading (episode_id,episode_year,judge_chef_id,participant_chef_id,grade) VALUES (7,2021,29,82,4);
INSERT INTO grading (episode_id,episode_year,judge_chef_id,participant_chef_id,grade) VALUES (7,2021,29,18,3);
INSERT INTO grading (episode_id,episode_year,judge_chef_id,participant_chef_id,grade) VALUES (8,2021,78,22,1);
INSERT INTO grading (episode_id,episode_year,judge_chef_id,participant_chef_id,grade) VALUES (8,2021,78,60,5);
INSERT INTO grading (episode_id,episode_year,judge_chef_id,participant_chef_id,grade) VALUES (8,2021,78,13,4);
INSERT INTO grading (episode_id,episode_year,judge_chef_id,participant_chef_id,grade) VALUES (8,2021,78,44,1);
INSERT INTO grading (episode_id,episode_year,judge_chef_id,participant_chef_id,grade) VALUES (8,2021,78,37,3);
INSERT INTO grading (episode_id,episode_year,judge_chef_id,participant_chef_id,grade) VALUES (8,2021,78,57,3);
INSERT INTO grading (episode_id,episode_year,judge_chef_id,participant_chef_id,grade) VALUES (8,2021,78,90,4);
INSERT INTO grading (episode_id,episode_year,judge_chef_id,participant_chef_id,grade) VALUES (8,2021,78,45,3);
INSERT INTO grading (episode_id,episode_year,judge_chef_id,participant_chef_id,grade) VALUES (8,2021,78,50,5);
INSERT INTO grading (episode_id,episode_year,judge_chef_id,participant_chef_id,grade) VALUES (8,2021,78,59,2);
INSERT INTO grading (episode_id,episode_year,judge_chef_id,participant_chef_id,grade) VALUES (8,2021,3,22,2);
INSERT INTO grading (episode_id,episode_year,judge_chef_id,participant_chef_id,grade) VALUES (8,2021,3,60,5);
INSERT INTO grading (episode_id,episode_year,judge_chef_id,participant_chef_id,grade) VALUES (8,2021,3,13,2);
INSERT INTO grading (episode_id,episode_year,judge_chef_id,participant_chef_id,grade) VALUES (8,2021,3,44,1);
INSERT INTO grading (episode_id,episode_year,judge_chef_id,participant_chef_id,grade) VALUES (8,2021,3,37,2);
INSERT INTO grading (episode_id,episode_year,judge_chef_id,participant_chef_id,grade) VALUES (8,2021,3,57,3);
INSERT INTO grading (episode_id,episode_year,judge_chef_id,participant_chef_id,grade) VALUES (8,2021,3,90,4);
INSERT INTO grading (episode_id,episode_year,judge_chef_id,participant_chef_id,grade) VALUES (8,2021,3,45,2);
INSERT INTO grading (episode_id,episode_year,judge_chef_id,participant_chef_id,grade) VALUES (8,2021,3,50,4);
INSERT INTO grading (episode_id,episode_year,judge_chef_id,participant_chef_id,grade) VALUES (8,2021,3,59,3);
INSERT INTO grading (episode_id,episode_year,judge_chef_id,participant_chef_id,grade) VALUES (8,2021,75,22,1);
INSERT INTO grading (episode_id,episode_year,judge_chef_id,participant_chef_id,grade) VALUES (8,2021,75,60,4);
INSERT INTO grading (episode_id,episode_year,judge_chef_id,participant_chef_id,grade) VALUES (8,2021,75,13,5);
INSERT INTO grading (episode_id,episode_year,judge_chef_id,participant_chef_id,grade) VALUES (8,2021,75,44,5);
INSERT INTO grading (episode_id,episode_year,judge_chef_id,participant_chef_id,grade) VALUES (8,2021,75,37,2);
INSERT INTO grading (episode_id,episode_year,judge_chef_id,participant_chef_id,grade) VALUES (8,2021,75,57,4);
INSERT INTO grading (episode_id,episode_year,judge_chef_id,participant_chef_id,grade) VALUES (8,2021,75,90,4);
INSERT INTO grading (episode_id,episode_year,judge_chef_id,participant_chef_id,grade) VALUES (8,2021,75,45,4);
INSERT INTO grading (episode_id,episode_year,judge_chef_id,participant_chef_id,grade) VALUES (8,2021,75,50,5);
INSERT INTO grading (episode_id,episode_year,judge_chef_id,participant_chef_id,grade) VALUES (8,2021,75,59,1);
INSERT INTO grading (episode_id,episode_year,judge_chef_id,participant_chef_id,grade) VALUES (9,2021,42,4,2);
INSERT INTO grading (episode_id,episode_year,judge_chef_id,participant_chef_id,grade) VALUES (9,2021,42,20,2);
INSERT INTO grading (episode_id,episode_year,judge_chef_id,participant_chef_id,grade) VALUES (9,2021,42,53,4);
INSERT INTO grading (episode_id,episode_year,judge_chef_id,participant_chef_id,grade) VALUES (9,2021,42,30,3);
INSERT INTO grading (episode_id,episode_year,judge_chef_id,participant_chef_id,grade) VALUES (9,2021,42,95,5);
INSERT INTO grading (episode_id,episode_year,judge_chef_id,participant_chef_id,grade) VALUES (9,2021,42,19,1);
INSERT INTO grading (episode_id,episode_year,judge_chef_id,participant_chef_id,grade) VALUES (9,2021,42,97,2);
INSERT INTO grading (episode_id,episode_year,judge_chef_id,participant_chef_id,grade) VALUES (9,2021,42,23,5);
INSERT INTO grading (episode_id,episode_year,judge_chef_id,participant_chef_id,grade) VALUES (9,2021,42,78,1);
INSERT INTO grading (episode_id,episode_year,judge_chef_id,participant_chef_id,grade) VALUES (9,2021,42,24,4);
INSERT INTO grading (episode_id,episode_year,judge_chef_id,participant_chef_id,grade) VALUES (9,2021,13,4,5);
INSERT INTO grading (episode_id,episode_year,judge_chef_id,participant_chef_id,grade) VALUES (9,2021,13,20,2);
INSERT INTO grading (episode_id,episode_year,judge_chef_id,participant_chef_id,grade) VALUES (9,2021,13,53,4);
INSERT INTO grading (episode_id,episode_year,judge_chef_id,participant_chef_id,grade) VALUES (9,2021,13,30,2);
INSERT INTO grading (episode_id,episode_year,judge_chef_id,participant_chef_id,grade) VALUES (9,2021,13,95,1);
INSERT INTO grading (episode_id,episode_year,judge_chef_id,participant_chef_id,grade) VALUES (9,2021,13,19,3);
INSERT INTO grading (episode_id,episode_year,judge_chef_id,participant_chef_id,grade) VALUES (9,2021,13,97,4);
INSERT INTO grading (episode_id,episode_year,judge_chef_id,participant_chef_id,grade) VALUES (9,2021,13,23,5);
INSERT INTO grading (episode_id,episode_year,judge_chef_id,participant_chef_id,grade) VALUES (9,2021,13,78,1);
INSERT INTO grading (episode_id,episode_year,judge_chef_id,participant_chef_id,grade) VALUES (9,2021,13,24,5);
INSERT INTO grading (episode_id,episode_year,judge_chef_id,participant_chef_id,grade) VALUES (9,2021,36,4,5);
INSERT INTO grading (episode_id,episode_year,judge_chef_id,participant_chef_id,grade) VALUES (9,2021,36,20,3);
INSERT INTO grading (episode_id,episode_year,judge_chef_id,participant_chef_id,grade) VALUES (9,2021,36,53,3);
INSERT INTO grading (episode_id,episode_year,judge_chef_id,participant_chef_id,grade) VALUES (9,2021,36,30,3);
INSERT INTO grading (episode_id,episode_year,judge_chef_id,participant_chef_id,grade) VALUES (9,2021,36,95,3);
INSERT INTO grading (episode_id,episode_year,judge_chef_id,participant_chef_id,grade) VALUES (9,2021,36,19,2);
INSERT INTO grading (episode_id,episode_year,judge_chef_id,participant_chef_id,grade) VALUES (9,2021,36,97,1);
INSERT INTO grading (episode_id,episode_year,judge_chef_id,participant_chef_id,grade) VALUES (9,2021,36,23,1);
INSERT INTO grading (episode_id,episode_year,judge_chef_id,participant_chef_id,grade) VALUES (9,2021,36,78,2);
INSERT INTO grading (episode_id,episode_year,judge_chef_id,participant_chef_id,grade) VALUES (9,2021,36,24,4);
INSERT INTO grading (episode_id,episode_year,judge_chef_id,participant_chef_id,grade) VALUES (10,2021,91,16,4);
INSERT INTO grading (episode_id,episode_year,judge_chef_id,participant_chef_id,grade) VALUES (10,2021,91,58,5);
INSERT INTO grading (episode_id,episode_year,judge_chef_id,participant_chef_id,grade) VALUES (10,2021,91,70,5);
INSERT INTO grading (episode_id,episode_year,judge_chef_id,participant_chef_id,grade) VALUES (10,2021,91,49,4);
INSERT INTO grading (episode_id,episode_year,judge_chef_id,participant_chef_id,grade) VALUES (10,2021,91,4,3);
INSERT INTO grading (episode_id,episode_year,judge_chef_id,participant_chef_id,grade) VALUES (10,2021,91,51,3);
INSERT INTO grading (episode_id,episode_year,judge_chef_id,participant_chef_id,grade) VALUES (10,2021,91,60,1);
INSERT INTO grading (episode_id,episode_year,judge_chef_id,participant_chef_id,grade) VALUES (10,2021,91,3,1);
INSERT INTO grading (episode_id,episode_year,judge_chef_id,participant_chef_id,grade) VALUES (10,2021,91,82,1);
INSERT INTO grading (episode_id,episode_year,judge_chef_id,participant_chef_id,grade) VALUES (10,2021,91,21,4);
INSERT INTO grading (episode_id,episode_year,judge_chef_id,participant_chef_id,grade) VALUES (10,2021,32,16,4);
INSERT INTO grading (episode_id,episode_year,judge_chef_id,participant_chef_id,grade) VALUES (10,2021,32,58,1);
INSERT INTO grading (episode_id,episode_year,judge_chef_id,participant_chef_id,grade) VALUES (10,2021,32,70,5);
INSERT INTO grading (episode_id,episode_year,judge_chef_id,participant_chef_id,grade) VALUES (10,2021,32,49,2);
INSERT INTO grading (episode_id,episode_year,judge_chef_id,participant_chef_id,grade) VALUES (10,2021,32,4,1);
INSERT INTO grading (episode_id,episode_year,judge_chef_id,participant_chef_id,grade) VALUES (10,2021,32,51,1);
INSERT INTO grading (episode_id,episode_year,judge_chef_id,participant_chef_id,grade) VALUES (10,2021,32,60,2);
INSERT INTO grading (episode_id,episode_year,judge_chef_id,participant_chef_id,grade) VALUES (10,2021,32,3,2);
INSERT INTO grading (episode_id,episode_year,judge_chef_id,participant_chef_id,grade) VALUES (10,2021,32,82,2);
INSERT INTO grading (episode_id,episode_year,judge_chef_id,participant_chef_id,grade) VALUES (10,2021,32,21,5);
INSERT INTO grading (episode_id,episode_year,judge_chef_id,participant_chef_id,grade) VALUES (10,2021,6,16,3);
INSERT INTO grading (episode_id,episode_year,judge_chef_id,participant_chef_id,grade) VALUES (10,2021,6,58,2);
INSERT INTO grading (episode_id,episode_year,judge_chef_id,participant_chef_id,grade) VALUES (10,2021,6,70,1);
INSERT INTO grading (episode_id,episode_year,judge_chef_id,participant_chef_id,grade) VALUES (10,2021,6,49,1);
INSERT INTO grading (episode_id,episode_year,judge_chef_id,participant_chef_id,grade) VALUES (10,2021,6,4,1);
INSERT INTO grading (episode_id,episode_year,judge_chef_id,participant_chef_id,grade) VALUES (10,2021,6,51,1);
INSERT INTO grading (episode_id,episode_year,judge_chef_id,participant_chef_id,grade) VALUES (10,2021,6,60,5);
INSERT INTO grading (episode_id,episode_year,judge_chef_id,participant_chef_id,grade) VALUES (10,2021,6,3,1);
INSERT INTO grading (episode_id,episode_year,judge_chef_id,participant_chef_id,grade) VALUES (10,2021,6,82,5);
INSERT INTO grading (episode_id,episode_year,judge_chef_id,participant_chef_id,grade) VALUES (10,2021,6,21,2);
INSERT INTO grading (episode_id,episode_year,judge_chef_id,participant_chef_id,grade) VALUES (1,2022,66,43,1);
INSERT INTO grading (episode_id,episode_year,judge_chef_id,participant_chef_id,grade) VALUES (1,2022,66,1,5);
INSERT INTO grading (episode_id,episode_year,judge_chef_id,participant_chef_id,grade) VALUES (1,2022,66,38,1);
INSERT INTO grading (episode_id,episode_year,judge_chef_id,participant_chef_id,grade) VALUES (1,2022,66,98,4);
INSERT INTO grading (episode_id,episode_year,judge_chef_id,participant_chef_id,grade) VALUES (1,2022,66,5,2);
INSERT INTO grading (episode_id,episode_year,judge_chef_id,participant_chef_id,grade) VALUES (1,2022,66,53,1);
INSERT INTO grading (episode_id,episode_year,judge_chef_id,participant_chef_id,grade) VALUES (1,2022,66,59,3);
INSERT INTO grading (episode_id,episode_year,judge_chef_id,participant_chef_id,grade) VALUES (1,2022,66,33,2);
INSERT INTO grading (episode_id,episode_year,judge_chef_id,participant_chef_id,grade) VALUES (1,2022,66,37,4);
INSERT INTO grading (episode_id,episode_year,judge_chef_id,participant_chef_id,grade) VALUES (1,2022,66,54,2);
INSERT INTO grading (episode_id,episode_year,judge_chef_id,participant_chef_id,grade) VALUES (1,2022,20,43,3);
INSERT INTO grading (episode_id,episode_year,judge_chef_id,participant_chef_id,grade) VALUES (1,2022,20,1,1);
INSERT INTO grading (episode_id,episode_year,judge_chef_id,participant_chef_id,grade) VALUES (1,2022,20,38,4);
INSERT INTO grading (episode_id,episode_year,judge_chef_id,participant_chef_id,grade) VALUES (1,2022,20,98,1);
INSERT INTO grading (episode_id,episode_year,judge_chef_id,participant_chef_id,grade) VALUES (1,2022,20,5,4);
INSERT INTO grading (episode_id,episode_year,judge_chef_id,participant_chef_id,grade) VALUES (1,2022,20,53,3);
INSERT INTO grading (episode_id,episode_year,judge_chef_id,participant_chef_id,grade) VALUES (1,2022,20,59,4);
INSERT INTO grading (episode_id,episode_year,judge_chef_id,participant_chef_id,grade) VALUES (1,2022,20,33,3);
INSERT INTO grading (episode_id,episode_year,judge_chef_id,participant_chef_id,grade) VALUES (1,2022,20,37,3);
INSERT INTO grading (episode_id,episode_year,judge_chef_id,participant_chef_id,grade) VALUES (1,2022,20,54,2);
INSERT INTO grading (episode_id,episode_year,judge_chef_id,participant_chef_id,grade) VALUES (1,2022,95,43,2);
INSERT INTO grading (episode_id,episode_year,judge_chef_id,participant_chef_id,grade) VALUES (1,2022,95,1,5);
INSERT INTO grading (episode_id,episode_year,judge_chef_id,participant_chef_id,grade) VALUES (1,2022,95,38,2);
INSERT INTO grading (episode_id,episode_year,judge_chef_id,participant_chef_id,grade) VALUES (1,2022,95,98,1);
INSERT INTO grading (episode_id,episode_year,judge_chef_id,participant_chef_id,grade) VALUES (1,2022,95,5,5);
INSERT INTO grading (episode_id,episode_year,judge_chef_id,participant_chef_id,grade) VALUES (1,2022,95,53,5);
INSERT INTO grading (episode_id,episode_year,judge_chef_id,participant_chef_id,grade) VALUES (1,2022,95,59,2);
INSERT INTO grading (episode_id,episode_year,judge_chef_id,participant_chef_id,grade) VALUES (1,2022,95,33,4);
INSERT INTO grading (episode_id,episode_year,judge_chef_id,participant_chef_id,grade) VALUES (1,2022,95,37,3);
INSERT INTO grading (episode_id,episode_year,judge_chef_id,participant_chef_id,grade) VALUES (1,2022,95,54,2);
INSERT INTO grading (episode_id,episode_year,judge_chef_id,participant_chef_id,grade) VALUES (2,2022,96,7,2);
INSERT INTO grading (episode_id,episode_year,judge_chef_id,participant_chef_id,grade) VALUES (2,2022,96,19,1);
INSERT INTO grading (episode_id,episode_year,judge_chef_id,participant_chef_id,grade) VALUES (2,2022,96,22,4);
INSERT INTO grading (episode_id,episode_year,judge_chef_id,participant_chef_id,grade) VALUES (2,2022,96,18,1);
INSERT INTO grading (episode_id,episode_year,judge_chef_id,participant_chef_id,grade) VALUES (2,2022,96,99,4);
INSERT INTO grading (episode_id,episode_year,judge_chef_id,participant_chef_id,grade) VALUES (2,2022,96,81,2);
INSERT INTO grading (episode_id,episode_year,judge_chef_id,participant_chef_id,grade) VALUES (2,2022,96,51,1);
INSERT INTO grading (episode_id,episode_year,judge_chef_id,participant_chef_id,grade) VALUES (2,2022,96,50,1);
INSERT INTO grading (episode_id,episode_year,judge_chef_id,participant_chef_id,grade) VALUES (2,2022,96,59,1);
INSERT INTO grading (episode_id,episode_year,judge_chef_id,participant_chef_id,grade) VALUES (2,2022,96,1,4);
INSERT INTO grading (episode_id,episode_year,judge_chef_id,participant_chef_id,grade) VALUES (2,2022,97,7,2);
INSERT INTO grading (episode_id,episode_year,judge_chef_id,participant_chef_id,grade) VALUES (2,2022,97,19,5);
INSERT INTO grading (episode_id,episode_year,judge_chef_id,participant_chef_id,grade) VALUES (2,2022,97,22,5);
INSERT INTO grading (episode_id,episode_year,judge_chef_id,participant_chef_id,grade) VALUES (2,2022,97,18,5);
INSERT INTO grading (episode_id,episode_year,judge_chef_id,participant_chef_id,grade) VALUES (2,2022,97,99,3);
INSERT INTO grading (episode_id,episode_year,judge_chef_id,participant_chef_id,grade) VALUES (2,2022,97,81,3);
INSERT INTO grading (episode_id,episode_year,judge_chef_id,participant_chef_id,grade) VALUES (2,2022,97,51,2);
INSERT INTO grading (episode_id,episode_year,judge_chef_id,participant_chef_id,grade) VALUES (2,2022,97,50,2);
INSERT INTO grading (episode_id,episode_year,judge_chef_id,participant_chef_id,grade) VALUES (2,2022,97,59,5);
INSERT INTO grading (episode_id,episode_year,judge_chef_id,participant_chef_id,grade) VALUES (2,2022,97,1,2);
INSERT INTO grading (episode_id,episode_year,judge_chef_id,participant_chef_id,grade) VALUES (2,2022,47,7,1);
INSERT INTO grading (episode_id,episode_year,judge_chef_id,participant_chef_id,grade) VALUES (2,2022,47,19,5);
INSERT INTO grading (episode_id,episode_year,judge_chef_id,participant_chef_id,grade) VALUES (2,2022,47,22,4);
INSERT INTO grading (episode_id,episode_year,judge_chef_id,participant_chef_id,grade) VALUES (2,2022,47,18,5);
INSERT INTO grading (episode_id,episode_year,judge_chef_id,participant_chef_id,grade) VALUES (2,2022,47,99,2);
INSERT INTO grading (episode_id,episode_year,judge_chef_id,participant_chef_id,grade) VALUES (2,2022,47,81,5);
INSERT INTO grading (episode_id,episode_year,judge_chef_id,participant_chef_id,grade) VALUES (2,2022,47,51,1);
INSERT INTO grading (episode_id,episode_year,judge_chef_id,participant_chef_id,grade) VALUES (2,2022,47,50,2);
INSERT INTO grading (episode_id,episode_year,judge_chef_id,participant_chef_id,grade) VALUES (2,2022,47,59,2);
INSERT INTO grading (episode_id,episode_year,judge_chef_id,participant_chef_id,grade) VALUES (2,2022,47,1,3);
INSERT INTO grading (episode_id,episode_year,judge_chef_id,participant_chef_id,grade) VALUES (3,2022,78,30,2);
INSERT INTO grading (episode_id,episode_year,judge_chef_id,participant_chef_id,grade) VALUES (3,2022,78,27,3);
INSERT INTO grading (episode_id,episode_year,judge_chef_id,participant_chef_id,grade) VALUES (3,2022,78,41,3);
INSERT INTO grading (episode_id,episode_year,judge_chef_id,participant_chef_id,grade) VALUES (3,2022,78,2,4);
INSERT INTO grading (episode_id,episode_year,judge_chef_id,participant_chef_id,grade) VALUES (3,2022,78,38,3);
INSERT INTO grading (episode_id,episode_year,judge_chef_id,participant_chef_id,grade) VALUES (3,2022,78,12,4);
INSERT INTO grading (episode_id,episode_year,judge_chef_id,participant_chef_id,grade) VALUES (3,2022,78,50,3);
INSERT INTO grading (episode_id,episode_year,judge_chef_id,participant_chef_id,grade) VALUES (3,2022,78,13,4);
INSERT INTO grading (episode_id,episode_year,judge_chef_id,participant_chef_id,grade) VALUES (3,2022,78,62,3);
INSERT INTO grading (episode_id,episode_year,judge_chef_id,participant_chef_id,grade) VALUES (3,2022,78,96,2);
INSERT INTO grading (episode_id,episode_year,judge_chef_id,participant_chef_id,grade) VALUES (3,2022,58,30,2);
INSERT INTO grading (episode_id,episode_year,judge_chef_id,participant_chef_id,grade) VALUES (3,2022,58,27,1);
INSERT INTO grading (episode_id,episode_year,judge_chef_id,participant_chef_id,grade) VALUES (3,2022,58,41,2);
INSERT INTO grading (episode_id,episode_year,judge_chef_id,participant_chef_id,grade) VALUES (3,2022,58,2,2);
INSERT INTO grading (episode_id,episode_year,judge_chef_id,participant_chef_id,grade) VALUES (3,2022,58,38,3);
INSERT INTO grading (episode_id,episode_year,judge_chef_id,participant_chef_id,grade) VALUES (3,2022,58,12,1);
INSERT INTO grading (episode_id,episode_year,judge_chef_id,participant_chef_id,grade) VALUES (3,2022,58,50,3);
INSERT INTO grading (episode_id,episode_year,judge_chef_id,participant_chef_id,grade) VALUES (3,2022,58,13,3);
INSERT INTO grading (episode_id,episode_year,judge_chef_id,participant_chef_id,grade) VALUES (3,2022,58,62,1);
INSERT INTO grading (episode_id,episode_year,judge_chef_id,participant_chef_id,grade) VALUES (3,2022,58,96,3);
INSERT INTO grading (episode_id,episode_year,judge_chef_id,participant_chef_id,grade) VALUES (3,2022,65,30,3);
INSERT INTO grading (episode_id,episode_year,judge_chef_id,participant_chef_id,grade) VALUES (3,2022,65,27,5);
INSERT INTO grading (episode_id,episode_year,judge_chef_id,participant_chef_id,grade) VALUES (3,2022,65,41,5);
INSERT INTO grading (episode_id,episode_year,judge_chef_id,participant_chef_id,grade) VALUES (3,2022,65,2,1);
INSERT INTO grading (episode_id,episode_year,judge_chef_id,participant_chef_id,grade) VALUES (3,2022,65,38,4);
INSERT INTO grading (episode_id,episode_year,judge_chef_id,participant_chef_id,grade) VALUES (3,2022,65,12,1);
INSERT INTO grading (episode_id,episode_year,judge_chef_id,participant_chef_id,grade) VALUES (3,2022,65,50,2);
INSERT INTO grading (episode_id,episode_year,judge_chef_id,participant_chef_id,grade) VALUES (3,2022,65,13,3);
INSERT INTO grading (episode_id,episode_year,judge_chef_id,participant_chef_id,grade) VALUES (3,2022,65,62,2);
INSERT INTO grading (episode_id,episode_year,judge_chef_id,participant_chef_id,grade) VALUES (3,2022,65,96,3);
INSERT INTO grading (episode_id,episode_year,judge_chef_id,participant_chef_id,grade) VALUES (4,2022,38,93,5);
INSERT INTO grading (episode_id,episode_year,judge_chef_id,participant_chef_id,grade) VALUES (4,2022,38,65,3);
INSERT INTO grading (episode_id,episode_year,judge_chef_id,participant_chef_id,grade) VALUES (4,2022,38,66,4);
INSERT INTO grading (episode_id,episode_year,judge_chef_id,participant_chef_id,grade) VALUES (4,2022,38,6,1);
INSERT INTO grading (episode_id,episode_year,judge_chef_id,participant_chef_id,grade) VALUES (4,2022,38,72,5);
INSERT INTO grading (episode_id,episode_year,judge_chef_id,participant_chef_id,grade) VALUES (4,2022,38,60,4);
INSERT INTO grading (episode_id,episode_year,judge_chef_id,participant_chef_id,grade) VALUES (4,2022,38,2,5);
INSERT INTO grading (episode_id,episode_year,judge_chef_id,participant_chef_id,grade) VALUES (4,2022,38,18,4);
INSERT INTO grading (episode_id,episode_year,judge_chef_id,participant_chef_id,grade) VALUES (4,2022,38,31,5);
INSERT INTO grading (episode_id,episode_year,judge_chef_id,participant_chef_id,grade) VALUES (4,2022,38,84,1);
INSERT INTO grading (episode_id,episode_year,judge_chef_id,participant_chef_id,grade) VALUES (4,2022,83,93,1);
INSERT INTO grading (episode_id,episode_year,judge_chef_id,participant_chef_id,grade) VALUES (4,2022,83,65,2);
INSERT INTO grading (episode_id,episode_year,judge_chef_id,participant_chef_id,grade) VALUES (4,2022,83,66,3);
INSERT INTO grading (episode_id,episode_year,judge_chef_id,participant_chef_id,grade) VALUES (4,2022,83,6,3);
INSERT INTO grading (episode_id,episode_year,judge_chef_id,participant_chef_id,grade) VALUES (4,2022,83,72,5);
INSERT INTO grading (episode_id,episode_year,judge_chef_id,participant_chef_id,grade) VALUES (4,2022,83,60,4);
INSERT INTO grading (episode_id,episode_year,judge_chef_id,participant_chef_id,grade) VALUES (4,2022,83,2,5);
INSERT INTO grading (episode_id,episode_year,judge_chef_id,participant_chef_id,grade) VALUES (4,2022,83,18,3);
INSERT INTO grading (episode_id,episode_year,judge_chef_id,participant_chef_id,grade) VALUES (4,2022,83,31,3);
INSERT INTO grading (episode_id,episode_year,judge_chef_id,participant_chef_id,grade) VALUES (4,2022,83,84,3);
INSERT INTO grading (episode_id,episode_year,judge_chef_id,participant_chef_id,grade) VALUES (4,2022,27,93,1);
INSERT INTO grading (episode_id,episode_year,judge_chef_id,participant_chef_id,grade) VALUES (4,2022,27,65,5);
INSERT INTO grading (episode_id,episode_year,judge_chef_id,participant_chef_id,grade) VALUES (4,2022,27,66,3);
INSERT INTO grading (episode_id,episode_year,judge_chef_id,participant_chef_id,grade) VALUES (4,2022,27,6,2);
INSERT INTO grading (episode_id,episode_year,judge_chef_id,participant_chef_id,grade) VALUES (4,2022,27,72,5);
INSERT INTO grading (episode_id,episode_year,judge_chef_id,participant_chef_id,grade) VALUES (4,2022,27,60,5);
INSERT INTO grading (episode_id,episode_year,judge_chef_id,participant_chef_id,grade) VALUES (4,2022,27,2,1);
INSERT INTO grading (episode_id,episode_year,judge_chef_id,participant_chef_id,grade) VALUES (4,2022,27,18,4);
INSERT INTO grading (episode_id,episode_year,judge_chef_id,participant_chef_id,grade) VALUES (4,2022,27,31,2);
INSERT INTO grading (episode_id,episode_year,judge_chef_id,participant_chef_id,grade) VALUES (4,2022,27,84,3);
INSERT INTO grading (episode_id,episode_year,judge_chef_id,participant_chef_id,grade) VALUES (5,2022,41,63,4);
INSERT INTO grading (episode_id,episode_year,judge_chef_id,participant_chef_id,grade) VALUES (5,2022,41,52,3);
INSERT INTO grading (episode_id,episode_year,judge_chef_id,participant_chef_id,grade) VALUES (5,2022,41,64,1);
INSERT INTO grading (episode_id,episode_year,judge_chef_id,participant_chef_id,grade) VALUES (5,2022,41,88,3);
INSERT INTO grading (episode_id,episode_year,judge_chef_id,participant_chef_id,grade) VALUES (5,2022,41,2,1);
INSERT INTO grading (episode_id,episode_year,judge_chef_id,participant_chef_id,grade) VALUES (5,2022,41,17,2);
INSERT INTO grading (episode_id,episode_year,judge_chef_id,participant_chef_id,grade) VALUES (5,2022,41,45,1);
INSERT INTO grading (episode_id,episode_year,judge_chef_id,participant_chef_id,grade) VALUES (5,2022,41,16,5);
INSERT INTO grading (episode_id,episode_year,judge_chef_id,participant_chef_id,grade) VALUES (5,2022,41,80,4);
INSERT INTO grading (episode_id,episode_year,judge_chef_id,participant_chef_id,grade) VALUES (5,2022,41,34,4);
INSERT INTO grading (episode_id,episode_year,judge_chef_id,participant_chef_id,grade) VALUES (5,2022,100,63,1);
INSERT INTO grading (episode_id,episode_year,judge_chef_id,participant_chef_id,grade) VALUES (5,2022,100,52,4);
INSERT INTO grading (episode_id,episode_year,judge_chef_id,participant_chef_id,grade) VALUES (5,2022,100,64,4);
INSERT INTO grading (episode_id,episode_year,judge_chef_id,participant_chef_id,grade) VALUES (5,2022,100,88,3);
INSERT INTO grading (episode_id,episode_year,judge_chef_id,participant_chef_id,grade) VALUES (5,2022,100,2,5);
INSERT INTO grading (episode_id,episode_year,judge_chef_id,participant_chef_id,grade) VALUES (5,2022,100,17,5);
INSERT INTO grading (episode_id,episode_year,judge_chef_id,participant_chef_id,grade) VALUES (5,2022,100,45,2);
INSERT INTO grading (episode_id,episode_year,judge_chef_id,participant_chef_id,grade) VALUES (5,2022,100,16,2);
INSERT INTO grading (episode_id,episode_year,judge_chef_id,participant_chef_id,grade) VALUES (5,2022,100,80,2);
INSERT INTO grading (episode_id,episode_year,judge_chef_id,participant_chef_id,grade) VALUES (5,2022,100,34,2);
INSERT INTO grading (episode_id,episode_year,judge_chef_id,participant_chef_id,grade) VALUES (5,2022,18,63,1);
INSERT INTO grading (episode_id,episode_year,judge_chef_id,participant_chef_id,grade) VALUES (5,2022,18,52,5);
INSERT INTO grading (episode_id,episode_year,judge_chef_id,participant_chef_id,grade) VALUES (5,2022,18,64,1);
INSERT INTO grading (episode_id,episode_year,judge_chef_id,participant_chef_id,grade) VALUES (5,2022,18,88,3);
INSERT INTO grading (episode_id,episode_year,judge_chef_id,participant_chef_id,grade) VALUES (5,2022,18,2,3);
INSERT INTO grading (episode_id,episode_year,judge_chef_id,participant_chef_id,grade) VALUES (5,2022,18,17,2);
INSERT INTO grading (episode_id,episode_year,judge_chef_id,participant_chef_id,grade) VALUES (5,2022,18,45,3);
INSERT INTO grading (episode_id,episode_year,judge_chef_id,participant_chef_id,grade) VALUES (5,2022,18,16,4);
INSERT INTO grading (episode_id,episode_year,judge_chef_id,participant_chef_id,grade) VALUES (5,2022,18,80,5);
INSERT INTO grading (episode_id,episode_year,judge_chef_id,participant_chef_id,grade) VALUES (5,2022,18,34,1);
INSERT INTO grading (episode_id,episode_year,judge_chef_id,participant_chef_id,grade) VALUES (6,2022,70,20,5);
INSERT INTO grading (episode_id,episode_year,judge_chef_id,participant_chef_id,grade) VALUES (6,2022,70,68,2);
INSERT INTO grading (episode_id,episode_year,judge_chef_id,participant_chef_id,grade) VALUES (6,2022,70,63,1);
INSERT INTO grading (episode_id,episode_year,judge_chef_id,participant_chef_id,grade) VALUES (6,2022,70,74,1);
INSERT INTO grading (episode_id,episode_year,judge_chef_id,participant_chef_id,grade) VALUES (6,2022,70,75,2);
INSERT INTO grading (episode_id,episode_year,judge_chef_id,participant_chef_id,grade) VALUES (6,2022,70,77,2);
INSERT INTO grading (episode_id,episode_year,judge_chef_id,participant_chef_id,grade) VALUES (6,2022,70,46,5);
INSERT INTO grading (episode_id,episode_year,judge_chef_id,participant_chef_id,grade) VALUES (6,2022,70,22,1);
INSERT INTO grading (episode_id,episode_year,judge_chef_id,participant_chef_id,grade) VALUES (6,2022,70,65,1);
INSERT INTO grading (episode_id,episode_year,judge_chef_id,participant_chef_id,grade) VALUES (6,2022,70,17,5);
INSERT INTO grading (episode_id,episode_year,judge_chef_id,participant_chef_id,grade) VALUES (6,2022,94,20,3);
INSERT INTO grading (episode_id,episode_year,judge_chef_id,participant_chef_id,grade) VALUES (6,2022,94,68,3);
INSERT INTO grading (episode_id,episode_year,judge_chef_id,participant_chef_id,grade) VALUES (6,2022,94,63,5);
INSERT INTO grading (episode_id,episode_year,judge_chef_id,participant_chef_id,grade) VALUES (6,2022,94,74,4);
INSERT INTO grading (episode_id,episode_year,judge_chef_id,participant_chef_id,grade) VALUES (6,2022,94,75,5);
INSERT INTO grading (episode_id,episode_year,judge_chef_id,participant_chef_id,grade) VALUES (6,2022,94,77,4);
INSERT INTO grading (episode_id,episode_year,judge_chef_id,participant_chef_id,grade) VALUES (6,2022,94,46,4);
INSERT INTO grading (episode_id,episode_year,judge_chef_id,participant_chef_id,grade) VALUES (6,2022,94,22,3);
INSERT INTO grading (episode_id,episode_year,judge_chef_id,participant_chef_id,grade) VALUES (6,2022,94,65,1);
INSERT INTO grading (episode_id,episode_year,judge_chef_id,participant_chef_id,grade) VALUES (6,2022,94,17,5);
INSERT INTO grading (episode_id,episode_year,judge_chef_id,participant_chef_id,grade) VALUES (6,2022,33,20,1);
INSERT INTO grading (episode_id,episode_year,judge_chef_id,participant_chef_id,grade) VALUES (6,2022,33,68,2);
INSERT INTO grading (episode_id,episode_year,judge_chef_id,participant_chef_id,grade) VALUES (6,2022,33,63,4);
INSERT INTO grading (episode_id,episode_year,judge_chef_id,participant_chef_id,grade) VALUES (6,2022,33,74,3);
INSERT INTO grading (episode_id,episode_year,judge_chef_id,participant_chef_id,grade) VALUES (6,2022,33,75,1);
INSERT INTO grading (episode_id,episode_year,judge_chef_id,participant_chef_id,grade) VALUES (6,2022,33,77,5);
INSERT INTO grading (episode_id,episode_year,judge_chef_id,participant_chef_id,grade) VALUES (6,2022,33,46,1);
INSERT INTO grading (episode_id,episode_year,judge_chef_id,participant_chef_id,grade) VALUES (6,2022,33,22,5);
INSERT INTO grading (episode_id,episode_year,judge_chef_id,participant_chef_id,grade) VALUES (6,2022,33,65,4);
INSERT INTO grading (episode_id,episode_year,judge_chef_id,participant_chef_id,grade) VALUES (6,2022,33,17,1);
INSERT INTO grading (episode_id,episode_year,judge_chef_id,participant_chef_id,grade) VALUES (7,2022,60,55,2);
INSERT INTO grading (episode_id,episode_year,judge_chef_id,participant_chef_id,grade) VALUES (7,2022,60,4,5);
INSERT INTO grading (episode_id,episode_year,judge_chef_id,participant_chef_id,grade) VALUES (7,2022,60,23,3);
INSERT INTO grading (episode_id,episode_year,judge_chef_id,participant_chef_id,grade) VALUES (7,2022,60,90,3);
INSERT INTO grading (episode_id,episode_year,judge_chef_id,participant_chef_id,grade) VALUES (7,2022,60,37,3);
INSERT INTO grading (episode_id,episode_year,judge_chef_id,participant_chef_id,grade) VALUES (7,2022,60,74,1);
INSERT INTO grading (episode_id,episode_year,judge_chef_id,participant_chef_id,grade) VALUES (7,2022,60,89,4);
INSERT INTO grading (episode_id,episode_year,judge_chef_id,participant_chef_id,grade) VALUES (7,2022,60,2,5);
INSERT INTO grading (episode_id,episode_year,judge_chef_id,participant_chef_id,grade) VALUES (7,2022,60,6,2);
INSERT INTO grading (episode_id,episode_year,judge_chef_id,participant_chef_id,grade) VALUES (7,2022,60,79,2);
INSERT INTO grading (episode_id,episode_year,judge_chef_id,participant_chef_id,grade) VALUES (7,2022,27,55,2);
INSERT INTO grading (episode_id,episode_year,judge_chef_id,participant_chef_id,grade) VALUES (7,2022,27,4,1);
INSERT INTO grading (episode_id,episode_year,judge_chef_id,participant_chef_id,grade) VALUES (7,2022,27,23,2);
INSERT INTO grading (episode_id,episode_year,judge_chef_id,participant_chef_id,grade) VALUES (7,2022,27,90,2);
INSERT INTO grading (episode_id,episode_year,judge_chef_id,participant_chef_id,grade) VALUES (7,2022,27,37,4);
INSERT INTO grading (episode_id,episode_year,judge_chef_id,participant_chef_id,grade) VALUES (7,2022,27,74,2);
INSERT INTO grading (episode_id,episode_year,judge_chef_id,participant_chef_id,grade) VALUES (7,2022,27,89,4);
INSERT INTO grading (episode_id,episode_year,judge_chef_id,participant_chef_id,grade) VALUES (7,2022,27,2,2);
INSERT INTO grading (episode_id,episode_year,judge_chef_id,participant_chef_id,grade) VALUES (7,2022,27,6,3);
INSERT INTO grading (episode_id,episode_year,judge_chef_id,participant_chef_id,grade) VALUES (7,2022,27,79,4);
INSERT INTO grading (episode_id,episode_year,judge_chef_id,participant_chef_id,grade) VALUES (7,2022,47,55,2);
INSERT INTO grading (episode_id,episode_year,judge_chef_id,participant_chef_id,grade) VALUES (7,2022,47,4,3);
INSERT INTO grading (episode_id,episode_year,judge_chef_id,participant_chef_id,grade) VALUES (7,2022,47,23,5);
INSERT INTO grading (episode_id,episode_year,judge_chef_id,participant_chef_id,grade) VALUES (7,2022,47,90,2);
INSERT INTO grading (episode_id,episode_year,judge_chef_id,participant_chef_id,grade) VALUES (7,2022,47,37,3);
INSERT INTO grading (episode_id,episode_year,judge_chef_id,participant_chef_id,grade) VALUES (7,2022,47,74,5);
INSERT INTO grading (episode_id,episode_year,judge_chef_id,participant_chef_id,grade) VALUES (7,2022,47,89,4);
INSERT INTO grading (episode_id,episode_year,judge_chef_id,participant_chef_id,grade) VALUES (7,2022,47,2,2);
INSERT INTO grading (episode_id,episode_year,judge_chef_id,participant_chef_id,grade) VALUES (7,2022,47,6,1);
INSERT INTO grading (episode_id,episode_year,judge_chef_id,participant_chef_id,grade) VALUES (7,2022,47,79,2);
INSERT INTO grading (episode_id,episode_year,judge_chef_id,participant_chef_id,grade) VALUES (8,2022,83,82,5);
INSERT INTO grading (episode_id,episode_year,judge_chef_id,participant_chef_id,grade) VALUES (8,2022,83,20,5);
INSERT INTO grading (episode_id,episode_year,judge_chef_id,participant_chef_id,grade) VALUES (8,2022,83,85,3);
INSERT INTO grading (episode_id,episode_year,judge_chef_id,participant_chef_id,grade) VALUES (8,2022,83,69,2);
INSERT INTO grading (episode_id,episode_year,judge_chef_id,participant_chef_id,grade) VALUES (8,2022,83,67,4);
INSERT INTO grading (episode_id,episode_year,judge_chef_id,participant_chef_id,grade) VALUES (8,2022,83,63,2);
INSERT INTO grading (episode_id,episode_year,judge_chef_id,participant_chef_id,grade) VALUES (8,2022,83,22,4);
INSERT INTO grading (episode_id,episode_year,judge_chef_id,participant_chef_id,grade) VALUES (8,2022,83,23,1);
INSERT INTO grading (episode_id,episode_year,judge_chef_id,participant_chef_id,grade) VALUES (8,2022,83,37,5);
INSERT INTO grading (episode_id,episode_year,judge_chef_id,participant_chef_id,grade) VALUES (8,2022,83,8,4);
INSERT INTO grading (episode_id,episode_year,judge_chef_id,participant_chef_id,grade) VALUES (8,2022,74,82,3);
INSERT INTO grading (episode_id,episode_year,judge_chef_id,participant_chef_id,grade) VALUES (8,2022,74,20,3);
INSERT INTO grading (episode_id,episode_year,judge_chef_id,participant_chef_id,grade) VALUES (8,2022,74,85,5);
INSERT INTO grading (episode_id,episode_year,judge_chef_id,participant_chef_id,grade) VALUES (8,2022,74,69,4);
INSERT INTO grading (episode_id,episode_year,judge_chef_id,participant_chef_id,grade) VALUES (8,2022,74,67,4);
INSERT INTO grading (episode_id,episode_year,judge_chef_id,participant_chef_id,grade) VALUES (8,2022,74,63,3);
INSERT INTO grading (episode_id,episode_year,judge_chef_id,participant_chef_id,grade) VALUES (8,2022,74,22,5);
INSERT INTO grading (episode_id,episode_year,judge_chef_id,participant_chef_id,grade) VALUES (8,2022,74,23,3);
INSERT INTO grading (episode_id,episode_year,judge_chef_id,participant_chef_id,grade) VALUES (8,2022,74,37,4);
INSERT INTO grading (episode_id,episode_year,judge_chef_id,participant_chef_id,grade) VALUES (8,2022,74,8,3);
INSERT INTO grading (episode_id,episode_year,judge_chef_id,participant_chef_id,grade) VALUES (8,2022,34,82,1);
INSERT INTO grading (episode_id,episode_year,judge_chef_id,participant_chef_id,grade) VALUES (8,2022,34,20,5);
INSERT INTO grading (episode_id,episode_year,judge_chef_id,participant_chef_id,grade) VALUES (8,2022,34,85,3);
INSERT INTO grading (episode_id,episode_year,judge_chef_id,participant_chef_id,grade) VALUES (8,2022,34,69,5);
INSERT INTO grading (episode_id,episode_year,judge_chef_id,participant_chef_id,grade) VALUES (8,2022,34,67,1);
INSERT INTO grading (episode_id,episode_year,judge_chef_id,participant_chef_id,grade) VALUES (8,2022,34,63,4);
INSERT INTO grading (episode_id,episode_year,judge_chef_id,participant_chef_id,grade) VALUES (8,2022,34,22,5);
INSERT INTO grading (episode_id,episode_year,judge_chef_id,participant_chef_id,grade) VALUES (8,2022,34,23,3);
INSERT INTO grading (episode_id,episode_year,judge_chef_id,participant_chef_id,grade) VALUES (8,2022,34,37,3);
INSERT INTO grading (episode_id,episode_year,judge_chef_id,participant_chef_id,grade) VALUES (8,2022,34,8,3);
INSERT INTO grading (episode_id,episode_year,judge_chef_id,participant_chef_id,grade) VALUES (9,2022,60,72,3);
INSERT INTO grading (episode_id,episode_year,judge_chef_id,participant_chef_id,grade) VALUES (9,2022,60,48,2);
INSERT INTO grading (episode_id,episode_year,judge_chef_id,participant_chef_id,grade) VALUES (9,2022,60,92,5);
INSERT INTO grading (episode_id,episode_year,judge_chef_id,participant_chef_id,grade) VALUES (9,2022,60,30,1);
INSERT INTO grading (episode_id,episode_year,judge_chef_id,participant_chef_id,grade) VALUES (9,2022,60,6,4);
INSERT INTO grading (episode_id,episode_year,judge_chef_id,participant_chef_id,grade) VALUES (9,2022,60,53,5);
INSERT INTO grading (episode_id,episode_year,judge_chef_id,participant_chef_id,grade) VALUES (9,2022,60,65,5);
INSERT INTO grading (episode_id,episode_year,judge_chef_id,participant_chef_id,grade) VALUES (9,2022,60,18,3);
INSERT INTO grading (episode_id,episode_year,judge_chef_id,participant_chef_id,grade) VALUES (9,2022,60,17,4);
INSERT INTO grading (episode_id,episode_year,judge_chef_id,participant_chef_id,grade) VALUES (9,2022,60,63,5);
INSERT INTO grading (episode_id,episode_year,judge_chef_id,participant_chef_id,grade) VALUES (9,2022,12,72,5);
INSERT INTO grading (episode_id,episode_year,judge_chef_id,participant_chef_id,grade) VALUES (9,2022,12,48,5);
INSERT INTO grading (episode_id,episode_year,judge_chef_id,participant_chef_id,grade) VALUES (9,2022,12,92,3);
INSERT INTO grading (episode_id,episode_year,judge_chef_id,participant_chef_id,grade) VALUES (9,2022,12,30,3);
INSERT INTO grading (episode_id,episode_year,judge_chef_id,participant_chef_id,grade) VALUES (9,2022,12,6,2);
INSERT INTO grading (episode_id,episode_year,judge_chef_id,participant_chef_id,grade) VALUES (9,2022,12,53,4);
INSERT INTO grading (episode_id,episode_year,judge_chef_id,participant_chef_id,grade) VALUES (9,2022,12,65,1);
INSERT INTO grading (episode_id,episode_year,judge_chef_id,participant_chef_id,grade) VALUES (9,2022,12,18,2);
INSERT INTO grading (episode_id,episode_year,judge_chef_id,participant_chef_id,grade) VALUES (9,2022,12,17,3);
INSERT INTO grading (episode_id,episode_year,judge_chef_id,participant_chef_id,grade) VALUES (9,2022,12,63,4);
INSERT INTO grading (episode_id,episode_year,judge_chef_id,participant_chef_id,grade) VALUES (9,2022,8,72,4);
INSERT INTO grading (episode_id,episode_year,judge_chef_id,participant_chef_id,grade) VALUES (9,2022,8,48,2);
INSERT INTO grading (episode_id,episode_year,judge_chef_id,participant_chef_id,grade) VALUES (9,2022,8,92,5);
INSERT INTO grading (episode_id,episode_year,judge_chef_id,participant_chef_id,grade) VALUES (9,2022,8,30,4);
INSERT INTO grading (episode_id,episode_year,judge_chef_id,participant_chef_id,grade) VALUES (9,2022,8,6,3);
INSERT INTO grading (episode_id,episode_year,judge_chef_id,participant_chef_id,grade) VALUES (9,2022,8,53,1);
INSERT INTO grading (episode_id,episode_year,judge_chef_id,participant_chef_id,grade) VALUES (9,2022,8,65,2);
INSERT INTO grading (episode_id,episode_year,judge_chef_id,participant_chef_id,grade) VALUES (9,2022,8,18,3);
INSERT INTO grading (episode_id,episode_year,judge_chef_id,participant_chef_id,grade) VALUES (9,2022,8,17,1);
INSERT INTO grading (episode_id,episode_year,judge_chef_id,participant_chef_id,grade) VALUES (9,2022,8,63,2);
INSERT INTO grading (episode_id,episode_year,judge_chef_id,participant_chef_id,grade) VALUES (10,2022,53,60,3);
INSERT INTO grading (episode_id,episode_year,judge_chef_id,participant_chef_id,grade) VALUES (10,2022,53,3,2);
INSERT INTO grading (episode_id,episode_year,judge_chef_id,participant_chef_id,grade) VALUES (10,2022,53,65,3);
INSERT INTO grading (episode_id,episode_year,judge_chef_id,participant_chef_id,grade) VALUES (10,2022,53,22,5);
INSERT INTO grading (episode_id,episode_year,judge_chef_id,participant_chef_id,grade) VALUES (10,2022,53,10,2);
INSERT INTO grading (episode_id,episode_year,judge_chef_id,participant_chef_id,grade) VALUES (10,2022,53,49,4);
INSERT INTO grading (episode_id,episode_year,judge_chef_id,participant_chef_id,grade) VALUES (10,2022,53,34,4);
INSERT INTO grading (episode_id,episode_year,judge_chef_id,participant_chef_id,grade) VALUES (10,2022,53,38,1);
INSERT INTO grading (episode_id,episode_year,judge_chef_id,participant_chef_id,grade) VALUES (10,2022,53,50,1);
INSERT INTO grading (episode_id,episode_year,judge_chef_id,participant_chef_id,grade) VALUES (10,2022,53,62,5);
INSERT INTO grading (episode_id,episode_year,judge_chef_id,participant_chef_id,grade) VALUES (10,2022,81,60,1);
INSERT INTO grading (episode_id,episode_year,judge_chef_id,participant_chef_id,grade) VALUES (10,2022,81,3,5);
INSERT INTO grading (episode_id,episode_year,judge_chef_id,participant_chef_id,grade) VALUES (10,2022,81,65,5);
INSERT INTO grading (episode_id,episode_year,judge_chef_id,participant_chef_id,grade) VALUES (10,2022,81,22,5);
INSERT INTO grading (episode_id,episode_year,judge_chef_id,participant_chef_id,grade) VALUES (10,2022,81,10,4);
INSERT INTO grading (episode_id,episode_year,judge_chef_id,participant_chef_id,grade) VALUES (10,2022,81,49,2);
INSERT INTO grading (episode_id,episode_year,judge_chef_id,participant_chef_id,grade) VALUES (10,2022,81,34,3);
INSERT INTO grading (episode_id,episode_year,judge_chef_id,participant_chef_id,grade) VALUES (10,2022,81,38,4);
INSERT INTO grading (episode_id,episode_year,judge_chef_id,participant_chef_id,grade) VALUES (10,2022,81,50,1);
INSERT INTO grading (episode_id,episode_year,judge_chef_id,participant_chef_id,grade) VALUES (10,2022,81,62,3);
INSERT INTO grading (episode_id,episode_year,judge_chef_id,participant_chef_id,grade) VALUES (10,2022,11,60,5);
INSERT INTO grading (episode_id,episode_year,judge_chef_id,participant_chef_id,grade) VALUES (10,2022,11,3,2);
INSERT INTO grading (episode_id,episode_year,judge_chef_id,participant_chef_id,grade) VALUES (10,2022,11,65,3);
INSERT INTO grading (episode_id,episode_year,judge_chef_id,participant_chef_id,grade) VALUES (10,2022,11,22,2);
INSERT INTO grading (episode_id,episode_year,judge_chef_id,participant_chef_id,grade) VALUES (10,2022,11,10,5);
INSERT INTO grading (episode_id,episode_year,judge_chef_id,participant_chef_id,grade) VALUES (10,2022,11,49,3);
INSERT INTO grading (episode_id,episode_year,judge_chef_id,participant_chef_id,grade) VALUES (10,2022,11,34,4);
INSERT INTO grading (episode_id,episode_year,judge_chef_id,participant_chef_id,grade) VALUES (10,2022,11,38,3);
INSERT INTO grading (episode_id,episode_year,judge_chef_id,participant_chef_id,grade) VALUES (10,2022,11,50,5);
INSERT INTO grading (episode_id,episode_year,judge_chef_id,participant_chef_id,grade) VALUES (10,2022,11,62,4);
INSERT INTO grading (episode_id,episode_year,judge_chef_id,participant_chef_id,grade) VALUES (1,2023,30,23,5);
INSERT INTO grading (episode_id,episode_year,judge_chef_id,participant_chef_id,grade) VALUES (1,2023,30,50,3);
INSERT INTO grading (episode_id,episode_year,judge_chef_id,participant_chef_id,grade) VALUES (1,2023,30,25,1);
INSERT INTO grading (episode_id,episode_year,judge_chef_id,participant_chef_id,grade) VALUES (1,2023,30,9,2);
INSERT INTO grading (episode_id,episode_year,judge_chef_id,participant_chef_id,grade) VALUES (1,2023,30,34,3);
INSERT INTO grading (episode_id,episode_year,judge_chef_id,participant_chef_id,grade) VALUES (1,2023,30,46,4);
INSERT INTO grading (episode_id,episode_year,judge_chef_id,participant_chef_id,grade) VALUES (1,2023,30,90,5);
INSERT INTO grading (episode_id,episode_year,judge_chef_id,participant_chef_id,grade) VALUES (1,2023,30,72,3);
INSERT INTO grading (episode_id,episode_year,judge_chef_id,participant_chef_id,grade) VALUES (1,2023,30,47,2);
INSERT INTO grading (episode_id,episode_year,judge_chef_id,participant_chef_id,grade) VALUES (1,2023,30,96,5);
INSERT INTO grading (episode_id,episode_year,judge_chef_id,participant_chef_id,grade) VALUES (1,2023,76,23,2);
INSERT INTO grading (episode_id,episode_year,judge_chef_id,participant_chef_id,grade) VALUES (1,2023,76,50,1);
INSERT INTO grading (episode_id,episode_year,judge_chef_id,participant_chef_id,grade) VALUES (1,2023,76,25,2);
INSERT INTO grading (episode_id,episode_year,judge_chef_id,participant_chef_id,grade) VALUES (1,2023,76,9,3);
INSERT INTO grading (episode_id,episode_year,judge_chef_id,participant_chef_id,grade) VALUES (1,2023,76,34,3);
INSERT INTO grading (episode_id,episode_year,judge_chef_id,participant_chef_id,grade) VALUES (1,2023,76,46,1);
INSERT INTO grading (episode_id,episode_year,judge_chef_id,participant_chef_id,grade) VALUES (1,2023,76,90,2);
INSERT INTO grading (episode_id,episode_year,judge_chef_id,participant_chef_id,grade) VALUES (1,2023,76,72,5);
INSERT INTO grading (episode_id,episode_year,judge_chef_id,participant_chef_id,grade) VALUES (1,2023,76,47,3);
INSERT INTO grading (episode_id,episode_year,judge_chef_id,participant_chef_id,grade) VALUES (1,2023,76,96,1);
INSERT INTO grading (episode_id,episode_year,judge_chef_id,participant_chef_id,grade) VALUES (1,2023,63,23,4);
INSERT INTO grading (episode_id,episode_year,judge_chef_id,participant_chef_id,grade) VALUES (1,2023,63,50,2);
INSERT INTO grading (episode_id,episode_year,judge_chef_id,participant_chef_id,grade) VALUES (1,2023,63,25,5);
INSERT INTO grading (episode_id,episode_year,judge_chef_id,participant_chef_id,grade) VALUES (1,2023,63,9,2);
INSERT INTO grading (episode_id,episode_year,judge_chef_id,participant_chef_id,grade) VALUES (1,2023,63,34,3);
INSERT INTO grading (episode_id,episode_year,judge_chef_id,participant_chef_id,grade) VALUES (1,2023,63,46,5);
INSERT INTO grading (episode_id,episode_year,judge_chef_id,participant_chef_id,grade) VALUES (1,2023,63,90,5);
INSERT INTO grading (episode_id,episode_year,judge_chef_id,participant_chef_id,grade) VALUES (1,2023,63,72,4);
INSERT INTO grading (episode_id,episode_year,judge_chef_id,participant_chef_id,grade) VALUES (1,2023,63,47,4);
INSERT INTO grading (episode_id,episode_year,judge_chef_id,participant_chef_id,grade) VALUES (1,2023,63,96,1);
INSERT INTO grading (episode_id,episode_year,judge_chef_id,participant_chef_id,grade) VALUES (2,2023,100,19,4);
INSERT INTO grading (episode_id,episode_year,judge_chef_id,participant_chef_id,grade) VALUES (2,2023,100,65,3);
INSERT INTO grading (episode_id,episode_year,judge_chef_id,participant_chef_id,grade) VALUES (2,2023,100,25,2);
INSERT INTO grading (episode_id,episode_year,judge_chef_id,participant_chef_id,grade) VALUES (2,2023,100,27,5);
INSERT INTO grading (episode_id,episode_year,judge_chef_id,participant_chef_id,grade) VALUES (2,2023,100,22,1);
INSERT INTO grading (episode_id,episode_year,judge_chef_id,participant_chef_id,grade) VALUES (2,2023,100,11,5);
INSERT INTO grading (episode_id,episode_year,judge_chef_id,participant_chef_id,grade) VALUES (2,2023,100,44,1);
INSERT INTO grading (episode_id,episode_year,judge_chef_id,participant_chef_id,grade) VALUES (2,2023,100,60,2);
INSERT INTO grading (episode_id,episode_year,judge_chef_id,participant_chef_id,grade) VALUES (2,2023,100,20,2);
INSERT INTO grading (episode_id,episode_year,judge_chef_id,participant_chef_id,grade) VALUES (2,2023,100,13,2);
INSERT INTO grading (episode_id,episode_year,judge_chef_id,participant_chef_id,grade) VALUES (2,2023,14,19,4);
INSERT INTO grading (episode_id,episode_year,judge_chef_id,participant_chef_id,grade) VALUES (2,2023,14,65,1);
INSERT INTO grading (episode_id,episode_year,judge_chef_id,participant_chef_id,grade) VALUES (2,2023,14,25,4);
INSERT INTO grading (episode_id,episode_year,judge_chef_id,participant_chef_id,grade) VALUES (2,2023,14,27,2);
INSERT INTO grading (episode_id,episode_year,judge_chef_id,participant_chef_id,grade) VALUES (2,2023,14,22,2);
INSERT INTO grading (episode_id,episode_year,judge_chef_id,participant_chef_id,grade) VALUES (2,2023,14,11,5);
INSERT INTO grading (episode_id,episode_year,judge_chef_id,participant_chef_id,grade) VALUES (2,2023,14,44,3);
INSERT INTO grading (episode_id,episode_year,judge_chef_id,participant_chef_id,grade) VALUES (2,2023,14,60,2);
INSERT INTO grading (episode_id,episode_year,judge_chef_id,participant_chef_id,grade) VALUES (2,2023,14,20,1);
INSERT INTO grading (episode_id,episode_year,judge_chef_id,participant_chef_id,grade) VALUES (2,2023,14,13,3);
INSERT INTO grading (episode_id,episode_year,judge_chef_id,participant_chef_id,grade) VALUES (2,2023,64,19,1);
INSERT INTO grading (episode_id,episode_year,judge_chef_id,participant_chef_id,grade) VALUES (2,2023,64,65,4);
INSERT INTO grading (episode_id,episode_year,judge_chef_id,participant_chef_id,grade) VALUES (2,2023,64,25,5);
INSERT INTO grading (episode_id,episode_year,judge_chef_id,participant_chef_id,grade) VALUES (2,2023,64,27,5);
INSERT INTO grading (episode_id,episode_year,judge_chef_id,participant_chef_id,grade) VALUES (2,2023,64,22,5);
INSERT INTO grading (episode_id,episode_year,judge_chef_id,participant_chef_id,grade) VALUES (2,2023,64,11,3);
INSERT INTO grading (episode_id,episode_year,judge_chef_id,participant_chef_id,grade) VALUES (2,2023,64,44,1);
INSERT INTO grading (episode_id,episode_year,judge_chef_id,participant_chef_id,grade) VALUES (2,2023,64,60,3);
INSERT INTO grading (episode_id,episode_year,judge_chef_id,participant_chef_id,grade) VALUES (2,2023,64,20,1);
INSERT INTO grading (episode_id,episode_year,judge_chef_id,participant_chef_id,grade) VALUES (2,2023,64,13,1);
INSERT INTO grading (episode_id,episode_year,judge_chef_id,participant_chef_id,grade) VALUES (3,2023,42,67,4);
INSERT INTO grading (episode_id,episode_year,judge_chef_id,participant_chef_id,grade) VALUES (3,2023,42,58,1);
INSERT INTO grading (episode_id,episode_year,judge_chef_id,participant_chef_id,grade) VALUES (3,2023,42,6,4);
INSERT INTO grading (episode_id,episode_year,judge_chef_id,participant_chef_id,grade) VALUES (3,2023,42,68,3);
INSERT INTO grading (episode_id,episode_year,judge_chef_id,participant_chef_id,grade) VALUES (3,2023,42,80,3);
INSERT INTO grading (episode_id,episode_year,judge_chef_id,participant_chef_id,grade) VALUES (3,2023,42,90,1);
INSERT INTO grading (episode_id,episode_year,judge_chef_id,participant_chef_id,grade) VALUES (3,2023,42,50,5);
INSERT INTO grading (episode_id,episode_year,judge_chef_id,participant_chef_id,grade) VALUES (3,2023,42,49,3);
INSERT INTO grading (episode_id,episode_year,judge_chef_id,participant_chef_id,grade) VALUES (3,2023,42,22,5);
INSERT INTO grading (episode_id,episode_year,judge_chef_id,participant_chef_id,grade) VALUES (3,2023,42,44,2);
INSERT INTO grading (episode_id,episode_year,judge_chef_id,participant_chef_id,grade) VALUES (3,2023,39,67,1);
INSERT INTO grading (episode_id,episode_year,judge_chef_id,participant_chef_id,grade) VALUES (3,2023,39,58,2);
INSERT INTO grading (episode_id,episode_year,judge_chef_id,participant_chef_id,grade) VALUES (3,2023,39,6,2);
INSERT INTO grading (episode_id,episode_year,judge_chef_id,participant_chef_id,grade) VALUES (3,2023,39,68,5);
INSERT INTO grading (episode_id,episode_year,judge_chef_id,participant_chef_id,grade) VALUES (3,2023,39,80,4);
INSERT INTO grading (episode_id,episode_year,judge_chef_id,participant_chef_id,grade) VALUES (3,2023,39,90,2);
INSERT INTO grading (episode_id,episode_year,judge_chef_id,participant_chef_id,grade) VALUES (3,2023,39,50,4);
INSERT INTO grading (episode_id,episode_year,judge_chef_id,participant_chef_id,grade) VALUES (3,2023,39,49,5);
INSERT INTO grading (episode_id,episode_year,judge_chef_id,participant_chef_id,grade) VALUES (3,2023,39,22,5);
INSERT INTO grading (episode_id,episode_year,judge_chef_id,participant_chef_id,grade) VALUES (3,2023,39,44,4);
INSERT INTO grading (episode_id,episode_year,judge_chef_id,participant_chef_id,grade) VALUES (3,2023,92,67,3);
INSERT INTO grading (episode_id,episode_year,judge_chef_id,participant_chef_id,grade) VALUES (3,2023,92,58,4);
INSERT INTO grading (episode_id,episode_year,judge_chef_id,participant_chef_id,grade) VALUES (3,2023,92,6,4);
INSERT INTO grading (episode_id,episode_year,judge_chef_id,participant_chef_id,grade) VALUES (3,2023,92,68,2);
INSERT INTO grading (episode_id,episode_year,judge_chef_id,participant_chef_id,grade) VALUES (3,2023,92,80,1);
INSERT INTO grading (episode_id,episode_year,judge_chef_id,participant_chef_id,grade) VALUES (3,2023,92,90,3);
INSERT INTO grading (episode_id,episode_year,judge_chef_id,participant_chef_id,grade) VALUES (3,2023,92,50,3);
INSERT INTO grading (episode_id,episode_year,judge_chef_id,participant_chef_id,grade) VALUES (3,2023,92,49,3);
INSERT INTO grading (episode_id,episode_year,judge_chef_id,participant_chef_id,grade) VALUES (3,2023,92,22,3);
INSERT INTO grading (episode_id,episode_year,judge_chef_id,participant_chef_id,grade) VALUES (3,2023,92,44,4);
INSERT INTO grading (episode_id,episode_year,judge_chef_id,participant_chef_id,grade) VALUES (4,2023,8,33,1);
INSERT INTO grading (episode_id,episode_year,judge_chef_id,participant_chef_id,grade) VALUES (4,2023,8,14,5);
INSERT INTO grading (episode_id,episode_year,judge_chef_id,participant_chef_id,grade) VALUES (4,2023,8,19,1);
INSERT INTO grading (episode_id,episode_year,judge_chef_id,participant_chef_id,grade) VALUES (4,2023,8,67,5);
INSERT INTO grading (episode_id,episode_year,judge_chef_id,participant_chef_id,grade) VALUES (4,2023,8,66,3);
INSERT INTO grading (episode_id,episode_year,judge_chef_id,participant_chef_id,grade) VALUES (4,2023,8,4,3);
INSERT INTO grading (episode_id,episode_year,judge_chef_id,participant_chef_id,grade) VALUES (4,2023,8,11,4);
INSERT INTO grading (episode_id,episode_year,judge_chef_id,participant_chef_id,grade) VALUES (4,2023,8,78,4);
INSERT INTO grading (episode_id,episode_year,judge_chef_id,participant_chef_id,grade) VALUES (4,2023,8,37,4);
INSERT INTO grading (episode_id,episode_year,judge_chef_id,participant_chef_id,grade) VALUES (4,2023,8,60,4);
INSERT INTO grading (episode_id,episode_year,judge_chef_id,participant_chef_id,grade) VALUES (4,2023,3,33,4);
INSERT INTO grading (episode_id,episode_year,judge_chef_id,participant_chef_id,grade) VALUES (4,2023,3,14,2);
INSERT INTO grading (episode_id,episode_year,judge_chef_id,participant_chef_id,grade) VALUES (4,2023,3,19,1);
INSERT INTO grading (episode_id,episode_year,judge_chef_id,participant_chef_id,grade) VALUES (4,2023,3,67,2);
INSERT INTO grading (episode_id,episode_year,judge_chef_id,participant_chef_id,grade) VALUES (4,2023,3,66,5);
INSERT INTO grading (episode_id,episode_year,judge_chef_id,participant_chef_id,grade) VALUES (4,2023,3,4,5);
INSERT INTO grading (episode_id,episode_year,judge_chef_id,participant_chef_id,grade) VALUES (4,2023,3,11,1);
INSERT INTO grading (episode_id,episode_year,judge_chef_id,participant_chef_id,grade) VALUES (4,2023,3,78,3);
INSERT INTO grading (episode_id,episode_year,judge_chef_id,participant_chef_id,grade) VALUES (4,2023,3,37,1);
INSERT INTO grading (episode_id,episode_year,judge_chef_id,participant_chef_id,grade) VALUES (4,2023,3,60,4);
INSERT INTO grading (episode_id,episode_year,judge_chef_id,participant_chef_id,grade) VALUES (4,2023,54,33,3);
INSERT INTO grading (episode_id,episode_year,judge_chef_id,participant_chef_id,grade) VALUES (4,2023,54,14,1);
INSERT INTO grading (episode_id,episode_year,judge_chef_id,participant_chef_id,grade) VALUES (4,2023,54,19,4);
INSERT INTO grading (episode_id,episode_year,judge_chef_id,participant_chef_id,grade) VALUES (4,2023,54,67,4);
INSERT INTO grading (episode_id,episode_year,judge_chef_id,participant_chef_id,grade) VALUES (4,2023,54,66,1);
INSERT INTO grading (episode_id,episode_year,judge_chef_id,participant_chef_id,grade) VALUES (4,2023,54,4,4);
INSERT INTO grading (episode_id,episode_year,judge_chef_id,participant_chef_id,grade) VALUES (4,2023,54,11,4);
INSERT INTO grading (episode_id,episode_year,judge_chef_id,participant_chef_id,grade) VALUES (4,2023,54,78,2);
INSERT INTO grading (episode_id,episode_year,judge_chef_id,participant_chef_id,grade) VALUES (4,2023,54,37,5);
INSERT INTO grading (episode_id,episode_year,judge_chef_id,participant_chef_id,grade) VALUES (4,2023,54,60,2);
INSERT INTO grading (episode_id,episode_year,judge_chef_id,participant_chef_id,grade) VALUES (5,2023,89,2,5);
INSERT INTO grading (episode_id,episode_year,judge_chef_id,participant_chef_id,grade) VALUES (5,2023,89,19,2);
INSERT INTO grading (episode_id,episode_year,judge_chef_id,participant_chef_id,grade) VALUES (5,2023,89,69,3);
INSERT INTO grading (episode_id,episode_year,judge_chef_id,participant_chef_id,grade) VALUES (5,2023,89,14,1);
INSERT INTO grading (episode_id,episode_year,judge_chef_id,participant_chef_id,grade) VALUES (5,2023,89,78,1);
INSERT INTO grading (episode_id,episode_year,judge_chef_id,participant_chef_id,grade) VALUES (5,2023,89,20,5);
INSERT INTO grading (episode_id,episode_year,judge_chef_id,participant_chef_id,grade) VALUES (5,2023,89,90,4);
INSERT INTO grading (episode_id,episode_year,judge_chef_id,participant_chef_id,grade) VALUES (5,2023,89,95,2);
INSERT INTO grading (episode_id,episode_year,judge_chef_id,participant_chef_id,grade) VALUES (5,2023,89,91,1);
INSERT INTO grading (episode_id,episode_year,judge_chef_id,participant_chef_id,grade) VALUES (5,2023,89,42,1);
INSERT INTO grading (episode_id,episode_year,judge_chef_id,participant_chef_id,grade) VALUES (5,2023,16,2,3);
INSERT INTO grading (episode_id,episode_year,judge_chef_id,participant_chef_id,grade) VALUES (5,2023,16,19,3);
INSERT INTO grading (episode_id,episode_year,judge_chef_id,participant_chef_id,grade) VALUES (5,2023,16,69,3);
INSERT INTO grading (episode_id,episode_year,judge_chef_id,participant_chef_id,grade) VALUES (5,2023,16,14,2);
INSERT INTO grading (episode_id,episode_year,judge_chef_id,participant_chef_id,grade) VALUES (5,2023,16,78,2);
INSERT INTO grading (episode_id,episode_year,judge_chef_id,participant_chef_id,grade) VALUES (5,2023,16,20,5);
INSERT INTO grading (episode_id,episode_year,judge_chef_id,participant_chef_id,grade) VALUES (5,2023,16,90,3);
INSERT INTO grading (episode_id,episode_year,judge_chef_id,participant_chef_id,grade) VALUES (5,2023,16,95,1);
INSERT INTO grading (episode_id,episode_year,judge_chef_id,participant_chef_id,grade) VALUES (5,2023,16,91,1);
INSERT INTO grading (episode_id,episode_year,judge_chef_id,participant_chef_id,grade) VALUES (5,2023,16,42,1);
INSERT INTO grading (episode_id,episode_year,judge_chef_id,participant_chef_id,grade) VALUES (5,2023,7,2,5);
INSERT INTO grading (episode_id,episode_year,judge_chef_id,participant_chef_id,grade) VALUES (5,2023,7,19,3);
INSERT INTO grading (episode_id,episode_year,judge_chef_id,participant_chef_id,grade) VALUES (5,2023,7,69,3);
INSERT INTO grading (episode_id,episode_year,judge_chef_id,participant_chef_id,grade) VALUES (5,2023,7,14,5);
INSERT INTO grading (episode_id,episode_year,judge_chef_id,participant_chef_id,grade) VALUES (5,2023,7,78,1);
INSERT INTO grading (episode_id,episode_year,judge_chef_id,participant_chef_id,grade) VALUES (5,2023,7,20,1);
INSERT INTO grading (episode_id,episode_year,judge_chef_id,participant_chef_id,grade) VALUES (5,2023,7,90,4);
INSERT INTO grading (episode_id,episode_year,judge_chef_id,participant_chef_id,grade) VALUES (5,2023,7,95,1);
INSERT INTO grading (episode_id,episode_year,judge_chef_id,participant_chef_id,grade) VALUES (5,2023,7,91,3);
INSERT INTO grading (episode_id,episode_year,judge_chef_id,participant_chef_id,grade) VALUES (5,2023,7,42,2);
INSERT INTO grading (episode_id,episode_year,judge_chef_id,participant_chef_id,grade) VALUES (6,2023,79,73,2);
INSERT INTO grading (episode_id,episode_year,judge_chef_id,participant_chef_id,grade) VALUES (6,2023,79,88,4);
INSERT INTO grading (episode_id,episode_year,judge_chef_id,participant_chef_id,grade) VALUES (6,2023,79,81,5);
INSERT INTO grading (episode_id,episode_year,judge_chef_id,participant_chef_id,grade) VALUES (6,2023,79,17,5);
INSERT INTO grading (episode_id,episode_year,judge_chef_id,participant_chef_id,grade) VALUES (6,2023,79,28,5);
INSERT INTO grading (episode_id,episode_year,judge_chef_id,participant_chef_id,grade) VALUES (6,2023,79,78,1);
INSERT INTO grading (episode_id,episode_year,judge_chef_id,participant_chef_id,grade) VALUES (6,2023,79,24,1);
INSERT INTO grading (episode_id,episode_year,judge_chef_id,participant_chef_id,grade) VALUES (6,2023,79,67,5);
INSERT INTO grading (episode_id,episode_year,judge_chef_id,participant_chef_id,grade) VALUES (6,2023,79,62,1);
INSERT INTO grading (episode_id,episode_year,judge_chef_id,participant_chef_id,grade) VALUES (6,2023,79,90,5);
INSERT INTO grading (episode_id,episode_year,judge_chef_id,participant_chef_id,grade) VALUES (6,2023,86,73,2);
INSERT INTO grading (episode_id,episode_year,judge_chef_id,participant_chef_id,grade) VALUES (6,2023,86,88,1);
INSERT INTO grading (episode_id,episode_year,judge_chef_id,participant_chef_id,grade) VALUES (6,2023,86,81,1);
INSERT INTO grading (episode_id,episode_year,judge_chef_id,participant_chef_id,grade) VALUES (6,2023,86,17,5);
INSERT INTO grading (episode_id,episode_year,judge_chef_id,participant_chef_id,grade) VALUES (6,2023,86,28,2);
INSERT INTO grading (episode_id,episode_year,judge_chef_id,participant_chef_id,grade) VALUES (6,2023,86,78,5);
INSERT INTO grading (episode_id,episode_year,judge_chef_id,participant_chef_id,grade) VALUES (6,2023,86,24,3);
INSERT INTO grading (episode_id,episode_year,judge_chef_id,participant_chef_id,grade) VALUES (6,2023,86,67,3);
INSERT INTO grading (episode_id,episode_year,judge_chef_id,participant_chef_id,grade) VALUES (6,2023,86,62,1);
INSERT INTO grading (episode_id,episode_year,judge_chef_id,participant_chef_id,grade) VALUES (6,2023,86,90,5);
INSERT INTO grading (episode_id,episode_year,judge_chef_id,participant_chef_id,grade) VALUES (6,2023,39,73,3);
INSERT INTO grading (episode_id,episode_year,judge_chef_id,participant_chef_id,grade) VALUES (6,2023,39,88,2);
INSERT INTO grading (episode_id,episode_year,judge_chef_id,participant_chef_id,grade) VALUES (6,2023,39,81,3);
INSERT INTO grading (episode_id,episode_year,judge_chef_id,participant_chef_id,grade) VALUES (6,2023,39,17,2);
INSERT INTO grading (episode_id,episode_year,judge_chef_id,participant_chef_id,grade) VALUES (6,2023,39,28,4);
INSERT INTO grading (episode_id,episode_year,judge_chef_id,participant_chef_id,grade) VALUES (6,2023,39,78,5);
INSERT INTO grading (episode_id,episode_year,judge_chef_id,participant_chef_id,grade) VALUES (6,2023,39,24,4);
INSERT INTO grading (episode_id,episode_year,judge_chef_id,participant_chef_id,grade) VALUES (6,2023,39,67,3);
INSERT INTO grading (episode_id,episode_year,judge_chef_id,participant_chef_id,grade) VALUES (6,2023,39,62,5);
INSERT INTO grading (episode_id,episode_year,judge_chef_id,participant_chef_id,grade) VALUES (6,2023,39,90,5);
INSERT INTO grading (episode_id,episode_year,judge_chef_id,participant_chef_id,grade) VALUES (7,2023,57,80,3);
INSERT INTO grading (episode_id,episode_year,judge_chef_id,participant_chef_id,grade) VALUES (7,2023,57,72,2);
INSERT INTO grading (episode_id,episode_year,judge_chef_id,participant_chef_id,grade) VALUES (7,2023,57,6,3);
INSERT INTO grading (episode_id,episode_year,judge_chef_id,participant_chef_id,grade) VALUES (7,2023,57,42,4);
INSERT INTO grading (episode_id,episode_year,judge_chef_id,participant_chef_id,grade) VALUES (7,2023,57,100,1);
INSERT INTO grading (episode_id,episode_year,judge_chef_id,participant_chef_id,grade) VALUES (7,2023,57,56,5);
INSERT INTO grading (episode_id,episode_year,judge_chef_id,participant_chef_id,grade) VALUES (7,2023,57,89,5);
INSERT INTO grading (episode_id,episode_year,judge_chef_id,participant_chef_id,grade) VALUES (7,2023,57,9,3);
INSERT INTO grading (episode_id,episode_year,judge_chef_id,participant_chef_id,grade) VALUES (7,2023,57,73,2);
INSERT INTO grading (episode_id,episode_year,judge_chef_id,participant_chef_id,grade) VALUES (7,2023,57,79,2);
INSERT INTO grading (episode_id,episode_year,judge_chef_id,participant_chef_id,grade) VALUES (7,2023,60,80,5);
INSERT INTO grading (episode_id,episode_year,judge_chef_id,participant_chef_id,grade) VALUES (7,2023,60,72,5);
INSERT INTO grading (episode_id,episode_year,judge_chef_id,participant_chef_id,grade) VALUES (7,2023,60,6,2);
INSERT INTO grading (episode_id,episode_year,judge_chef_id,participant_chef_id,grade) VALUES (7,2023,60,42,5);
INSERT INTO grading (episode_id,episode_year,judge_chef_id,participant_chef_id,grade) VALUES (7,2023,60,100,1);
INSERT INTO grading (episode_id,episode_year,judge_chef_id,participant_chef_id,grade) VALUES (7,2023,60,56,1);
INSERT INTO grading (episode_id,episode_year,judge_chef_id,participant_chef_id,grade) VALUES (7,2023,60,89,2);
INSERT INTO grading (episode_id,episode_year,judge_chef_id,participant_chef_id,grade) VALUES (7,2023,60,9,3);
INSERT INTO grading (episode_id,episode_year,judge_chef_id,participant_chef_id,grade) VALUES (7,2023,60,73,5);
INSERT INTO grading (episode_id,episode_year,judge_chef_id,participant_chef_id,grade) VALUES (7,2023,60,79,5);
INSERT INTO grading (episode_id,episode_year,judge_chef_id,participant_chef_id,grade) VALUES (7,2023,59,80,5);
INSERT INTO grading (episode_id,episode_year,judge_chef_id,participant_chef_id,grade) VALUES (7,2023,59,72,2);
INSERT INTO grading (episode_id,episode_year,judge_chef_id,participant_chef_id,grade) VALUES (7,2023,59,6,2);
INSERT INTO grading (episode_id,episode_year,judge_chef_id,participant_chef_id,grade) VALUES (7,2023,59,42,1);
INSERT INTO grading (episode_id,episode_year,judge_chef_id,participant_chef_id,grade) VALUES (7,2023,59,100,2);
INSERT INTO grading (episode_id,episode_year,judge_chef_id,participant_chef_id,grade) VALUES (7,2023,59,56,3);
INSERT INTO grading (episode_id,episode_year,judge_chef_id,participant_chef_id,grade) VALUES (7,2023,59,89,5);
INSERT INTO grading (episode_id,episode_year,judge_chef_id,participant_chef_id,grade) VALUES (7,2023,59,9,5);
INSERT INTO grading (episode_id,episode_year,judge_chef_id,participant_chef_id,grade) VALUES (7,2023,59,73,3);
INSERT INTO grading (episode_id,episode_year,judge_chef_id,participant_chef_id,grade) VALUES (7,2023,59,79,3);
INSERT INTO grading (episode_id,episode_year,judge_chef_id,participant_chef_id,grade) VALUES (8,2023,63,65,4);
INSERT INTO grading (episode_id,episode_year,judge_chef_id,participant_chef_id,grade) VALUES (8,2023,63,56,2);
INSERT INTO grading (episode_id,episode_year,judge_chef_id,participant_chef_id,grade) VALUES (8,2023,63,82,3);
INSERT INTO grading (episode_id,episode_year,judge_chef_id,participant_chef_id,grade) VALUES (8,2023,63,53,4);
INSERT INTO grading (episode_id,episode_year,judge_chef_id,participant_chef_id,grade) VALUES (8,2023,63,84,4);
INSERT INTO grading (episode_id,episode_year,judge_chef_id,participant_chef_id,grade) VALUES (8,2023,63,13,4);
INSERT INTO grading (episode_id,episode_year,judge_chef_id,participant_chef_id,grade) VALUES (8,2023,63,44,3);
INSERT INTO grading (episode_id,episode_year,judge_chef_id,participant_chef_id,grade) VALUES (8,2023,63,34,2);
INSERT INTO grading (episode_id,episode_year,judge_chef_id,participant_chef_id,grade) VALUES (8,2023,63,73,1);
INSERT INTO grading (episode_id,episode_year,judge_chef_id,participant_chef_id,grade) VALUES (8,2023,63,10,3);
INSERT INTO grading (episode_id,episode_year,judge_chef_id,participant_chef_id,grade) VALUES (8,2023,14,65,1);
INSERT INTO grading (episode_id,episode_year,judge_chef_id,participant_chef_id,grade) VALUES (8,2023,14,56,2);
INSERT INTO grading (episode_id,episode_year,judge_chef_id,participant_chef_id,grade) VALUES (8,2023,14,82,4);
INSERT INTO grading (episode_id,episode_year,judge_chef_id,participant_chef_id,grade) VALUES (8,2023,14,53,5);
INSERT INTO grading (episode_id,episode_year,judge_chef_id,participant_chef_id,grade) VALUES (8,2023,14,84,3);
INSERT INTO grading (episode_id,episode_year,judge_chef_id,participant_chef_id,grade) VALUES (8,2023,14,13,2);
INSERT INTO grading (episode_id,episode_year,judge_chef_id,participant_chef_id,grade) VALUES (8,2023,14,44,1);
INSERT INTO grading (episode_id,episode_year,judge_chef_id,participant_chef_id,grade) VALUES (8,2023,14,34,4);
INSERT INTO grading (episode_id,episode_year,judge_chef_id,participant_chef_id,grade) VALUES (8,2023,14,73,4);
INSERT INTO grading (episode_id,episode_year,judge_chef_id,participant_chef_id,grade) VALUES (8,2023,14,10,5);
INSERT INTO grading (episode_id,episode_year,judge_chef_id,participant_chef_id,grade) VALUES (8,2023,87,65,5);
INSERT INTO grading (episode_id,episode_year,judge_chef_id,participant_chef_id,grade) VALUES (8,2023,87,56,2);
INSERT INTO grading (episode_id,episode_year,judge_chef_id,participant_chef_id,grade) VALUES (8,2023,87,82,3);
INSERT INTO grading (episode_id,episode_year,judge_chef_id,participant_chef_id,grade) VALUES (8,2023,87,53,1);
INSERT INTO grading (episode_id,episode_year,judge_chef_id,participant_chef_id,grade) VALUES (8,2023,87,84,5);
INSERT INTO grading (episode_id,episode_year,judge_chef_id,participant_chef_id,grade) VALUES (8,2023,87,13,1);
INSERT INTO grading (episode_id,episode_year,judge_chef_id,participant_chef_id,grade) VALUES (8,2023,87,44,3);
INSERT INTO grading (episode_id,episode_year,judge_chef_id,participant_chef_id,grade) VALUES (8,2023,87,34,3);
INSERT INTO grading (episode_id,episode_year,judge_chef_id,participant_chef_id,grade) VALUES (8,2023,87,73,4);
INSERT INTO grading (episode_id,episode_year,judge_chef_id,participant_chef_id,grade) VALUES (8,2023,87,10,1);
INSERT INTO grading (episode_id,episode_year,judge_chef_id,participant_chef_id,grade) VALUES (9,2023,63,89,4);
INSERT INTO grading (episode_id,episode_year,judge_chef_id,participant_chef_id,grade) VALUES (9,2023,63,14,3);
INSERT INTO grading (episode_id,episode_year,judge_chef_id,participant_chef_id,grade) VALUES (9,2023,63,11,5);
INSERT INTO grading (episode_id,episode_year,judge_chef_id,participant_chef_id,grade) VALUES (9,2023,63,18,4);
INSERT INTO grading (episode_id,episode_year,judge_chef_id,participant_chef_id,grade) VALUES (9,2023,63,38,3);
INSERT INTO grading (episode_id,episode_year,judge_chef_id,participant_chef_id,grade) VALUES (9,2023,63,46,3);
INSERT INTO grading (episode_id,episode_year,judge_chef_id,participant_chef_id,grade) VALUES (9,2023,63,73,5);
INSERT INTO grading (episode_id,episode_year,judge_chef_id,participant_chef_id,grade) VALUES (9,2023,63,95,5);
INSERT INTO grading (episode_id,episode_year,judge_chef_id,participant_chef_id,grade) VALUES (9,2023,63,35,4);
INSERT INTO grading (episode_id,episode_year,judge_chef_id,participant_chef_id,grade) VALUES (9,2023,63,67,3);
INSERT INTO grading (episode_id,episode_year,judge_chef_id,participant_chef_id,grade) VALUES (9,2023,59,89,3);
INSERT INTO grading (episode_id,episode_year,judge_chef_id,participant_chef_id,grade) VALUES (9,2023,59,14,1);
INSERT INTO grading (episode_id,episode_year,judge_chef_id,participant_chef_id,grade) VALUES (9,2023,59,11,3);
INSERT INTO grading (episode_id,episode_year,judge_chef_id,participant_chef_id,grade) VALUES (9,2023,59,18,4);
INSERT INTO grading (episode_id,episode_year,judge_chef_id,participant_chef_id,grade) VALUES (9,2023,59,38,5);
INSERT INTO grading (episode_id,episode_year,judge_chef_id,participant_chef_id,grade) VALUES (9,2023,59,46,5);
INSERT INTO grading (episode_id,episode_year,judge_chef_id,participant_chef_id,grade) VALUES (9,2023,59,73,2);
INSERT INTO grading (episode_id,episode_year,judge_chef_id,participant_chef_id,grade) VALUES (9,2023,59,95,3);
INSERT INTO grading (episode_id,episode_year,judge_chef_id,participant_chef_id,grade) VALUES (9,2023,59,35,3);
INSERT INTO grading (episode_id,episode_year,judge_chef_id,participant_chef_id,grade) VALUES (9,2023,59,67,4);
INSERT INTO grading (episode_id,episode_year,judge_chef_id,participant_chef_id,grade) VALUES (9,2023,39,89,1);
INSERT INTO grading (episode_id,episode_year,judge_chef_id,participant_chef_id,grade) VALUES (9,2023,39,14,2);
INSERT INTO grading (episode_id,episode_year,judge_chef_id,participant_chef_id,grade) VALUES (9,2023,39,11,2);
INSERT INTO grading (episode_id,episode_year,judge_chef_id,participant_chef_id,grade) VALUES (9,2023,39,18,5);
INSERT INTO grading (episode_id,episode_year,judge_chef_id,participant_chef_id,grade) VALUES (9,2023,39,38,2);
INSERT INTO grading (episode_id,episode_year,judge_chef_id,participant_chef_id,grade) VALUES (9,2023,39,46,1);
INSERT INTO grading (episode_id,episode_year,judge_chef_id,participant_chef_id,grade) VALUES (9,2023,39,73,5);
INSERT INTO grading (episode_id,episode_year,judge_chef_id,participant_chef_id,grade) VALUES (9,2023,39,95,2);
INSERT INTO grading (episode_id,episode_year,judge_chef_id,participant_chef_id,grade) VALUES (9,2023,39,35,2);
INSERT INTO grading (episode_id,episode_year,judge_chef_id,participant_chef_id,grade) VALUES (9,2023,39,67,3);
INSERT INTO grading (episode_id,episode_year,judge_chef_id,participant_chef_id,grade) VALUES (10,2023,34,20,1);
INSERT INTO grading (episode_id,episode_year,judge_chef_id,participant_chef_id,grade) VALUES (10,2023,34,94,1);
INSERT INTO grading (episode_id,episode_year,judge_chef_id,participant_chef_id,grade) VALUES (10,2023,34,93,4);
INSERT INTO grading (episode_id,episode_year,judge_chef_id,participant_chef_id,grade) VALUES (10,2023,34,24,5);
INSERT INTO grading (episode_id,episode_year,judge_chef_id,participant_chef_id,grade) VALUES (10,2023,34,76,2);
INSERT INTO grading (episode_id,episode_year,judge_chef_id,participant_chef_id,grade) VALUES (10,2023,34,38,5);
INSERT INTO grading (episode_id,episode_year,judge_chef_id,participant_chef_id,grade) VALUES (10,2023,34,69,5);
INSERT INTO grading (episode_id,episode_year,judge_chef_id,participant_chef_id,grade) VALUES (10,2023,34,48,2);
INSERT INTO grading (episode_id,episode_year,judge_chef_id,participant_chef_id,grade) VALUES (10,2023,34,55,1);
INSERT INTO grading (episode_id,episode_year,judge_chef_id,participant_chef_id,grade) VALUES (10,2023,34,100,3);
INSERT INTO grading (episode_id,episode_year,judge_chef_id,participant_chef_id,grade) VALUES (10,2023,77,20,1);
INSERT INTO grading (episode_id,episode_year,judge_chef_id,participant_chef_id,grade) VALUES (10,2023,77,94,1);
INSERT INTO grading (episode_id,episode_year,judge_chef_id,participant_chef_id,grade) VALUES (10,2023,77,93,1);
INSERT INTO grading (episode_id,episode_year,judge_chef_id,participant_chef_id,grade) VALUES (10,2023,77,24,1);
INSERT INTO grading (episode_id,episode_year,judge_chef_id,participant_chef_id,grade) VALUES (10,2023,77,76,5);
INSERT INTO grading (episode_id,episode_year,judge_chef_id,participant_chef_id,grade) VALUES (10,2023,77,38,4);
INSERT INTO grading (episode_id,episode_year,judge_chef_id,participant_chef_id,grade) VALUES (10,2023,77,69,3);
INSERT INTO grading (episode_id,episode_year,judge_chef_id,participant_chef_id,grade) VALUES (10,2023,77,48,5);
INSERT INTO grading (episode_id,episode_year,judge_chef_id,participant_chef_id,grade) VALUES (10,2023,77,55,1);
INSERT INTO grading (episode_id,episode_year,judge_chef_id,participant_chef_id,grade) VALUES (10,2023,77,100,1);
INSERT INTO grading (episode_id,episode_year,judge_chef_id,participant_chef_id,grade) VALUES (10,2023,80,20,4);
INSERT INTO grading (episode_id,episode_year,judge_chef_id,participant_chef_id,grade) VALUES (10,2023,80,94,4);
INSERT INTO grading (episode_id,episode_year,judge_chef_id,participant_chef_id,grade) VALUES (10,2023,80,93,2);
INSERT INTO grading (episode_id,episode_year,judge_chef_id,participant_chef_id,grade) VALUES (10,2023,80,24,5);
INSERT INTO grading (episode_id,episode_year,judge_chef_id,participant_chef_id,grade) VALUES (10,2023,80,76,3);
INSERT INTO grading (episode_id,episode_year,judge_chef_id,participant_chef_id,grade) VALUES (10,2023,80,38,2);
INSERT INTO grading (episode_id,episode_year,judge_chef_id,participant_chef_id,grade) VALUES (10,2023,80,69,2);
INSERT INTO grading (episode_id,episode_year,judge_chef_id,participant_chef_id,grade) VALUES (10,2023,80,48,3);
INSERT INTO grading (episode_id,episode_year,judge_chef_id,participant_chef_id,grade) VALUES (10,2023,80,55,4);
INSERT INTO grading (episode_id,episode_year,judge_chef_id,participant_chef_id,grade) VALUES (10,2023,80,100,2);
INSERT INTO grading (episode_id,episode_year,judge_chef_id,participant_chef_id,grade) VALUES (1,2024,56,45,4);
INSERT INTO grading (episode_id,episode_year,judge_chef_id,participant_chef_id,grade) VALUES (1,2024,56,3,2);
INSERT INTO grading (episode_id,episode_year,judge_chef_id,participant_chef_id,grade) VALUES (1,2024,56,68,4);
INSERT INTO grading (episode_id,episode_year,judge_chef_id,participant_chef_id,grade) VALUES (1,2024,56,60,5);
INSERT INTO grading (episode_id,episode_year,judge_chef_id,participant_chef_id,grade) VALUES (1,2024,56,11,5);
INSERT INTO grading (episode_id,episode_year,judge_chef_id,participant_chef_id,grade) VALUES (1,2024,56,34,1);
INSERT INTO grading (episode_id,episode_year,judge_chef_id,participant_chef_id,grade) VALUES (1,2024,56,8,5);
INSERT INTO grading (episode_id,episode_year,judge_chef_id,participant_chef_id,grade) VALUES (1,2024,56,62,3);
INSERT INTO grading (episode_id,episode_year,judge_chef_id,participant_chef_id,grade) VALUES (1,2024,56,50,5);
INSERT INTO grading (episode_id,episode_year,judge_chef_id,participant_chef_id,grade) VALUES (1,2024,56,86,3);
INSERT INTO grading (episode_id,episode_year,judge_chef_id,participant_chef_id,grade) VALUES (1,2024,64,45,2);
INSERT INTO grading (episode_id,episode_year,judge_chef_id,participant_chef_id,grade) VALUES (1,2024,64,3,4);
INSERT INTO grading (episode_id,episode_year,judge_chef_id,participant_chef_id,grade) VALUES (1,2024,64,68,5);
INSERT INTO grading (episode_id,episode_year,judge_chef_id,participant_chef_id,grade) VALUES (1,2024,64,60,5);
INSERT INTO grading (episode_id,episode_year,judge_chef_id,participant_chef_id,grade) VALUES (1,2024,64,11,4);
INSERT INTO grading (episode_id,episode_year,judge_chef_id,participant_chef_id,grade) VALUES (1,2024,64,34,5);
INSERT INTO grading (episode_id,episode_year,judge_chef_id,participant_chef_id,grade) VALUES (1,2024,64,8,4);
INSERT INTO grading (episode_id,episode_year,judge_chef_id,participant_chef_id,grade) VALUES (1,2024,64,62,5);
INSERT INTO grading (episode_id,episode_year,judge_chef_id,participant_chef_id,grade) VALUES (1,2024,64,50,1);
INSERT INTO grading (episode_id,episode_year,judge_chef_id,participant_chef_id,grade) VALUES (1,2024,64,86,2);
INSERT INTO grading (episode_id,episode_year,judge_chef_id,participant_chef_id,grade) VALUES (1,2024,83,45,4);
INSERT INTO grading (episode_id,episode_year,judge_chef_id,participant_chef_id,grade) VALUES (1,2024,83,3,5);
INSERT INTO grading (episode_id,episode_year,judge_chef_id,participant_chef_id,grade) VALUES (1,2024,83,68,5);
INSERT INTO grading (episode_id,episode_year,judge_chef_id,participant_chef_id,grade) VALUES (1,2024,83,60,1);
INSERT INTO grading (episode_id,episode_year,judge_chef_id,participant_chef_id,grade) VALUES (1,2024,83,11,3);
INSERT INTO grading (episode_id,episode_year,judge_chef_id,participant_chef_id,grade) VALUES (1,2024,83,34,4);
INSERT INTO grading (episode_id,episode_year,judge_chef_id,participant_chef_id,grade) VALUES (1,2024,83,8,1);
INSERT INTO grading (episode_id,episode_year,judge_chef_id,participant_chef_id,grade) VALUES (1,2024,83,62,1);
INSERT INTO grading (episode_id,episode_year,judge_chef_id,participant_chef_id,grade) VALUES (1,2024,83,50,2);
INSERT INTO grading (episode_id,episode_year,judge_chef_id,participant_chef_id,grade) VALUES (1,2024,83,86,5);
INSERT INTO grading (episode_id,episode_year,judge_chef_id,participant_chef_id,grade) VALUES (2,2024,54,91,5);
INSERT INTO grading (episode_id,episode_year,judge_chef_id,participant_chef_id,grade) VALUES (2,2024,54,21,2);
INSERT INTO grading (episode_id,episode_year,judge_chef_id,participant_chef_id,grade) VALUES (2,2024,54,45,3);
INSERT INTO grading (episode_id,episode_year,judge_chef_id,participant_chef_id,grade) VALUES (2,2024,54,5,2);
INSERT INTO grading (episode_id,episode_year,judge_chef_id,participant_chef_id,grade) VALUES (2,2024,54,55,5);
INSERT INTO grading (episode_id,episode_year,judge_chef_id,participant_chef_id,grade) VALUES (2,2024,54,8,5);
INSERT INTO grading (episode_id,episode_year,judge_chef_id,participant_chef_id,grade) VALUES (2,2024,54,34,4);
INSERT INTO grading (episode_id,episode_year,judge_chef_id,participant_chef_id,grade) VALUES (2,2024,54,84,2);
INSERT INTO grading (episode_id,episode_year,judge_chef_id,participant_chef_id,grade) VALUES (2,2024,54,11,5);
INSERT INTO grading (episode_id,episode_year,judge_chef_id,participant_chef_id,grade) VALUES (2,2024,54,39,5);
INSERT INTO grading (episode_id,episode_year,judge_chef_id,participant_chef_id,grade) VALUES (2,2024,3,91,2);
INSERT INTO grading (episode_id,episode_year,judge_chef_id,participant_chef_id,grade) VALUES (2,2024,3,21,2);
INSERT INTO grading (episode_id,episode_year,judge_chef_id,participant_chef_id,grade) VALUES (2,2024,3,45,1);
INSERT INTO grading (episode_id,episode_year,judge_chef_id,participant_chef_id,grade) VALUES (2,2024,3,5,4);
INSERT INTO grading (episode_id,episode_year,judge_chef_id,participant_chef_id,grade) VALUES (2,2024,3,55,5);
INSERT INTO grading (episode_id,episode_year,judge_chef_id,participant_chef_id,grade) VALUES (2,2024,3,8,1);
INSERT INTO grading (episode_id,episode_year,judge_chef_id,participant_chef_id,grade) VALUES (2,2024,3,34,3);
INSERT INTO grading (episode_id,episode_year,judge_chef_id,participant_chef_id,grade) VALUES (2,2024,3,84,2);
INSERT INTO grading (episode_id,episode_year,judge_chef_id,participant_chef_id,grade) VALUES (2,2024,3,11,3);
INSERT INTO grading (episode_id,episode_year,judge_chef_id,participant_chef_id,grade) VALUES (2,2024,3,39,2);
INSERT INTO grading (episode_id,episode_year,judge_chef_id,participant_chef_id,grade) VALUES (2,2024,83,91,5);
INSERT INTO grading (episode_id,episode_year,judge_chef_id,participant_chef_id,grade) VALUES (2,2024,83,21,2);
INSERT INTO grading (episode_id,episode_year,judge_chef_id,participant_chef_id,grade) VALUES (2,2024,83,45,1);
INSERT INTO grading (episode_id,episode_year,judge_chef_id,participant_chef_id,grade) VALUES (2,2024,83,5,2);
INSERT INTO grading (episode_id,episode_year,judge_chef_id,participant_chef_id,grade) VALUES (2,2024,83,55,1);
INSERT INTO grading (episode_id,episode_year,judge_chef_id,participant_chef_id,grade) VALUES (2,2024,83,8,5);
INSERT INTO grading (episode_id,episode_year,judge_chef_id,participant_chef_id,grade) VALUES (2,2024,83,34,2);
INSERT INTO grading (episode_id,episode_year,judge_chef_id,participant_chef_id,grade) VALUES (2,2024,83,84,4);
INSERT INTO grading (episode_id,episode_year,judge_chef_id,participant_chef_id,grade) VALUES (2,2024,83,11,2);
INSERT INTO grading (episode_id,episode_year,judge_chef_id,participant_chef_id,grade) VALUES (2,2024,83,39,4);
INSERT INTO grading (episode_id,episode_year,judge_chef_id,participant_chef_id,grade) VALUES (3,2024,67,62,5);
INSERT INTO grading (episode_id,episode_year,judge_chef_id,participant_chef_id,grade) VALUES (3,2024,67,22,5);
INSERT INTO grading (episode_id,episode_year,judge_chef_id,participant_chef_id,grade) VALUES (3,2024,67,78,3);
INSERT INTO grading (episode_id,episode_year,judge_chef_id,participant_chef_id,grade) VALUES (3,2024,67,81,4);
INSERT INTO grading (episode_id,episode_year,judge_chef_id,participant_chef_id,grade) VALUES (3,2024,67,10,5);
INSERT INTO grading (episode_id,episode_year,judge_chef_id,participant_chef_id,grade) VALUES (3,2024,67,50,1);
INSERT INTO grading (episode_id,episode_year,judge_chef_id,participant_chef_id,grade) VALUES (3,2024,67,69,4);
INSERT INTO grading (episode_id,episode_year,judge_chef_id,participant_chef_id,grade) VALUES (3,2024,67,19,4);
INSERT INTO grading (episode_id,episode_year,judge_chef_id,participant_chef_id,grade) VALUES (3,2024,67,2,3);
INSERT INTO grading (episode_id,episode_year,judge_chef_id,participant_chef_id,grade) VALUES (3,2024,67,94,5);
INSERT INTO grading (episode_id,episode_year,judge_chef_id,participant_chef_id,grade) VALUES (3,2024,8,62,4);
INSERT INTO grading (episode_id,episode_year,judge_chef_id,participant_chef_id,grade) VALUES (3,2024,8,22,4);
INSERT INTO grading (episode_id,episode_year,judge_chef_id,participant_chef_id,grade) VALUES (3,2024,8,78,1);
INSERT INTO grading (episode_id,episode_year,judge_chef_id,participant_chef_id,grade) VALUES (3,2024,8,81,3);
INSERT INTO grading (episode_id,episode_year,judge_chef_id,participant_chef_id,grade) VALUES (3,2024,8,10,4);
INSERT INTO grading (episode_id,episode_year,judge_chef_id,participant_chef_id,grade) VALUES (3,2024,8,50,1);
INSERT INTO grading (episode_id,episode_year,judge_chef_id,participant_chef_id,grade) VALUES (3,2024,8,69,4);
INSERT INTO grading (episode_id,episode_year,judge_chef_id,participant_chef_id,grade) VALUES (3,2024,8,19,4);
INSERT INTO grading (episode_id,episode_year,judge_chef_id,participant_chef_id,grade) VALUES (3,2024,8,2,5);
INSERT INTO grading (episode_id,episode_year,judge_chef_id,participant_chef_id,grade) VALUES (3,2024,8,94,2);
INSERT INTO grading (episode_id,episode_year,judge_chef_id,participant_chef_id,grade) VALUES (3,2024,27,62,5);
INSERT INTO grading (episode_id,episode_year,judge_chef_id,participant_chef_id,grade) VALUES (3,2024,27,22,1);
INSERT INTO grading (episode_id,episode_year,judge_chef_id,participant_chef_id,grade) VALUES (3,2024,27,78,3);
INSERT INTO grading (episode_id,episode_year,judge_chef_id,participant_chef_id,grade) VALUES (3,2024,27,81,3);
INSERT INTO grading (episode_id,episode_year,judge_chef_id,participant_chef_id,grade) VALUES (3,2024,27,10,5);
INSERT INTO grading (episode_id,episode_year,judge_chef_id,participant_chef_id,grade) VALUES (3,2024,27,50,2);
INSERT INTO grading (episode_id,episode_year,judge_chef_id,participant_chef_id,grade) VALUES (3,2024,27,69,5);
INSERT INTO grading (episode_id,episode_year,judge_chef_id,participant_chef_id,grade) VALUES (3,2024,27,19,5);
INSERT INTO grading (episode_id,episode_year,judge_chef_id,participant_chef_id,grade) VALUES (3,2024,27,2,3);
INSERT INTO grading (episode_id,episode_year,judge_chef_id,participant_chef_id,grade) VALUES (3,2024,27,94,5);
INSERT INTO grading (episode_id,episode_year,judge_chef_id,participant_chef_id,grade) VALUES (4,2024,16,71,4);
INSERT INTO grading (episode_id,episode_year,judge_chef_id,participant_chef_id,grade) VALUES (4,2024,16,62,4);
INSERT INTO grading (episode_id,episode_year,judge_chef_id,participant_chef_id,grade) VALUES (4,2024,16,19,1);
INSERT INTO grading (episode_id,episode_year,judge_chef_id,participant_chef_id,grade) VALUES (4,2024,16,72,5);
INSERT INTO grading (episode_id,episode_year,judge_chef_id,participant_chef_id,grade) VALUES (4,2024,16,88,5);
INSERT INTO grading (episode_id,episode_year,judge_chef_id,participant_chef_id,grade) VALUES (4,2024,16,67,1);
INSERT INTO grading (episode_id,episode_year,judge_chef_id,participant_chef_id,grade) VALUES (4,2024,16,80,1);
INSERT INTO grading (episode_id,episode_year,judge_chef_id,participant_chef_id,grade) VALUES (4,2024,16,34,1);
INSERT INTO grading (episode_id,episode_year,judge_chef_id,participant_chef_id,grade) VALUES (4,2024,16,50,1);
INSERT INTO grading (episode_id,episode_year,judge_chef_id,participant_chef_id,grade) VALUES (4,2024,16,85,3);
INSERT INTO grading (episode_id,episode_year,judge_chef_id,participant_chef_id,grade) VALUES (4,2024,26,71,4);
INSERT INTO grading (episode_id,episode_year,judge_chef_id,participant_chef_id,grade) VALUES (4,2024,26,62,1);
INSERT INTO grading (episode_id,episode_year,judge_chef_id,participant_chef_id,grade) VALUES (4,2024,26,19,5);
INSERT INTO grading (episode_id,episode_year,judge_chef_id,participant_chef_id,grade) VALUES (4,2024,26,72,2);
INSERT INTO grading (episode_id,episode_year,judge_chef_id,participant_chef_id,grade) VALUES (4,2024,26,88,2);
INSERT INTO grading (episode_id,episode_year,judge_chef_id,participant_chef_id,grade) VALUES (4,2024,26,67,2);
INSERT INTO grading (episode_id,episode_year,judge_chef_id,participant_chef_id,grade) VALUES (4,2024,26,80,1);
INSERT INTO grading (episode_id,episode_year,judge_chef_id,participant_chef_id,grade) VALUES (4,2024,26,34,1);
INSERT INTO grading (episode_id,episode_year,judge_chef_id,participant_chef_id,grade) VALUES (4,2024,26,50,4);
INSERT INTO grading (episode_id,episode_year,judge_chef_id,participant_chef_id,grade) VALUES (4,2024,26,85,3);
INSERT INTO grading (episode_id,episode_year,judge_chef_id,participant_chef_id,grade) VALUES (4,2024,1,71,4);
INSERT INTO grading (episode_id,episode_year,judge_chef_id,participant_chef_id,grade) VALUES (4,2024,1,62,3);
INSERT INTO grading (episode_id,episode_year,judge_chef_id,participant_chef_id,grade) VALUES (4,2024,1,19,3);
INSERT INTO grading (episode_id,episode_year,judge_chef_id,participant_chef_id,grade) VALUES (4,2024,1,72,2);
INSERT INTO grading (episode_id,episode_year,judge_chef_id,participant_chef_id,grade) VALUES (4,2024,1,88,1);
INSERT INTO grading (episode_id,episode_year,judge_chef_id,participant_chef_id,grade) VALUES (4,2024,1,67,2);
INSERT INTO grading (episode_id,episode_year,judge_chef_id,participant_chef_id,grade) VALUES (4,2024,1,80,1);
INSERT INTO grading (episode_id,episode_year,judge_chef_id,participant_chef_id,grade) VALUES (4,2024,1,34,1);
INSERT INTO grading (episode_id,episode_year,judge_chef_id,participant_chef_id,grade) VALUES (4,2024,1,50,3);
INSERT INTO grading (episode_id,episode_year,judge_chef_id,participant_chef_id,grade) VALUES (4,2024,1,85,5);
INSERT INTO grading (episode_id,episode_year,judge_chef_id,participant_chef_id,grade) VALUES (5,2024,8,67,4);
INSERT INTO grading (episode_id,episode_year,judge_chef_id,participant_chef_id,grade) VALUES (5,2024,8,95,1);
INSERT INTO grading (episode_id,episode_year,judge_chef_id,participant_chef_id,grade) VALUES (5,2024,8,37,3);
INSERT INTO grading (episode_id,episode_year,judge_chef_id,participant_chef_id,grade) VALUES (5,2024,8,14,3);
INSERT INTO grading (episode_id,episode_year,judge_chef_id,participant_chef_id,grade) VALUES (5,2024,8,59,3);
INSERT INTO grading (episode_id,episode_year,judge_chef_id,participant_chef_id,grade) VALUES (5,2024,8,1,1);
INSERT INTO grading (episode_id,episode_year,judge_chef_id,participant_chef_id,grade) VALUES (5,2024,8,38,3);
INSERT INTO grading (episode_id,episode_year,judge_chef_id,participant_chef_id,grade) VALUES (5,2024,8,17,2);
INSERT INTO grading (episode_id,episode_year,judge_chef_id,participant_chef_id,grade) VALUES (5,2024,8,10,1);
INSERT INTO grading (episode_id,episode_year,judge_chef_id,participant_chef_id,grade) VALUES (5,2024,8,49,5);
INSERT INTO grading (episode_id,episode_year,judge_chef_id,participant_chef_id,grade) VALUES (5,2024,82,67,2);
INSERT INTO grading (episode_id,episode_year,judge_chef_id,participant_chef_id,grade) VALUES (5,2024,82,95,4);
INSERT INTO grading (episode_id,episode_year,judge_chef_id,participant_chef_id,grade) VALUES (5,2024,82,37,3);
INSERT INTO grading (episode_id,episode_year,judge_chef_id,participant_chef_id,grade) VALUES (5,2024,82,14,3);
INSERT INTO grading (episode_id,episode_year,judge_chef_id,participant_chef_id,grade) VALUES (5,2024,82,59,2);
INSERT INTO grading (episode_id,episode_year,judge_chef_id,participant_chef_id,grade) VALUES (5,2024,82,1,4);
INSERT INTO grading (episode_id,episode_year,judge_chef_id,participant_chef_id,grade) VALUES (5,2024,82,38,5);
INSERT INTO grading (episode_id,episode_year,judge_chef_id,participant_chef_id,grade) VALUES (5,2024,82,17,1);
INSERT INTO grading (episode_id,episode_year,judge_chef_id,participant_chef_id,grade) VALUES (5,2024,82,10,1);
INSERT INTO grading (episode_id,episode_year,judge_chef_id,participant_chef_id,grade) VALUES (5,2024,82,49,3);
INSERT INTO grading (episode_id,episode_year,judge_chef_id,participant_chef_id,grade) VALUES (5,2024,43,67,2);
INSERT INTO grading (episode_id,episode_year,judge_chef_id,participant_chef_id,grade) VALUES (5,2024,43,95,5);
INSERT INTO grading (episode_id,episode_year,judge_chef_id,participant_chef_id,grade) VALUES (5,2024,43,37,5);
INSERT INTO grading (episode_id,episode_year,judge_chef_id,participant_chef_id,grade) VALUES (5,2024,43,14,4);
INSERT INTO grading (episode_id,episode_year,judge_chef_id,participant_chef_id,grade) VALUES (5,2024,43,59,3);
INSERT INTO grading (episode_id,episode_year,judge_chef_id,participant_chef_id,grade) VALUES (5,2024,43,1,1);
INSERT INTO grading (episode_id,episode_year,judge_chef_id,participant_chef_id,grade) VALUES (5,2024,43,38,5);
INSERT INTO grading (episode_id,episode_year,judge_chef_id,participant_chef_id,grade) VALUES (5,2024,43,17,1);
INSERT INTO grading (episode_id,episode_year,judge_chef_id,participant_chef_id,grade) VALUES (5,2024,43,10,4);
INSERT INTO grading (episode_id,episode_year,judge_chef_id,participant_chef_id,grade) VALUES (5,2024,43,49,4);
INSERT INTO grading (episode_id,episode_year,judge_chef_id,participant_chef_id,grade) VALUES (6,2024,70,74,1);
INSERT INTO grading (episode_id,episode_year,judge_chef_id,participant_chef_id,grade) VALUES (6,2024,70,40,4);
INSERT INTO grading (episode_id,episode_year,judge_chef_id,participant_chef_id,grade) VALUES (6,2024,70,59,1);
INSERT INTO grading (episode_id,episode_year,judge_chef_id,participant_chef_id,grade) VALUES (6,2024,70,86,1);
INSERT INTO grading (episode_id,episode_year,judge_chef_id,participant_chef_id,grade) VALUES (6,2024,70,66,1);
INSERT INTO grading (episode_id,episode_year,judge_chef_id,participant_chef_id,grade) VALUES (6,2024,70,84,5);
INSERT INTO grading (episode_id,episode_year,judge_chef_id,participant_chef_id,grade) VALUES (6,2024,70,2,4);
INSERT INTO grading (episode_id,episode_year,judge_chef_id,participant_chef_id,grade) VALUES (6,2024,70,90,3);
INSERT INTO grading (episode_id,episode_year,judge_chef_id,participant_chef_id,grade) VALUES (6,2024,70,65,1);
INSERT INTO grading (episode_id,episode_year,judge_chef_id,participant_chef_id,grade) VALUES (6,2024,70,22,1);
INSERT INTO grading (episode_id,episode_year,judge_chef_id,participant_chef_id,grade) VALUES (6,2024,57,74,2);
INSERT INTO grading (episode_id,episode_year,judge_chef_id,participant_chef_id,grade) VALUES (6,2024,57,40,1);
INSERT INTO grading (episode_id,episode_year,judge_chef_id,participant_chef_id,grade) VALUES (6,2024,57,59,5);
INSERT INTO grading (episode_id,episode_year,judge_chef_id,participant_chef_id,grade) VALUES (6,2024,57,86,3);
INSERT INTO grading (episode_id,episode_year,judge_chef_id,participant_chef_id,grade) VALUES (6,2024,57,66,3);
INSERT INTO grading (episode_id,episode_year,judge_chef_id,participant_chef_id,grade) VALUES (6,2024,57,84,3);
INSERT INTO grading (episode_id,episode_year,judge_chef_id,participant_chef_id,grade) VALUES (6,2024,57,2,4);
INSERT INTO grading (episode_id,episode_year,judge_chef_id,participant_chef_id,grade) VALUES (6,2024,57,90,4);
INSERT INTO grading (episode_id,episode_year,judge_chef_id,participant_chef_id,grade) VALUES (6,2024,57,65,5);
INSERT INTO grading (episode_id,episode_year,judge_chef_id,participant_chef_id,grade) VALUES (6,2024,57,22,4);
INSERT INTO grading (episode_id,episode_year,judge_chef_id,participant_chef_id,grade) VALUES (6,2024,14,74,3);
INSERT INTO grading (episode_id,episode_year,judge_chef_id,participant_chef_id,grade) VALUES (6,2024,14,40,5);
INSERT INTO grading (episode_id,episode_year,judge_chef_id,participant_chef_id,grade) VALUES (6,2024,14,59,1);
INSERT INTO grading (episode_id,episode_year,judge_chef_id,participant_chef_id,grade) VALUES (6,2024,14,86,4);
INSERT INTO grading (episode_id,episode_year,judge_chef_id,participant_chef_id,grade) VALUES (6,2024,14,66,2);
INSERT INTO grading (episode_id,episode_year,judge_chef_id,participant_chef_id,grade) VALUES (6,2024,14,84,4);
INSERT INTO grading (episode_id,episode_year,judge_chef_id,participant_chef_id,grade) VALUES (6,2024,14,2,3);
INSERT INTO grading (episode_id,episode_year,judge_chef_id,participant_chef_id,grade) VALUES (6,2024,14,90,5);
INSERT INTO grading (episode_id,episode_year,judge_chef_id,participant_chef_id,grade) VALUES (6,2024,14,65,4);
INSERT INTO grading (episode_id,episode_year,judge_chef_id,participant_chef_id,grade) VALUES (6,2024,14,22,5);
INSERT INTO grading (episode_id,episode_year,judge_chef_id,participant_chef_id,grade) VALUES (7,2024,98,55,1);
INSERT INTO grading (episode_id,episode_year,judge_chef_id,participant_chef_id,grade) VALUES (7,2024,98,17,5);
INSERT INTO grading (episode_id,episode_year,judge_chef_id,participant_chef_id,grade) VALUES (7,2024,98,62,1);
INSERT INTO grading (episode_id,episode_year,judge_chef_id,participant_chef_id,grade) VALUES (7,2024,98,10,1);
INSERT INTO grading (episode_id,episode_year,judge_chef_id,participant_chef_id,grade) VALUES (7,2024,98,100,1);
INSERT INTO grading (episode_id,episode_year,judge_chef_id,participant_chef_id,grade) VALUES (7,2024,98,90,1);
INSERT INTO grading (episode_id,episode_year,judge_chef_id,participant_chef_id,grade) VALUES (7,2024,98,53,2);
INSERT INTO grading (episode_id,episode_year,judge_chef_id,participant_chef_id,grade) VALUES (7,2024,98,6,4);
INSERT INTO grading (episode_id,episode_year,judge_chef_id,participant_chef_id,grade) VALUES (7,2024,98,24,4);
INSERT INTO grading (episode_id,episode_year,judge_chef_id,participant_chef_id,grade) VALUES (7,2024,98,22,4);
INSERT INTO grading (episode_id,episode_year,judge_chef_id,participant_chef_id,grade) VALUES (7,2024,89,55,3);
INSERT INTO grading (episode_id,episode_year,judge_chef_id,participant_chef_id,grade) VALUES (7,2024,89,17,3);
INSERT INTO grading (episode_id,episode_year,judge_chef_id,participant_chef_id,grade) VALUES (7,2024,89,62,1);
INSERT INTO grading (episode_id,episode_year,judge_chef_id,participant_chef_id,grade) VALUES (7,2024,89,10,5);
INSERT INTO grading (episode_id,episode_year,judge_chef_id,participant_chef_id,grade) VALUES (7,2024,89,100,2);
INSERT INTO grading (episode_id,episode_year,judge_chef_id,participant_chef_id,grade) VALUES (7,2024,89,90,4);
INSERT INTO grading (episode_id,episode_year,judge_chef_id,participant_chef_id,grade) VALUES (7,2024,89,53,5);
INSERT INTO grading (episode_id,episode_year,judge_chef_id,participant_chef_id,grade) VALUES (7,2024,89,6,5);
INSERT INTO grading (episode_id,episode_year,judge_chef_id,participant_chef_id,grade) VALUES (7,2024,89,24,5);
INSERT INTO grading (episode_id,episode_year,judge_chef_id,participant_chef_id,grade) VALUES (7,2024,89,22,1);
INSERT INTO grading (episode_id,episode_year,judge_chef_id,participant_chef_id,grade) VALUES (7,2024,95,55,2);
INSERT INTO grading (episode_id,episode_year,judge_chef_id,participant_chef_id,grade) VALUES (7,2024,95,17,2);
INSERT INTO grading (episode_id,episode_year,judge_chef_id,participant_chef_id,grade) VALUES (7,2024,95,62,3);
INSERT INTO grading (episode_id,episode_year,judge_chef_id,participant_chef_id,grade) VALUES (7,2024,95,10,5);
INSERT INTO grading (episode_id,episode_year,judge_chef_id,participant_chef_id,grade) VALUES (7,2024,95,100,3);
INSERT INTO grading (episode_id,episode_year,judge_chef_id,participant_chef_id,grade) VALUES (7,2024,95,90,4);
INSERT INTO grading (episode_id,episode_year,judge_chef_id,participant_chef_id,grade) VALUES (7,2024,95,53,4);
INSERT INTO grading (episode_id,episode_year,judge_chef_id,participant_chef_id,grade) VALUES (7,2024,95,6,1);
INSERT INTO grading (episode_id,episode_year,judge_chef_id,participant_chef_id,grade) VALUES (7,2024,95,24,5);
INSERT INTO grading (episode_id,episode_year,judge_chef_id,participant_chef_id,grade) VALUES (7,2024,95,22,3);
INSERT INTO grading (episode_id,episode_year,judge_chef_id,participant_chef_id,grade) VALUES (8,2024,19,90,3);
INSERT INTO grading (episode_id,episode_year,judge_chef_id,participant_chef_id,grade) VALUES (8,2024,19,36,1);
INSERT INTO grading (episode_id,episode_year,judge_chef_id,participant_chef_id,grade) VALUES (8,2024,19,94,1);
INSERT INTO grading (episode_id,episode_year,judge_chef_id,participant_chef_id,grade) VALUES (8,2024,19,93,2);
INSERT INTO grading (episode_id,episode_year,judge_chef_id,participant_chef_id,grade) VALUES (8,2024,19,84,2);
INSERT INTO grading (episode_id,episode_year,judge_chef_id,participant_chef_id,grade) VALUES (8,2024,19,39,2);
INSERT INTO grading (episode_id,episode_year,judge_chef_id,participant_chef_id,grade) VALUES (8,2024,19,59,5);
INSERT INTO grading (episode_id,episode_year,judge_chef_id,participant_chef_id,grade) VALUES (8,2024,19,57,2);
INSERT INTO grading (episode_id,episode_year,judge_chef_id,participant_chef_id,grade) VALUES (8,2024,19,50,4);
INSERT INTO grading (episode_id,episode_year,judge_chef_id,participant_chef_id,grade) VALUES (8,2024,19,23,5);
INSERT INTO grading (episode_id,episode_year,judge_chef_id,participant_chef_id,grade) VALUES (8,2024,6,90,1);
INSERT INTO grading (episode_id,episode_year,judge_chef_id,participant_chef_id,grade) VALUES (8,2024,6,36,2);
INSERT INTO grading (episode_id,episode_year,judge_chef_id,participant_chef_id,grade) VALUES (8,2024,6,94,1);
INSERT INTO grading (episode_id,episode_year,judge_chef_id,participant_chef_id,grade) VALUES (8,2024,6,93,3);
INSERT INTO grading (episode_id,episode_year,judge_chef_id,participant_chef_id,grade) VALUES (8,2024,6,84,4);
INSERT INTO grading (episode_id,episode_year,judge_chef_id,participant_chef_id,grade) VALUES (8,2024,6,39,2);
INSERT INTO grading (episode_id,episode_year,judge_chef_id,participant_chef_id,grade) VALUES (8,2024,6,59,3);
INSERT INTO grading (episode_id,episode_year,judge_chef_id,participant_chef_id,grade) VALUES (8,2024,6,57,4);
INSERT INTO grading (episode_id,episode_year,judge_chef_id,participant_chef_id,grade) VALUES (8,2024,6,50,3);
INSERT INTO grading (episode_id,episode_year,judge_chef_id,participant_chef_id,grade) VALUES (8,2024,6,23,1);
INSERT INTO grading (episode_id,episode_year,judge_chef_id,participant_chef_id,grade) VALUES (8,2024,72,90,2);
INSERT INTO grading (episode_id,episode_year,judge_chef_id,participant_chef_id,grade) VALUES (8,2024,72,36,1);
INSERT INTO grading (episode_id,episode_year,judge_chef_id,participant_chef_id,grade) VALUES (8,2024,72,94,3);
INSERT INTO grading (episode_id,episode_year,judge_chef_id,participant_chef_id,grade) VALUES (8,2024,72,93,5);
INSERT INTO grading (episode_id,episode_year,judge_chef_id,participant_chef_id,grade) VALUES (8,2024,72,84,3);
INSERT INTO grading (episode_id,episode_year,judge_chef_id,participant_chef_id,grade) VALUES (8,2024,72,39,3);
INSERT INTO grading (episode_id,episode_year,judge_chef_id,participant_chef_id,grade) VALUES (8,2024,72,59,3);
INSERT INTO grading (episode_id,episode_year,judge_chef_id,participant_chef_id,grade) VALUES (8,2024,72,57,5);
INSERT INTO grading (episode_id,episode_year,judge_chef_id,participant_chef_id,grade) VALUES (8,2024,72,50,5);
INSERT INTO grading (episode_id,episode_year,judge_chef_id,participant_chef_id,grade) VALUES (8,2024,72,23,5);
INSERT INTO grading (episode_id,episode_year,judge_chef_id,participant_chef_id,grade) VALUES (9,2024,25,38,5);
INSERT INTO grading (episode_id,episode_year,judge_chef_id,participant_chef_id,grade) VALUES (9,2024,25,49,1);
INSERT INTO grading (episode_id,episode_year,judge_chef_id,participant_chef_id,grade) VALUES (9,2024,25,33,5);
INSERT INTO grading (episode_id,episode_year,judge_chef_id,participant_chef_id,grade) VALUES (9,2024,25,67,5);
INSERT INTO grading (episode_id,episode_year,judge_chef_id,participant_chef_id,grade) VALUES (9,2024,25,4,5);
INSERT INTO grading (episode_id,episode_year,judge_chef_id,participant_chef_id,grade) VALUES (9,2024,25,6,3);
INSERT INTO grading (episode_id,episode_year,judge_chef_id,participant_chef_id,grade) VALUES (9,2024,25,19,2);
INSERT INTO grading (episode_id,episode_year,judge_chef_id,participant_chef_id,grade) VALUES (9,2024,25,85,3);
INSERT INTO grading (episode_id,episode_year,judge_chef_id,participant_chef_id,grade) VALUES (9,2024,25,9,2);
INSERT INTO grading (episode_id,episode_year,judge_chef_id,participant_chef_id,grade) VALUES (9,2024,25,16,2);
INSERT INTO grading (episode_id,episode_year,judge_chef_id,participant_chef_id,grade) VALUES (9,2024,91,38,4);
INSERT INTO grading (episode_id,episode_year,judge_chef_id,participant_chef_id,grade) VALUES (9,2024,91,49,4);
INSERT INTO grading (episode_id,episode_year,judge_chef_id,participant_chef_id,grade) VALUES (9,2024,91,33,3);
INSERT INTO grading (episode_id,episode_year,judge_chef_id,participant_chef_id,grade) VALUES (9,2024,91,67,4);
INSERT INTO grading (episode_id,episode_year,judge_chef_id,participant_chef_id,grade) VALUES (9,2024,91,4,4);
INSERT INTO grading (episode_id,episode_year,judge_chef_id,participant_chef_id,grade) VALUES (9,2024,91,6,3);
INSERT INTO grading (episode_id,episode_year,judge_chef_id,participant_chef_id,grade) VALUES (9,2024,91,19,4);
INSERT INTO grading (episode_id,episode_year,judge_chef_id,participant_chef_id,grade) VALUES (9,2024,91,85,1);
INSERT INTO grading (episode_id,episode_year,judge_chef_id,participant_chef_id,grade) VALUES (9,2024,91,9,1);
INSERT INTO grading (episode_id,episode_year,judge_chef_id,participant_chef_id,grade) VALUES (9,2024,91,16,4);
INSERT INTO grading (episode_id,episode_year,judge_chef_id,participant_chef_id,grade) VALUES (9,2024,14,38,2);
INSERT INTO grading (episode_id,episode_year,judge_chef_id,participant_chef_id,grade) VALUES (9,2024,14,49,3);
INSERT INTO grading (episode_id,episode_year,judge_chef_id,participant_chef_id,grade) VALUES (9,2024,14,33,2);
INSERT INTO grading (episode_id,episode_year,judge_chef_id,participant_chef_id,grade) VALUES (9,2024,14,67,5);
INSERT INTO grading (episode_id,episode_year,judge_chef_id,participant_chef_id,grade) VALUES (9,2024,14,4,5);
INSERT INTO grading (episode_id,episode_year,judge_chef_id,participant_chef_id,grade) VALUES (9,2024,14,6,4);
INSERT INTO grading (episode_id,episode_year,judge_chef_id,participant_chef_id,grade) VALUES (9,2024,14,19,4);
INSERT INTO grading (episode_id,episode_year,judge_chef_id,participant_chef_id,grade) VALUES (9,2024,14,85,2);
INSERT INTO grading (episode_id,episode_year,judge_chef_id,participant_chef_id,grade) VALUES (9,2024,14,9,2);
INSERT INTO grading (episode_id,episode_year,judge_chef_id,participant_chef_id,grade) VALUES (9,2024,14,16,1);
INSERT INTO grading (episode_id,episode_year,judge_chef_id,participant_chef_id,grade) VALUES (10,2024,83,61,4);
INSERT INTO grading (episode_id,episode_year,judge_chef_id,participant_chef_id,grade) VALUES (10,2024,83,99,1);
INSERT INTO grading (episode_id,episode_year,judge_chef_id,participant_chef_id,grade) VALUES (10,2024,83,53,3);
INSERT INTO grading (episode_id,episode_year,judge_chef_id,participant_chef_id,grade) VALUES (10,2024,83,66,3);
INSERT INTO grading (episode_id,episode_year,judge_chef_id,participant_chef_id,grade) VALUES (10,2024,83,62,2);
INSERT INTO grading (episode_id,episode_year,judge_chef_id,participant_chef_id,grade) VALUES (10,2024,83,87,2);
INSERT INTO grading (episode_id,episode_year,judge_chef_id,participant_chef_id,grade) VALUES (10,2024,83,1,3);
INSERT INTO grading (episode_id,episode_year,judge_chef_id,participant_chef_id,grade) VALUES (10,2024,83,18,5);
INSERT INTO grading (episode_id,episode_year,judge_chef_id,participant_chef_id,grade) VALUES (10,2024,83,42,3);
INSERT INTO grading (episode_id,episode_year,judge_chef_id,participant_chef_id,grade) VALUES (10,2024,83,25,2);
INSERT INTO grading (episode_id,episode_year,judge_chef_id,participant_chef_id,grade) VALUES (10,2024,20,61,5);
INSERT INTO grading (episode_id,episode_year,judge_chef_id,participant_chef_id,grade) VALUES (10,2024,20,99,5);
INSERT INTO grading (episode_id,episode_year,judge_chef_id,participant_chef_id,grade) VALUES (10,2024,20,53,1);
INSERT INTO grading (episode_id,episode_year,judge_chef_id,participant_chef_id,grade) VALUES (10,2024,20,66,2);
INSERT INTO grading (episode_id,episode_year,judge_chef_id,participant_chef_id,grade) VALUES (10,2024,20,62,5);
INSERT INTO grading (episode_id,episode_year,judge_chef_id,participant_chef_id,grade) VALUES (10,2024,20,87,5);
INSERT INTO grading (episode_id,episode_year,judge_chef_id,participant_chef_id,grade) VALUES (10,2024,20,1,3);
INSERT INTO grading (episode_id,episode_year,judge_chef_id,participant_chef_id,grade) VALUES (10,2024,20,18,3);
INSERT INTO grading (episode_id,episode_year,judge_chef_id,participant_chef_id,grade) VALUES (10,2024,20,42,4);
INSERT INTO grading (episode_id,episode_year,judge_chef_id,participant_chef_id,grade) VALUES (10,2024,20,25,3);
INSERT INTO grading (episode_id,episode_year,judge_chef_id,participant_chef_id,grade) VALUES (10,2024,9,61,1);
INSERT INTO grading (episode_id,episode_year,judge_chef_id,participant_chef_id,grade) VALUES (10,2024,9,99,5);
INSERT INTO grading (episode_id,episode_year,judge_chef_id,participant_chef_id,grade) VALUES (10,2024,9,53,3);
INSERT INTO grading (episode_id,episode_year,judge_chef_id,participant_chef_id,grade) VALUES (10,2024,9,66,1);
INSERT INTO grading (episode_id,episode_year,judge_chef_id,participant_chef_id,grade) VALUES (10,2024,9,62,2);
INSERT INTO grading (episode_id,episode_year,judge_chef_id,participant_chef_id,grade) VALUES (10,2024,9,87,4);
INSERT INTO grading (episode_id,episode_year,judge_chef_id,participant_chef_id,grade) VALUES (10,2024,9,1,4);
INSERT INTO grading (episode_id,episode_year,judge_chef_id,participant_chef_id,grade) VALUES (10,2024,9,18,2);
INSERT INTO grading (episode_id,episode_year,judge_chef_id,participant_chef_id,grade) VALUES (10,2024,9,42,1);
INSERT INTO grading (episode_id,episode_year,judge_chef_id,participant_chef_id,grade) VALUES (10,2024,9,25,1);
