USE mydb;
SET SESSION sql_mode='NO_AUTO_VALUE_ON_ZERO';
INSERT INTO image (id,description,image_url) VALUES (0,error image not found,no url found);
INSERT INTO image (id,description,image_url) VALUES (1,greek cuisine,https://thumbs.dreamstime.com/b/greek-food-table-scene-top-down-view-dark-background-souvlaki-gyros-wraps-salad-spanakopita-dolmades-pita-lemon-potatoes-225466730.jpg);
INSERT INTO image (id,description,image_url) VALUES (2,french cuisine,https://media.istockphoto.com/id/584597902/vector/french-cuisine-icons.jpg?s=612x612&w=0&k=20&c=-mAbhivcSqKAoTyHFZ27fH5XmlSgS-f9EUrl9Hf10IE=);
INSERT INTO image (id,description,image_url) VALUES (3,indian cuisine,https://t4.ftcdn.net/jpg/02/84/46/89/360_F_284468940_1bg6BwgOfjCnE3W0wkMVMVqddJgtMynE.jpg);
INSERT INTO image (id,description,image_url) VALUES (4,italian cuisine,https://media.istockphoto.com/id/1227415751/photo/full-table-of-italian-meals-on-plates-pizza-pasta-ravioli-carpaccio-caprese-salad-and-tomato.jpg?s=612x612&w=0&k=20&c=0qCRhYGQw0w6ahhVX-4ezayA9r81A81cwbPDbgRlC5s=);
INSERT INTO image (id,description,image_url) VALUES (5,japanese cuisine,https://media.gettyimages.com/id/1300135479/photo/traditional-japanese-dishes-sushi-and-sushi-roll-set-rice-bowls-tuna-tataki.jpg?s=612x612&w=gi&k=20&c=gCZVauon73_wj5BThVQP3axU062jV1udZwApn4yZzEI=);
INSERT INTO image (id,description,image_url) VALUES (6,chinese cuisine,https://media.istockphoto.com/id/545286388/photo/chinese-food-blank-background.jpg?s=612x612&w=0&k=20&c=pqOIy07YKO5PlU5VxjscwTGRrrZ8PluKMUjSOz-II60=);
INSERT INTO image (id,description,image_url) VALUES (7,mexican cuisine,https://encrypted-tbn0.gstatic.com/images?q=tbn:ANd9GcTlt4IkGPmtzTYHsFrhUfHZsl7D9oR_XoDeKyEGRJEPMw&s);
INSERT INTO image (id,description,image_url) VALUES (8,german cuisine,https://t3.ftcdn.net/jpg/02/90/54/44/360_F_290544453_eut3D4HHoR9DnZaLqFJLgPhyj25mMLFq.jpg);
INSERT INTO image (id,description,image_url) VALUES (9,korean cuisine,https://www.shutterstock.com/shutterstock/photos/2327701667/display_1500/stock-photo-korean-foods-served-on-a-dining-table-perfect-for-photo-illustration-article-or-any-cooking-2327701667.jpg);
INSERT INTO image (id,description,image_url) VALUES (10,turkish cuisine,https://t3.ftcdn.net/jpg/02/72/40/16/360_F_272401663_Oz1FHbPJjmTSsOArkkb4X8pUeiVxDueR.jpg);
INSERT INTO image (id,description,image_url) VALUES (11,albanian cuisine,https://irp.cdn-website.com/560b6587/dms3rep/multi/image20-f1109880.png);
INSERT INTO image (id,description,image_url) VALUES (12,american cuisine,https://t3.ftcdn.net/jpg/01/92/00/86/360_F_192008611_KrKZcq3NyiNSksLVPc76SQyBeXOfq1o0.jpg);
INSERT INTO image (id,description,image_url) VALUES (13,bulgarian cuisine,https://www.shutterstock.com/image-photo/traditional-uzbek-oriental-cuisine-family-600nw-1146169040.jpg);
INSERT INTO image (id,description,image_url) VALUES (14,russian cuisine,https://t3.ftcdn.net/jpg/03/00/22/82/360_F_300228239_Fb5WbnaOmvjdPLOieoxlpiR9hBaz4PL9.jpg);
INSERT INTO image (id,description,image_url) VALUES (15,armenian cuisine,https://encrypted-tbn0.gstatic.com/images?q=tbn:ANd9GcRfL0UWLKH6yCSFrlsauucvsWTRwn4VT3fUCbrVSwfm1w&s);
INSERT INTO image (id,description,image_url) VALUES (16,ethiopian cuisine,https://t3.ftcdn.net/jpg/03/22/16/54/360_F_322165445_eep5aVbojZqnsWj8TUJFpwGX4qh1C3ag.jpg);
INSERT INTO image (id,description,image_url) VALUES (17,khazakh cuisine,https://media.istockphoto.com/id/1010677810/photo/traditional-uzbek-oriental-cuisine-uzbek-family-table-from-different-dishes-for-the-new-year.jpg?s=612x612&w=0&k=20&c=bCezyNqQUeYWFbodrf2kloJJBPPOeXbr4Fwd6B-wfxM=);
INSERT INTO image (id,description,image_url) VALUES (18,kenyan cuisine,https://www.kenyasafari.com/images/ugali-nyama-choma-590x390.jpg);
INSERT INTO image (id,description,image_url) VALUES (19,turkmen cuisine,https://c8.alamy.com/comp/PHRWJH/turkmen-cuisine-central-asian-cuisine-PHRWJH.jpg);
INSERT INTO image (id,description,image_url) VALUES (20,welsh cuisine,https://c8.alamy.com/comp/ETENA4/welsh-cakes-or-welshcakes-or-pics-a-traditional-food-delicacy-in-wales-ETENA4.jpg);
INSERT INTO image (id,description,image_url) VALUES (2001,Cabbage carrots etc,https://img.freepik.com/free-vector/vegetables-icons-set_1284-21276.jpg?size=338&ext=jpg&ga=GA1.1.2082370165.1715904000&semt=sph);
INSERT INTO image (id,description,image_url) VALUES (2002,Apples bananas etc,https://img.freepik.com/free-photo/vibrant-collection-healthy-fruit-vegetables-generated-by-ai_24640-80425.jpg);
INSERT INTO image (id,description,image_url) VALUES (2003,Potato cereal etc,https://media02.stockfood.com/largepreviews/Mzk5Mzg4NQ==/00128835-Cereals-bread-spaghetti-potatoes-and-rice.jpg);
INSERT INTO image (id,description,image_url) VALUES (2004,Milk, cheese etc,https://img.freepik.com/free-photo/view-allergens-commonly-found-dairy_23-2150170319.jpg);
INSERT INTO image (id,description,image_url) VALUES (2005,Peas beans etc,https://publish.purewow.net/wp-content/uploads/sites/2/2022/07/types-of-legumes-hero.jpg?resize=720%2C780);
INSERT INTO image (id,description,image_url) VALUES (2006,Beef pork etc,https://www.shutterstock.com/image-photo/fresh-raw-beef-steaks-on-260nw-1457200706.jpg);
INSERT INTO image (id,description,image_url) VALUES (2007,Chicken etc,https://media.istockphoto.com/id/93456512/photo/raw-chicken.jpg?s=612x612&w=0&k=20&c=UuvFL4g04JjBtrBdF9dAVReSUxELJey3CHEZv5z9OyE=);
INSERT INTO image (id,description,image_url) VALUES (2008,Eggs (come on),https://cdn.britannica.com/94/151894-050-F72A5317/Brown-eggs.jpg);
INSERT INTO image (id,description,image_url) VALUES (2009,fish shrimps etc,https://media.istockphoto.com/id/520490716/photo/seafood-on-ice.jpg?s=612x612&w=0&k=20&c=snyxGY26viNQ6BWqW-ez4U7tAO65Z_tmAFPMobiZ9Q4=);
INSERT INTO image (id,description,image_url) VALUES (2010,Olives Nuts etc,https://media.istockphoto.com/id/1332649193/photo/oil-hazelnut-in-sauceboat-on-board.jpg?s=612x612&w=0&k=20&c=jv7yA9YdXRHSBcJEqayZjQqRctZZGmD_WbX1jFMsHfE=);
INSERT INTO image (id,description,image_url) VALUES (3001,A vibrant and festive theme featuring a taco bar,https://media-cdn.tripadvisor.com/media/photo-s/19/a5/2b/8a/taco-fiesta-bali.jpg);
INSERT INTO image (id,description,image_url) VALUES (3002,A theme inspired by the flavors of the Mediterranean,https://www.shutterstock.com/image-illustration/set-delicious-tasty-spanish-delights-260nw-609078893.jpg);
INSERT INTO image (id,description,image_url) VALUES (3003,Classic Italian fare with a cozy trattoria ambiance,https://www.shutterstock.com/shutterstock/photos/1054754711/display_1500/stock-photo-view-of-a-small-local-restaurant-or-trattoria-in-italy-1054754711.jpg);
INSERT INTO image (id,description,image_url) VALUES (3004,A hearty barbecue feast with grilled meats,https://img.evbuc.com/https%3A%2F%2Fcdn.evbuc.com%2Fimages%2F702364939%2F1334550967343%2F1%2Foriginal.20240221-201702?w=1000&auto=format%2Ccompress&q=75&sharp=10&s=af66148673e16cfa8cf0d7a496ae94a3);
INSERT INTO image (id,description,image_url) VALUES (3005,A mix of popular dishes from different Asian cuisines,https://media.istockphoto.com/id/1317255793/photo/rijsttafel-nusantara-an-elaborate-meal-of-indonesian-dishes.jpg?s=612x612&w=0&k=20&c=F_CtvP1w7CMbth0vyT-aqzkB3D5TqZbnwgLc7tbpnsc=);
INSERT INTO image (id,description,image_url) VALUES (3006,A theme centered around fresh locally-sourced ingredients,https://media.istockphoto.com/id/1346744481/photo/anonymous-chef-harvesting-fresh-vegetables-on-a-farm.jpg?s=612x612&w=0&k=20&c=U9h4fAi68nwVndAJW8TF-f2lFFCO2Y-XrZWA2gah1Xw=);
INSERT INTO image (id,description,image_url) VALUES (3007,A feast for seafood lovers,https://st.depositphotos.com/20827338/57620/i/450/depositphotos_576201884-stock-photo-seafood-plate-shrimp-shellfish-crab.jpg);
INSERT INTO image (id,description,image_url) VALUES (3008,Elegant and classic French dishes,https://www.shutterstock.com/image-photo/cozy-street-tables-cafe-paris-260nw-1078952957.jpg);
INSERT INTO image (id,description,image_url) VALUES (3009,Comfort food from the American South,https://vintagemattituck.com/cdn/shop/products/Southern-Comfort-Whiskey-750ml_1024x1024.jpg?v=1577747836);
INSERT INTO image (id,description,image_url) VALUES (3010,An array of street food from around the world,https://encrypted-tbn0.gstatic.com/images?q=tbn:ANd9GcSWEqUB0xkb-EHP0I9Ev9mYy6cf3idzoaX6I0vyxlTVkA&s);
INSERT INTO image (id,description,image_url) VALUES (9001,chefs image :O,generated/chef_1.png);
INSERT INTO image (id,description,image_url) VALUES (9002,chefs image :O,generated/chef_2.png);
INSERT INTO image (id,description,image_url) VALUES (9003,chefs image :O,generated/chef_3.png);
INSERT INTO image (id,description,image_url) VALUES (9004,chefs image :O,generated/chef_4.png);
INSERT INTO image (id,description,image_url) VALUES (9005,chefs image :O,generated/chef_5.png);
INSERT INTO image (id,description,image_url) VALUES (9006,chefs image :O,generated/chef_6.png);
INSERT INTO image (id,description,image_url) VALUES (9007,chefs image :O,generated/chef_7.png);
INSERT INTO image (id,description,image_url) VALUES (9008,chefs image :O,generated/chef_8.png);
INSERT INTO image (id,description,image_url) VALUES (9009,chefs image :O,generated/chef_9.png);
INSERT INTO image (id,description,image_url) VALUES (9010,chefs image :O,generated/chef_10.png);
INSERT INTO image (id,description,image_url) VALUES (9011,chefs image :O,generated/chef_11.png);
INSERT INTO image (id,description,image_url) VALUES (9012,chefs image :O,generated/chef_12.png);
INSERT INTO image (id,description,image_url) VALUES (9013,chefs image :O,generated/chef_13.png);
INSERT INTO image (id,description,image_url) VALUES (9014,chefs image :O,generated/chef_14.png);
INSERT INTO image (id,description,image_url) VALUES (9015,chefs image :O,generated/chef_15.png);
INSERT INTO image (id,description,image_url) VALUES (9016,chefs image :O,generated/chef_16.png);
INSERT INTO image (id,description,image_url) VALUES (9017,chefs image :O,generated/chef_17.png);
INSERT INTO image (id,description,image_url) VALUES (9018,chefs image :O,generated/chef_18.png);
INSERT INTO image (id,description,image_url) VALUES (9019,chefs image :O,generated/chef_19.png);
INSERT INTO image (id,description,image_url) VALUES (9020,chefs image :O,generated/chef_20.png);
INSERT INTO image (id,description,image_url) VALUES (9021,chefs image :O,generated/chef_21.png);
INSERT INTO image (id,description,image_url) VALUES (9022,chefs image :O,generated/chef_22.png);
INSERT INTO image (id,description,image_url) VALUES (9023,chefs image :O,generated/chef_23.png);
INSERT INTO image (id,description,image_url) VALUES (9024,chefs image :O,generated/chef_24.png);
INSERT INTO image (id,description,image_url) VALUES (9025,chefs image :O,generated/chef_25.png);
INSERT INTO image (id,description,image_url) VALUES (9026,chefs image :O,generated/chef_26.png);
INSERT INTO image (id,description,image_url) VALUES (9027,chefs image :O,generated/chef_27.png);
INSERT INTO image (id,description,image_url) VALUES (9028,chefs image :O,generated/chef_28.png);
INSERT INTO image (id,description,image_url) VALUES (9029,chefs image :O,generated/chef_29.png);
INSERT INTO image (id,description,image_url) VALUES (9030,chefs image :O,generated/chef_30.png);
INSERT INTO image (id,description,image_url) VALUES (9031,chefs image :O,generated/chef_31.png);
INSERT INTO image (id,description,image_url) VALUES (9032,chefs image :O,generated/chef_32.png);
INSERT INTO image (id,description,image_url) VALUES (9033,chefs image :O,generated/chef_33.png);
INSERT INTO image (id,description,image_url) VALUES (9034,chefs image :O,generated/chef_34.png);
INSERT INTO image (id,description,image_url) VALUES (9035,chefs image :O,generated/chef_35.png);
INSERT INTO image (id,description,image_url) VALUES (9036,chefs image :O,generated/chef_36.png);
INSERT INTO image (id,description,image_url) VALUES (9037,chefs image :O,generated/chef_37.png);
INSERT INTO image (id,description,image_url) VALUES (9038,chefs image :O,generated/chef_38.png);
INSERT INTO image (id,description,image_url) VALUES (9039,chefs image :O,generated/chef_39.png);
INSERT INTO image (id,description,image_url) VALUES (9040,chefs image :O,generated/chef_40.png);
INSERT INTO image (id,description,image_url) VALUES (9041,chefs image :O,generated/chef_41.png);
INSERT INTO image (id,description,image_url) VALUES (9042,chefs image :O,generated/chef_42.png);
INSERT INTO image (id,description,image_url) VALUES (9043,chefs image :O,generated/chef_43.png);
INSERT INTO image (id,description,image_url) VALUES (9044,chefs image :O,generated/chef_44.png);
INSERT INTO image (id,description,image_url) VALUES (9045,chefs image :O,generated/chef_45.png);
INSERT INTO image (id,description,image_url) VALUES (9046,chefs image :O,generated/chef_46.png);
INSERT INTO image (id,description,image_url) VALUES (9047,chefs image :O,generated/chef_47.png);
INSERT INTO image (id,description,image_url) VALUES (9048,chefs image :O,generated/chef_48.png);
INSERT INTO image (id,description,image_url) VALUES (9049,chefs image :O,generated/chef_49.png);
INSERT INTO image (id,description,image_url) VALUES (9050,chefs image :O,generated/chef_50.png);
INSERT INTO image (id,description,image_url) VALUES (9051,chefs image :O,generated/chef_51.png);
INSERT INTO image (id,description,image_url) VALUES (9052,chefs image :O,generated/chef_52.png);
INSERT INTO image (id,description,image_url) VALUES (9053,chefs image :O,generated/chef_53.png);
INSERT INTO image (id,description,image_url) VALUES (9054,chefs image :O,generated/chef_54.png);
INSERT INTO image (id,description,image_url) VALUES (9055,chefs image :O,generated/chef_55.png);
INSERT INTO image (id,description,image_url) VALUES (9056,chefs image :O,generated/chef_56.png);
INSERT INTO image (id,description,image_url) VALUES (9057,chefs image :O,generated/chef_57.png);
INSERT INTO image (id,description,image_url) VALUES (9058,chefs image :O,generated/chef_58.png);
INSERT INTO image (id,description,image_url) VALUES (9059,chefs image :O,generated/chef_59.png);
INSERT INTO image (id,description,image_url) VALUES (9060,chefs image :O,generated/chef_60.png);
INSERT INTO image (id,description,image_url) VALUES (9061,chefs image :O,generated/chef_61.png);
INSERT INTO image (id,description,image_url) VALUES (9062,chefs image :O,generated/chef_62.png);
INSERT INTO image (id,description,image_url) VALUES (9063,chefs image :O,generated/chef_63.png);
INSERT INTO image (id,description,image_url) VALUES (9064,chefs image :O,generated/chef_64.png);
INSERT INTO image (id,description,image_url) VALUES (9065,chefs image :O,generated/chef_65.png);
INSERT INTO image (id,description,image_url) VALUES (9066,chefs image :O,generated/chef_66.png);
INSERT INTO image (id,description,image_url) VALUES (9067,chefs image :O,generated/chef_67.png);
INSERT INTO image (id,description,image_url) VALUES (9068,chefs image :O,generated/chef_68.png);
INSERT INTO image (id,description,image_url) VALUES (9069,chefs image :O,generated/chef_69.png);
INSERT INTO image (id,description,image_url) VALUES (9070,chefs image :O,generated/chef_70.png);
INSERT INTO image (id,description,image_url) VALUES (9071,chefs image :O,generated/chef_71.png);
INSERT INTO image (id,description,image_url) VALUES (9072,chefs image :O,generated/chef_72.png);
INSERT INTO image (id,description,image_url) VALUES (9073,chefs image :O,generated/chef_73.png);
INSERT INTO image (id,description,image_url) VALUES (9074,chefs image :O,generated/chef_74.png);
INSERT INTO image (id,description,image_url) VALUES (9075,chefs image :O,generated/chef_75.png);
INSERT INTO image (id,description,image_url) VALUES (9076,chefs image :O,generated/chef_76.png);
INSERT INTO image (id,description,image_url) VALUES (9077,chefs image :O,generated/chef_77.png);
INSERT INTO image (id,description,image_url) VALUES (9078,chefs image :O,generated/chef_78.png);
INSERT INTO image (id,description,image_url) VALUES (9079,chefs image :O,generated/chef_79.png);
INSERT INTO image (id,description,image_url) VALUES (9080,chefs image :O,generated/chef_80.png);
INSERT INTO image (id,description,image_url) VALUES (9081,chefs image :O,generated/chef_81.png);
INSERT INTO image (id,description,image_url) VALUES (9082,chefs image :O,generated/chef_82.png);
INSERT INTO image (id,description,image_url) VALUES (9083,chefs image :O,generated/chef_83.png);
INSERT INTO image (id,description,image_url) VALUES (9084,chefs image :O,generated/chef_84.png);
INSERT INTO image (id,description,image_url) VALUES (9085,chefs image :O,generated/chef_85.png);
INSERT INTO image (id,description,image_url) VALUES (9086,chefs image :O,generated/chef_86.png);
INSERT INTO image (id,description,image_url) VALUES (9087,chefs image :O,generated/chef_87.png);
INSERT INTO image (id,description,image_url) VALUES (9088,chefs image :O,generated/chef_88.png);
INSERT INTO image (id,description,image_url) VALUES (9089,chefs image :O,generated/chef_89.png);
INSERT INTO image (id,description,image_url) VALUES (9090,chefs image :O,generated/chef_90.png);
INSERT INTO image (id,description,image_url) VALUES (9091,chefs image :O,generated/chef_91.png);
INSERT INTO image (id,description,image_url) VALUES (9092,chefs image :O,generated/chef_92.png);
INSERT INTO image (id,description,image_url) VALUES (9093,chefs image :O,generated/chef_93.png);
INSERT INTO image (id,description,image_url) VALUES (9094,chefs image :O,generated/chef_94.png);
INSERT INTO image (id,description,image_url) VALUES (9095,chefs image :O,generated/chef_95.png);
INSERT INTO image (id,description,image_url) VALUES (9096,chefs image :O,generated/chef_96.png);
INSERT INTO image (id,description,image_url) VALUES (9097,chefs image :O,generated/chef_97.png);
INSERT INTO image (id,description,image_url) VALUES (9098,chefs image :O,generated/chef_98.png);
INSERT INTO image (id,description,image_url) VALUES (9099,chefs image :O,generated/chef_99.png);
INSERT INTO image (id,description,image_url) VALUES (9100,chefs image :O,generated/chef_100.png);
INSERT INTO cuisine (name,image_id) VALUES (Greek,1);
INSERT INTO cuisine (name,image_id) VALUES (French,2);
INSERT INTO cuisine (name,image_id) VALUES (Indian,3);
INSERT INTO cuisine (name,image_id) VALUES (Italian,4);
INSERT INTO cuisine (name,image_id) VALUES (Japanese,5);
INSERT INTO cuisine (name,image_id) VALUES (Chinese,6);
INSERT INTO cuisine (name,image_id) VALUES (Mexican,7);
INSERT INTO cuisine (name,image_id) VALUES (German,8);
INSERT INTO cuisine (name,image_id) VALUES (Korean,9);
INSERT INTO cuisine (name,image_id) VALUES (Turkish,10);
INSERT INTO cuisine (name,image_id) VALUES (Albanian,11);
INSERT INTO cuisine (name,image_id) VALUES (American,12);
INSERT INTO cuisine (name,image_id) VALUES (Bulgarian,13);
INSERT INTO cuisine (name,image_id) VALUES (Russian,14);
INSERT INTO cuisine (name,image_id) VALUES (Armenian,15);
INSERT INTO cuisine (name,image_id) VALUES (Ethiopian,16);
INSERT INTO cuisine (name,image_id) VALUES (Kazakh,17);
INSERT INTO cuisine (name,image_id) VALUES (Kenyan,18);
INSERT INTO cuisine (name,image_id) VALUES (Turkmen,19);
INSERT INTO cuisine (name,image_id) VALUES (Welsh,20);
INSERT INTO food_team (short_name,description,long_name,image_id) VALUES (vegetarian,Cabbage carrots etc,Vegetables,2001);
INSERT INTO food_team (short_name,description,long_name,image_id) VALUES (fruity,Apples bananas etc,Fruit,2002);
INSERT INTO food_team (short_name,description,long_name,image_id) VALUES (potatoy,Potato cereal etc,Cereal and Potatoes,2003);
INSERT INTO food_team (short_name,description,long_name,image_id) VALUES (dairy,Milk, cheese etc,Milk and Dairy products,2004);
INSERT INTO food_team (short_name,description,long_name,image_id) VALUES (legumy,Peas beans etc,Legumes,2005);
INSERT INTO food_team (short_name,description,long_name,image_id) VALUES (red-carnivorous,Beef pork etc,Red Meat,2006);
INSERT INTO food_team (short_name,description,long_name,image_id) VALUES (white-carnivorous,Chicken etc,White Meat,2007);
INSERT INTO food_team (short_name,description,long_name,image_id) VALUES (eggy,Eggs (come on),Eggs,2008);
INSERT INTO food_team (short_name,description,long_name,image_id) VALUES (seafood,fish shrimps etc,Fish and Seafood,2009);
INSERT INTO food_team (short_name,description,long_name,image_id) VALUES (oil-nuts,Olives Nuts etc,Fat Oils and Nuts,2010);
INSERT INTO ingredient (name,cal_per_100,food_team_short_name,image_id) VALUES (pumpkin,0.0,white-carnivorous,0);
INSERT INTO ingredient (name,cal_per_100,food_team_short_name,image_id) VALUES (cooked rice,100.0,eggy,0);
INSERT INTO ingredient (name,cal_per_100,food_team_short_name,image_id) VALUES (dried apricots,200.0,potatoy,0);
INSERT INTO ingredient (name,cal_per_100,food_team_short_name,image_id) VALUES (prune,200.0,seafood,0);
INSERT INTO ingredient (name,cal_per_100,food_team_short_name,image_id) VALUES (raisin,200.0,dairy,0);
INSERT INTO ingredient (name,cal_per_100,food_team_short_name,image_id) VALUES (almond nut,500.0,eggy,0);
INSERT INTO ingredient (name,cal_per_100,food_team_short_name,image_id) VALUES (walnuts,600.0,fruity,0);
INSERT INTO ingredient (name,cal_per_100,food_team_short_name,image_id) VALUES (honey,300.0,vegetarian,0);
INSERT INTO ingredient (name,cal_per_100,food_team_short_name,image_id) VALUES (chicken,200.0,oil-nuts,0);
INSERT INTO ingredient (name,cal_per_100,food_team_short_name,image_id) VALUES (wheat,300.0,oil-nuts,0);
INSERT INTO ingredient (name,cal_per_100,food_team_short_name,image_id) VALUES (water,0.0,legumy,0);
INSERT INTO ingredient (name,cal_per_100,food_team_short_name,image_id) VALUES (salt,0.0,dairy,0);
INSERT INTO ingredient (name,cal_per_100,food_team_short_name,image_id) VALUES (butter,700.0,dairy,0);
INSERT INTO ingredient (name,cal_per_100,food_team_short_name,image_id) VALUES (cinnamon,200.0,oil-nuts,0);
INSERT INTO ingredient (name,cal_per_100,food_team_short_name,image_id) VALUES (ground lamb,200.0,red-carnivorous,0);
INSERT INTO ingredient (name,cal_per_100,food_team_short_name,image_id) VALUES (unbleached flour,300.0,legumy,0);
INSERT INTO ingredient (name,cal_per_100,food_team_short_name,image_id) VALUES (yeast,300.0,white-carnivorous,0);
INSERT INTO ingredient (name,cal_per_100,food_team_short_name,image_id) VALUES (tomato,0.0,red-carnivorous,0);
INSERT INTO ingredient (name,cal_per_100,food_team_short_name,image_id) VALUES (red bell pepper,0.0,potatoy,0);
INSERT INTO ingredient (name,cal_per_100,food_team_short_name,image_id) VALUES (onions,0.0,red-carnivorous,0);
INSERT INTO ingredient (name,cal_per_100,food_team_short_name,image_id) VALUES (parsley,0.0,fruity,0);
INSERT INTO ingredient (name,cal_per_100,food_team_short_name,image_id) VALUES (paprika,200.0,white-carnivorous,0);
INSERT INTO ingredient (name,cal_per_100,food_team_short_name,image_id) VALUES (cumin,300.0,legumy,0);
INSERT INTO ingredient (name,cal_per_100,food_team_short_name,image_id) VALUES (lemon,0.0,red-carnivorous,0);
INSERT INTO ingredient (name,cal_per_100,food_team_short_name,image_id) VALUES (beef,100.0,legumy,0);
INSERT INTO ingredient (name,cal_per_100,food_team_short_name,image_id) VALUES (broccoli florets,0.0,legumy,0);
INSERT INTO ingredient (name,cal_per_100,food_team_short_name,image_id) VALUES (garlic,100.0,dairy,0);
INSERT INTO ingredient (name,cal_per_100,food_team_short_name,image_id) VALUES (soy sauce,0.0,legumy,0);
INSERT INTO ingredient (name,cal_per_100,food_team_short_name,image_id) VALUES (cornstarch,300.0,oil-nuts,0);
INSERT INTO ingredient (name,cal_per_100,food_team_short_name,image_id) VALUES (beef broth,0.0,oil-nuts,0);
INSERT INTO ingredient (name,cal_per_100,food_team_short_name,image_id) VALUES (oyster sauce,0.0,dairy,0);
INSERT INTO ingredient (name,cal_per_100,food_team_short_name,image_id) VALUES (oil,800.0,fruity,0);
INSERT INTO ingredient (name,cal_per_100,food_team_short_name,image_id) VALUES (chicken or vegetable stock,0.0,fruity,0);
INSERT INTO ingredient (name,cal_per_100,food_team_short_name,image_id) VALUES (egg,100.0,dairy,0);
INSERT INTO ingredient (name,cal_per_100,food_team_short_name,image_id) VALUES (green onions,0.0,potatoy,0);
INSERT INTO ingredient (name,cal_per_100,food_team_short_name,image_id) VALUES (black pepper,200.0,potatoy,0);
INSERT INTO ingredient (name,cal_per_100,food_team_short_name,image_id) VALUES (sesame oil,800.0,eggy,0);
INSERT INTO ingredient (name,cal_per_100,food_team_short_name,image_id) VALUES (chicken breast,100.0,vegetarian,0);
INSERT INTO ingredient (name,cal_per_100,food_team_short_name,image_id) VALUES (peanut,500.0,white-carnivorous,0);
INSERT INTO ingredient (name,cal_per_100,food_team_short_name,image_id) VALUES (dried red chilies,300.0,seafood,0);
INSERT INTO ingredient (name,cal_per_100,food_team_short_name,image_id) VALUES (white vinegar,0.0,seafood,0);
INSERT INTO ingredient (name,cal_per_100,food_team_short_name,image_id) VALUES (sugar,300.0,white-carnivorous,0);
INSERT INTO ingredient (name,cal_per_100,food_team_short_name,image_id) VALUES (vegetable oil,800.0,eggy,0);
INSERT INTO ingredient (name,cal_per_100,food_team_short_name,image_id) VALUES (ginger,0.0,legumy,0);
INSERT INTO ingredient (name,cal_per_100,food_team_short_name,image_id) VALUES (hard-boiled eggs,100.0,eggy,0);
INSERT INTO ingredient (name,cal_per_100,food_team_short_name,image_id) VALUES (teff,300.0,eggy,0);
INSERT INTO ingredient (name,cal_per_100,food_team_short_name,image_id) VALUES (beef tenderloin,200.0,white-carnivorous,0);
INSERT INTO ingredient (name,cal_per_100,food_team_short_name,image_id) VALUES (red wine,0.0,vegetarian,0);
INSERT INTO ingredient (name,cal_per_100,food_team_short_name,image_id) VALUES (bacon,300.0,oil-nuts,0);
INSERT INTO ingredient (name,cal_per_100,food_team_short_name,image_id) VALUES (white mushroom,0.0,fruity,0);
INSERT INTO ingredient (name,cal_per_100,food_team_short_name,image_id) VALUES (flour,300.0,eggy,0);
INSERT INTO ingredient (name,cal_per_100,food_team_short_name,image_id) VALUES (dried thyme,200.0,vegetarian,0);
INSERT INTO ingredient (name,cal_per_100,food_team_short_name,image_id) VALUES (bay leaf,300.0,seafood,0);
INSERT INTO ingredient (name,cal_per_100,food_team_short_name,image_id) VALUES (heavy whipping cream,300.0,legumy,0);
INSERT INTO ingredient (name,cal_per_100,food_team_short_name,image_id) VALUES (vanilla extract,200.0,oil-nuts,0);
INSERT INTO ingredient (name,cal_per_100,food_team_short_name,image_id) VALUES (egg yolk,300.0,fruity,0);
INSERT INTO ingredient (name,cal_per_100,food_team_short_name,image_id) VALUES (baguette,200.0,vegetarian,0);
INSERT INTO ingredient (name,cal_per_100,food_team_short_name,image_id) VALUES (gruyere cheese,400.0,seafood,0);
INSERT INTO ingredient (name,cal_per_100,food_team_short_name,image_id) VALUES (sponge cake,200.0,dairy,0);
INSERT INTO ingredient (name,cal_per_100,food_team_short_name,image_id) VALUES (cherries,0.0,red-carnivorous,0);
INSERT INTO ingredient (name,cal_per_100,food_team_short_name,image_id) VALUES (chocolate,0.0,white-carnivorous,0);
INSERT INTO ingredient (name,cal_per_100,food_team_short_name,image_id) VALUES (baking soda,0.0,fruity,0);
INSERT INTO ingredient (name,cal_per_100,food_team_short_name,image_id) VALUES (kosher salt,0.0,legumy,0);
INSERT INTO ingredient (name,cal_per_100,food_team_short_name,image_id) VALUES (beef roast,100.0,white-carnivorous,0);
INSERT INTO ingredient (name,cal_per_100,food_team_short_name,image_id) VALUES (red wine vinegar,0.0,oil-nuts,0);
INSERT INTO ingredient (name,cal_per_100,food_team_short_name,image_id) VALUES (carrots,0.0,dairy,0);
INSERT INTO ingredient (name,cal_per_100,food_team_short_name,image_id) VALUES (leek,0.0,potatoy,0);
INSERT INTO ingredient (name,cal_per_100,food_team_short_name,image_id) VALUES (juniper berries,100.0,vegetarian,0);
INSERT INTO ingredient (name,cal_per_100,food_team_short_name,image_id) VALUES (cloves,200.0,red-carnivorous,0);
INSERT INTO ingredient (name,cal_per_100,food_team_short_name,image_id) VALUES (gingersnaps,400.0,fruity,0);
INSERT INTO ingredient (name,cal_per_100,food_team_short_name,image_id) VALUES (phyllo dough,200.0,dairy,0);
INSERT INTO ingredient (name,cal_per_100,food_team_short_name,image_id) VALUES (nuts,600.0,dairy,0);
INSERT INTO ingredient (name,cal_per_100,food_team_short_name,image_id) VALUES (cucumber,0.0,potatoy,0);
INSERT INTO ingredient (name,cal_per_100,food_team_short_name,image_id) VALUES (feta cheese,200.0,dairy,0);
INSERT INTO ingredient (name,cal_per_100,food_team_short_name,image_id) VALUES (black olives,100.0,fruity,0);
INSERT INTO ingredient (name,cal_per_100,food_team_short_name,image_id) VALUES (olive oil,800.0,potatoy,0);
INSERT INTO ingredient (name,cal_per_100,food_team_short_name,image_id) VALUES (dried oregano,0.0,dairy,0);
INSERT INTO ingredient (name,cal_per_100,food_team_short_name,image_id) VALUES (eggplant,0.0,seafood,0);
INSERT INTO ingredient (name,cal_per_100,food_team_short_name,image_id) VALUES (canned ripe red tomatoes,0.0,red-carnivorous,0);
INSERT INTO ingredient (name,cal_per_100,food_team_short_name,image_id) VALUES (whole milk,0.0,legumy,0);
INSERT INTO ingredient (name,cal_per_100,food_team_short_name,image_id) VALUES (nutmeg,0.0,legumy,0);
INSERT INTO ingredient (name,cal_per_100,food_team_short_name,image_id) VALUES (basmati rice,300.0,eggy,0);
INSERT INTO ingredient (name,cal_per_100,food_team_short_name,image_id) VALUES (yogurt,0.0,potatoy,0);
INSERT INTO ingredient (name,cal_per_100,food_team_short_name,image_id) VALUES (saffron,0.0,vegetarian,0);
INSERT INTO ingredient (name,cal_per_100,food_team_short_name,image_id) VALUES (coriander,200.0,vegetarian,0);
INSERT INTO ingredient (name,cal_per_100,food_team_short_name,image_id) VALUES (five spice,0.0,oil-nuts,0);
INSERT INTO ingredient (name,cal_per_100,food_team_short_name,image_id) VALUES (mangos,0.0,eggy,0);
INSERT INTO ingredient (name,cal_per_100,food_team_short_name,image_id) VALUES (cardamom,300.0,vegetarian,0);
INSERT INTO ingredient (name,cal_per_100,food_team_short_name,image_id) VALUES (spinach,0.0,vegetarian,0);
INSERT INTO ingredient (name,cal_per_100,food_team_short_name,image_id) VALUES (cottage cheese,0.0,fruity,0);
INSERT INTO ingredient (name,cal_per_100,food_team_short_name,image_id) VALUES (turmeric,300.0,oil-nuts,0);
INSERT INTO ingredient (name,cal_per_100,food_team_short_name,image_id) VALUES (veal shank,100.0,legumy,0);
INSERT INTO ingredient (name,cal_per_100,food_team_short_name,image_id) VALUES (celery,0.0,eggy,0);
INSERT INTO ingredient (name,cal_per_100,food_team_short_name,image_id) VALUES (white wine,0.0,oil-nuts,0);
INSERT INTO ingredient (name,cal_per_100,food_team_short_name,image_id) VALUES (pasta,300.0,white-carnivorous,0);
INSERT INTO ingredient (name,cal_per_100,food_team_short_name,image_id) VALUES (pancetta,300.0,seafood,0);
INSERT INTO ingredient (name,cal_per_100,food_team_short_name,image_id) VALUES (parmesan cheese,300.0,legumy,0);
INSERT INTO ingredient (name,cal_per_100,food_team_short_name,image_id) VALUES (mascarpone cheese,300.0,white-carnivorous,0);
INSERT INTO ingredient (name,cal_per_100,food_team_short_name,image_id) VALUES (ladyfingers,300.0,red-carnivorous,0);
INSERT INTO ingredient (name,cal_per_100,food_team_short_name,image_id) VALUES (coffee,0.0,legumy,0);
INSERT INTO ingredient (name,cal_per_100,food_team_short_name,image_id) VALUES (liqueur,0.0,seafood,0);
INSERT INTO ingredient (name,cal_per_100,food_team_short_name,image_id) VALUES (unsweetened cocoa powder,0.0,red-carnivorous,0);
INSERT INTO ingredient (name,cal_per_100,food_team_short_name,image_id) VALUES (matcha,300.0,dairy,0);
INSERT INTO ingredient (name,cal_per_100,food_team_short_name,image_id) VALUES (ramen noodle,400.0,dairy,0);
INSERT INTO ingredient (name,cal_per_100,food_team_short_name,image_id) VALUES (vegetable stock ,0.0,oil-nuts,0);
INSERT INTO ingredient (name,cal_per_100,food_team_short_name,image_id) VALUES (pork belly,500.0,seafood,0);
INSERT INTO ingredient (name,cal_per_100,food_team_short_name,image_id) VALUES (bamboo shoots,0.0,potatoy,0);
INSERT INTO ingredient (name,cal_per_100,food_team_short_name,image_id) VALUES (miso,100.0,vegetarian,0);
INSERT INTO ingredient (name,cal_per_100,food_team_short_name,image_id) VALUES (rice,300.0,fruity,0);
INSERT INTO ingredient (name,cal_per_100,food_team_short_name,image_id) VALUES (seasoned rice vinegar,0.0,white-carnivorous,0);
INSERT INTO ingredient (name,cal_per_100,food_team_short_name,image_id) VALUES (nori,0.0,oil-nuts,0);
INSERT INTO ingredient (name,cal_per_100,food_team_short_name,image_id) VALUES (avocado,100.0,vegetarian,0);
INSERT INTO ingredient (name,cal_per_100,food_team_short_name,image_id) VALUES (salmon,200.0,seafood,0);
INSERT INTO ingredient (name,cal_per_100,food_team_short_name,image_id) VALUES (wasabi,100.0,white-carnivorous,0);
INSERT INTO ingredient (name,cal_per_100,food_team_short_name,image_id) VALUES (ribs,200.0,seafood,0);
INSERT INTO ingredient (name,cal_per_100,food_team_short_name,image_id) VALUES (horse meat,100.0,legumy,0);
INSERT INTO ingredient (name,cal_per_100,food_team_short_name,image_id) VALUES (goat,100.0,eggy,0);
INSERT INTO ingredient (name,cal_per_100,food_team_short_name,image_id) VALUES (collard greens,0.0,fruity,0);
INSERT INTO ingredient (name,cal_per_100,food_team_short_name,image_id) VALUES (cayenne pepper,0.0,vegetarian,0);
INSERT INTO ingredient (name,cal_per_100,food_team_short_name,image_id) VALUES (cornmeal,300.0,seafood,0);
INSERT INTO ingredient (name,cal_per_100,food_team_short_name,image_id) VALUES (zucchini,0.0,seafood,0);
INSERT INTO ingredient (name,cal_per_100,food_team_short_name,image_id) VALUES (daikon,0.0,white-carnivorous,0);
INSERT INTO ingredient (name,cal_per_100,food_team_short_name,image_id) VALUES (bean sprout,0.0,white-carnivorous,0);
INSERT INTO ingredient (name,cal_per_100,food_team_short_name,image_id) VALUES (gochujang,0.0,red-carnivorous,0);
INSERT INTO ingredient (name,cal_per_100,food_team_short_name,image_id) VALUES (brown sugar,300.0,white-carnivorous,0);
INSERT INTO ingredient (name,cal_per_100,food_team_short_name,image_id) VALUES (kimchi,0.0,oil-nuts,0);
INSERT INTO ingredient (name,cal_per_100,food_team_short_name,image_id) VALUES (tofu,0.0,fruity,0);
INSERT INTO ingredient (name,cal_per_100,food_team_short_name,image_id) VALUES (red chili,0.0,red-carnivorous,0);
INSERT INTO ingredient (name,cal_per_100,food_team_short_name,image_id) VALUES (ground pork,200.0,dairy,0);
INSERT INTO ingredient (name,cal_per_100,food_team_short_name,image_id) VALUES (apple,0.0,red-carnivorous,0);
INSERT INTO ingredient (name,cal_per_100,food_team_short_name,image_id) VALUES (pears,0.0,vegetarian,0);
INSERT INTO ingredient (name,cal_per_100,food_team_short_name,image_id) VALUES (peaches,0.0,fruity,0);
INSERT INTO ingredient (name,cal_per_100,food_team_short_name,image_id) VALUES (sherry,100.0,vegetarian,0);
INSERT INTO ingredient (name,cal_per_100,food_team_short_name,image_id) VALUES (pomegranates,0.0,dairy,0);
INSERT INTO ingredient (name,cal_per_100,food_team_short_name,image_id) VALUES (sweetened condensed milk,300.0,eggy,0);
INSERT INTO ingredient (name,cal_per_100,food_team_short_name,image_id) VALUES (evaporated milk,100.0,vegetarian,0);
INSERT INTO ingredient (name,cal_per_100,food_team_short_name,image_id) VALUES (pork shoulder,200.0,oil-nuts,0);
INSERT INTO ingredient (name,cal_per_100,food_team_short_name,image_id) VALUES (pineapple juice,0.0,potatoy,0);
INSERT INTO ingredient (name,cal_per_100,food_team_short_name,image_id) VALUES (pineapple,0.0,red-carnivorous,0);
INSERT INTO ingredient (name,cal_per_100,food_team_short_name,image_id) VALUES (cilantro,0.0,potatoy,0);
INSERT INTO ingredient (name,cal_per_100,food_team_short_name,image_id) VALUES (limes,0.0,legumy,0);
INSERT INTO ingredient (name,cal_per_100,food_team_short_name,image_id) VALUES (corn tortillas,0.0,potatoy,0);
INSERT INTO ingredient (name,cal_per_100,food_team_short_name,image_id) VALUES (lamb,600.0,fruity,0);
INSERT INTO ingredient (name,cal_per_100,food_team_short_name,image_id) VALUES (pita bread,200.0,fruity,0);
INSERT INTO ingredient (name,cal_per_100,food_team_short_name,image_id) VALUES (tomato sauce,0.0,red-carnivorous,0);
INSERT INTO ingredient (name,cal_per_100,food_team_short_name,image_id) VALUES (cheddar cheese,400.0,vegetarian,0);
INSERT INTO ingredient (name,cal_per_100,food_team_short_name,image_id) VALUES (long grain rice,300.0,eggy,0);
INSERT INTO ingredient (name,cal_per_100,food_team_short_name,image_id) VALUES (potato,0.0,red-carnivorous,0);
INSERT INTO ingredient (name,cal_per_100,food_team_short_name,image_id) VALUES (dried peach,200.0,dairy,0);
INSERT INTO ingredient (name,cal_per_100,food_team_short_name,image_id) VALUES (black tea,0.0,eggy,0);
INSERT INTO ingredient (name,cal_per_100,food_team_short_name,image_id) VALUES (lamb shoulder,200.0,seafood,0);
INSERT INTO ingredient (name,cal_per_100,food_team_short_name,image_id) VALUES (stout,0.0,potatoy,0);
INSERT INTO ingredient (name,cal_per_100,food_team_short_name,image_id) VALUES (mustard,0.0,potatoy,0);
INSERT INTO ingredient (name,cal_per_100,food_team_short_name,image_id) VALUES (worcestershire sauce,0.0,oil-nuts,0);
INSERT INTO ingredient (name,cal_per_100,food_team_short_name,image_id) VALUES (bread,200.0,red-carnivorous,0);
INSERT INTO ingredient (name,cal_per_100,food_team_short_name,image_id) VALUES (lemon juice,0.0,red-carnivorous,0);
INSERT INTO ingredient (name,cal_per_100,food_team_short_name,image_id) VALUES (canned shrimp,100.0,legumy,0);
INSERT INTO ingredient (name,cal_per_100,food_team_short_name,image_id) VALUES (white bean,300.0,seafood,0);
INSERT INTO ingredient (name,cal_per_100,food_team_short_name,image_id) VALUES (chili powder,0.0,fruity,0);
INSERT INTO ingredient (name,cal_per_100,food_team_short_name,image_id) VALUES (mint,0.0,legumy,0);
INSERT INTO ingredient (name,cal_per_100,food_team_short_name,image_id) VALUES (mussels,0.0,red-carnivorous,0);
INSERT INTO ingredient (name,cal_per_100,food_team_short_name,image_id) VALUES (ground beef,200.0,dairy,0);
INSERT INTO ingredient (name,cal_per_100,food_team_short_name,image_id) VALUES (hamburger buns,200.0,dairy,0);
INSERT INTO ingredient (name,cal_per_100,food_team_short_name,image_id) VALUES (lettuce,0.0,oil-nuts,0);
INSERT INTO ingredient (name,cal_per_100,food_team_short_name,image_id) VALUES (pickle,0.0,potatoy,0);
INSERT INTO ingredient (name,cal_per_100,food_team_short_name,image_id) VALUES (garlic powder,300.0,fruity,0);
INSERT INTO ingredient (name,cal_per_100,food_team_short_name,image_id) VALUES (breadcrumbs,300.0,legumy,0);
INSERT INTO ingredient (name,cal_per_100,food_team_short_name,image_id) VALUES (barbecue sauce,0.0,white-carnivorous,0);
INSERT INTO ingredient (name,cal_per_100,food_team_short_name,image_id) VALUES (baking powder,0.0,fruity,0);
INSERT INTO ingredient (name,cal_per_100,food_team_short_name,image_id) VALUES (maple syrup,200.0,white-carnivorous,0);
INSERT INTO ingredient (name,cal_per_100,food_team_short_name,image_id) VALUES (chocolate chip,500.0,seafood,0);
INSERT INTO ingredient (name,cal_per_100,food_team_short_name,image_id) VALUES (mayonnaise,0.0,red-carnivorous,0);
INSERT INTO ingredient (name,cal_per_100,food_team_short_name,image_id) VALUES (clams,100.0,legumy,0);
INSERT INTO ingredient (name,cal_per_100,food_team_short_name,image_id) VALUES (cream,300.0,dairy,0);
INSERT INTO ingredient (name,cal_per_100,food_team_short_name,image_id) VALUES (saltine crackers,400.0,dairy,0);
INSERT INTO ingredient (name,cal_per_100,food_team_short_name,image_id) VALUES (pork,100.0,vegetarian,0);
INSERT INTO ingredient (name,cal_per_100,food_team_short_name,image_id) VALUES (tomato paste,0.0,vegetarian,0);
INSERT INTO ingredient (name,cal_per_100,food_team_short_name,image_id) VALUES (powdered sugar,300.0,seafood,0);
INSERT INTO ingredient (name,cal_per_100,food_team_short_name,image_id) VALUES (dill weed,0.0,vegetarian,0);
INSERT INTO ingredient (name,cal_per_100,food_team_short_name,image_id) VALUES (dough,200.0,fruity,0);
INSERT INTO ingredient (name,cal_per_100,food_team_short_name,image_id) VALUES (egg white,0.0,white-carnivorous,0);
INSERT INTO ingredient (name,cal_per_100,food_team_short_name,image_id) VALUES (dark chocolate,500.0,legumy,0);
INSERT INTO ingredient (name,cal_per_100,food_team_short_name,image_id) VALUES (cabbage,0.0,legumy,0);
INSERT INTO ingredient (name,cal_per_100,food_team_short_name,image_id) VALUES (sirloin steak,200.0,seafood,0);
INSERT INTO ingredient (name,cal_per_100,food_team_short_name,image_id) VALUES (sour cream,100.0,potatoy,0);
INSERT INTO ingredient (name,cal_per_100,food_team_short_name,image_id) VALUES (beets,0.0,legumy,0);
INSERT INTO ingredient (name,cal_per_100,food_team_short_name,image_id) VALUES (buckwheat groat,300.0,fruity,0);
INSERT INTO ingredient (name,cal_per_100,food_team_short_name,image_id) VALUES (green peas,0.0,oil-nuts,0);
INSERT INTO ingredient (name,cal_per_100,food_team_short_name,image_id) VALUES (cooked chicken,100.0,vegetarian,0);
INSERT INTO recipe (type,difficulty,name,description,prep_time_m,cook_time_m,cuisine_name,ingredient_name,portions,image_id) VALUES (Cooking,2,Ghapama,A traditional festive dish involving a pumpkin stuffed with rice, dried fruits, nuts, and honey, then baked until the pumpkin is tender.,20,60,Armenian,pumpkin,1,0);
INSERT INTO recipe (type,difficulty,name,description,prep_time_m,cook_time_m,cuisine_name,ingredient_name,portions,image_id) VALUES (Cooking,4,Harissa,A thick porridge made from khorasan wheat (similar to wheat berries) and chicken, traditionally cooked slowly to a creamy consistency, often served with melted butter and cinnamon.,30,240,Armenian,chicken,1,0);
INSERT INTO recipe (type,difficulty,name,description,prep_time_m,cook_time_m,cuisine_name,ingredient_name,portions,image_id) VALUES (Cooking,3,Lahmajoun,A thin, crispy flatbread topped with a spicy mixture of minced meat, tomatoes, bell peppers, and herbs.,30,5,Armenian,ground lamb,1,0);
INSERT INTO recipe (type,difficulty,name,description,prep_time_m,cook_time_m,cuisine_name,ingredient_name,portions,image_id) VALUES (Cooking,2,Beef and Broccoli,A classic Chinese stir-fry dish featuring tender slices of beef and fresh broccoli in a rich, garlicky sauce.,10,10,Chinese,beef,1,0);
INSERT INTO recipe (type,difficulty,name,description,prep_time_m,cook_time_m,cuisine_name,ingredient_name,portions,image_id) VALUES (Cooking,1,Egg Drop Soup,A simple, soothing Chinese soup made with beaten eggs poured into simmering chicken broth, seasoned with green onions and white pepper.,5,10,Chinese,chicken or vegetable stock,1,0);
INSERT INTO recipe (type,difficulty,name,description,prep_time_m,cook_time_m,cuisine_name,ingredient_name,portions,image_id) VALUES (Cooking,3,Kung Pao Chicken,A popular Sichuan dish featuring diced chicken, peanuts, and vegetables, stir-fried in a spicy, sweet, and savory sauce.,15,15,Chinese,chicken breast,1,0);
INSERT INTO recipe (type,difficulty,name,description,prep_time_m,cook_time_m,cuisine_name,ingredient_name,portions,image_id) VALUES (Cooking,3,Doro Wat,A popular and spicy Ethiopian chicken stew, Doro Wat is known for its deep, fiery red color due to a generous amount of berbere spice. It's traditionally served with injera (Ethiopian sourdough flatbread) and hard-boiled eggs.,30,120,Ethiopian,chicken,1,0);
INSERT INTO recipe (type,difficulty,name,description,prep_time_m,cook_time_m,cuisine_name,ingredient_name,portions,image_id) VALUES (Cooking,3,Injera,A staple of Ethiopian cuisine, injera is a sourdough-risen flatbread with a unique, slightly spongy texture. Traditionally made from teff flour, it is used as a plate and utensil to scoop up stews and salads.,1440,5,Ethiopian,teff,1,0);
INSERT INTO recipe (type,difficulty,name,description,prep_time_m,cook_time_m,cuisine_name,ingredient_name,portions,image_id) VALUES (Cooking,2,Kitfo,A traditional Ethiopian dish of minced raw beef seasoned with mitmita (a spicy chili powder) and niter kibbeh (clarified butter infused with herbs and spices). Often served with injera and sometimes with a mild cheese called ayib.,20,0,Ethiopian,beef tenderloin,1,0);
INSERT INTO recipe (type,difficulty,name,description,prep_time_m,cook_time_m,cuisine_name,ingredient_name,portions,image_id) VALUES (Cooking,3,Coq au Vin,A traditional French dish of chicken cooked slowly in red wine with mushrooms, onions, and bacon.,20,120,French,chicken,1,0);
INSERT INTO recipe (type,difficulty,name,description,prep_time_m,cook_time_m,cuisine_name,ingredient_name,portions,image_id) VALUES (Pastry,3,Crème Brûlée,A rich custard base topped with a contrasting layer of hard caramel, achieved by torching a layer of sugar on top.,15,40,French,heavy whipping cream,1,0);
INSERT INTO recipe (type,difficulty,name,description,prep_time_m,cook_time_m,cuisine_name,ingredient_name,portions,image_id) VALUES (Cooking,2,French Onion Soup,A classic French soup made with caramelized onions and beef broth, typically served with a cheese-topped toasted baguette slice.,15,45,French,onions,1,0);
INSERT INTO recipe (type,difficulty,name,description,prep_time_m,cook_time_m,cuisine_name,ingredient_name,portions,image_id) VALUES (Pastry,3,Black Forest Cake,A famous German dessert consisting of several layers of chocolate sponge cake sandwiched with whipped cream and cherries. It is decorated with additional whipped cream, chocolate shavings, and cherries.,60,30,German,sponge cake,1,0);
INSERT INTO recipe (type,difficulty,name,description,prep_time_m,cook_time_m,cuisine_name,ingredient_name,portions,image_id) VALUES (Cooking,2,Pretzels,Iconic German twisted bread, known for its distinctive knot-like shape, crispy crust, and soft, chewy texture. Pretzels are typically sprinkled with coarse salt.,30,15,German,unbleached flour,1,0);
INSERT INTO recipe (type,difficulty,name,description,prep_time_m,cook_time_m,cuisine_name,ingredient_name,portions,image_id) VALUES (Cooking,4,Sauerbraten,A traditional German pot roast, usually of beef (or sometimes pork, lamb, or mutton), marinated before slow-cooking as pot roast. The meat is tenderized and imbued with a complex sour-sweet flavor from the marinade, containing vinegar, wine, and spices.,1440,180,German,beef roast,1,0);
INSERT INTO recipe (type,difficulty,name,description,prep_time_m,cook_time_m,cuisine_name,ingredient_name,portions,image_id) VALUES (Pastry,3,Baklava,A sweet dessert pastry made of layers of filo filled with chopped nuts, sweetened with syrup or honey.,20,50,Greek,phyllo dough,1,0);
INSERT INTO recipe (type,difficulty,name,description,prep_time_m,cook_time_m,cuisine_name,ingredient_name,portions,image_id) VALUES (Cooking,1,Greek Salad (Horiatiki),A traditional Greek salad made with fresh vegetables, Kalamata olives, and feta cheese, dressed with olive oil.,15,0,Greek,cucumber,1,0);
INSERT INTO recipe (type,difficulty,name,description,prep_time_m,cook_time_m,cuisine_name,ingredient_name,portions,image_id) VALUES (Cooking,4,Moussaka,A rich, layered eggplant and meat casserole, topped with a creamy béchamel sauce.,30,60,Greek,eggplant,1,0);
INSERT INTO recipe (type,difficulty,name,description,prep_time_m,cook_time_m,cuisine_name,ingredient_name,portions,image_id) VALUES (Cooking,4,Chicken Biryani,A flavorful rice dish made with basmati rice, chicken marinated in spices, and cooked with saffron and herbs.,30,60,Indian,chicken,1,0);
INSERT INTO recipe (type,difficulty,name,description,prep_time_m,cook_time_m,cuisine_name,ingredient_name,portions,image_id) VALUES (Pastry,1,Mango Lassi,A refreshing yogurt-based mango drink, blended with milk, sugar, and a touch of cardamom.,10,0,Indian,mangos,1,0);
INSERT INTO recipe (type,difficulty,name,description,prep_time_m,cook_time_m,cuisine_name,ingredient_name,portions,image_id) VALUES (Cooking,2,Palak Paneer,A smooth spinach curry served with paneer, seasoned with garam masala and other spices.,20,30,Indian,spinach,1,0);
INSERT INTO recipe (type,difficulty,name,description,prep_time_m,cook_time_m,cuisine_name,ingredient_name,portions,image_id) VALUES (Cooking,4,Osso Buco,A Milanese specialty of braised veal shanks, cooked slowly with vegetables, white wine, and broth, garnished with gremolata.,20,120,Italian,veal shank,1,0);
INSERT INTO recipe (type,difficulty,name,description,prep_time_m,cook_time_m,cuisine_name,ingredient_name,portions,image_id) VALUES (Cooking,2,Spaghetti Carbonara,A classic Roman pasta dish made with eggs, cheese, pancetta, and pepper, known for its creamy texture without the use of cream.,10,20,Italian,pasta,1,0);
INSERT INTO recipe (type,difficulty,name,description,prep_time_m,cook_time_m,cuisine_name,ingredient_name,portions,image_id) VALUES (Pastry,2,Tiramisu,A popular coffee-flavored dessert made from layers of ladyfingers dipped in coffee, mascarpone cheese, and dusted with cocoa powder.,30,0,Italian,egg yolk,1,0);
INSERT INTO recipe (type,difficulty,name,description,prep_time_m,cook_time_m,cuisine_name,ingredient_name,portions,image_id) VALUES (Pastry,2,Matcha Ice Cream,A creamy, sweet ice cream flavored with matcha green tea powder, offering a unique and refreshing taste.,15,0,Japanese,heavy whipping cream,1,0);
INSERT INTO recipe (type,difficulty,name,description,prep_time_m,cook_time_m,cuisine_name,ingredient_name,portions,image_id) VALUES (Cooking,3,Ramen,A popular Japanese noodle soup with a rich, savory broth, typically topped with slices of pork, boiled eggs, green onions, and bamboo shoots.,15,45,Japanese,ramen noodle,1,0);
INSERT INTO recipe (type,difficulty,name,description,prep_time_m,cook_time_m,cuisine_name,ingredient_name,portions,image_id) VALUES (Cooking,3,Sushi Rolls (Maki Sushi),Traditional Japanese sushi rolls consisting of sushi rice, seaweed (nori), and various fillings such as fish, vegetables, or avocado.,30,20,Japanese,rice,1,0);
INSERT INTO recipe (type,difficulty,name,description,prep_time_m,cook_time_m,cuisine_name,ingredient_name,portions,image_id) VALUES (Cooking,4,Beshbarmak,Kazakhstan’s national dish, beshbarmak means 'five fingers,' referring to the traditional way of eating this dish by hand. It consists of boiled meat (usually horse or lamb), served over homemade pasta and topped with a meat broth called shorpa.,60,180,Kazakh,beef,1,0);
INSERT INTO recipe (type,difficulty,name,description,prep_time_m,cook_time_m,cuisine_name,ingredient_name,portions,image_id) VALUES (Cooking,4,Kazy,A traditional Kazakh sausage made from horse meat and fat, seasoned with garlic and spices, and typically smoked or boiled.,120,90,Kazakh,ribs,1,0);
INSERT INTO recipe (type,difficulty,name,description,prep_time_m,cook_time_m,cuisine_name,ingredient_name,portions,image_id) VALUES (Cooking,2,Kurt,A traditional Kazakh snack made from dried cheese curd, formed into balls and left to harden, noted for its salty and sour taste. It's a popular snack among nomadic cultures due to its long shelf life.,30,0,Kazakh,whole milk,1,0);
INSERT INTO recipe (type,difficulty,name,description,prep_time_m,cook_time_m,cuisine_name,ingredient_name,portions,image_id) VALUES (Cooking,2,Nyama Choma,Nyama Choma, which means 'grilled meat' in Swahili, is a beloved Kenyan barbecue dish typically made with goat meat, though beef or chicken can also be used. It is often enjoyed at social gatherings and served with kachumbari and Ugali.,30,60,Kenyan,goat,1,0);
INSERT INTO recipe (type,difficulty,name,description,prep_time_m,cook_time_m,cuisine_name,ingredient_name,portions,image_id) VALUES (Cooking,1,Sukuma Wiki,Sukuma Wiki, meaning 'to push the week,' is a nutritious and economical Kenyan dish made with collard greens, often cooked with onions and spices, and is a perfect complement to Ugali.,10,20,Kenyan,collard greens,1,0);
INSERT INTO recipe (type,difficulty,name,description,prep_time_m,cook_time_m,cuisine_name,ingredient_name,portions,image_id) VALUES (Cooking,1,Ugali,A staple dish in Kenyan cuisine, Ugali is a simple cornmeal porridge, firm enough to be eaten by hand and used to scoop up meat, vegetables, or sauces.,5,15,Kenyan,cornmeal,1,0);
INSERT INTO recipe (type,difficulty,name,description,prep_time_m,cook_time_m,cuisine_name,ingredient_name,portions,image_id) VALUES (Cooking,3,Bibimbap,A popular Korean dish that means 'mixed rice.' It's served as a bowl of warm white rice topped with sautéed and seasoned vegetables, chili pepper paste (gochujang), a fried egg, and sliced meat (usually beef).,30,20,Korean,rice,1,0);
INSERT INTO recipe (type,difficulty,name,description,prep_time_m,cook_time_m,cuisine_name,ingredient_name,portions,image_id) VALUES (Pastry,2,Hoddeok,A popular Korean street food, these sweet pancakes are filled with a brown sugar, cinnamon, and nut mixture, typically eaten during the winter.,60,10,Korean,unbleached flour,1,0);
INSERT INTO recipe (type,difficulty,name,description,prep_time_m,cook_time_m,cuisine_name,ingredient_name,portions,image_id) VALUES (Cooking,2,Kimchi Jjigae,A hearty, spicy stew made with kimchi, tofu, pork (or seafood), and various seasonings, typically served boiling hot.,15,25,Korean,kimchi,1,0);
INSERT INTO recipe (type,difficulty,name,description,prep_time_m,cook_time_m,cuisine_name,ingredient_name,portions,image_id) VALUES (Cooking,5,Chiles en Nogada,A renowned Mexican dish featuring poblano chiles stuffed with picadillo (a mixture of meat, fruits, and spices), topped with a walnut-based cream sauce and pomegranate seeds.,45,30,Mexican,red chili,1,0);
INSERT INTO recipe (type,difficulty,name,description,prep_time_m,cook_time_m,cuisine_name,ingredient_name,portions,image_id) VALUES (Pastry,3,Flan,A creamy caramel-topped custard dessert, known for its rich texture and vanilla flavor, a staple in Mexican cuisine.,15,45,Mexican,sugar,1,0);
INSERT INTO recipe (type,difficulty,name,description,prep_time_m,cook_time_m,cuisine_name,ingredient_name,portions,image_id) VALUES (Cooking,4,Tacos al Pastor,A popular Mexican street food featuring marinated pork cooked on a vertical spit, served on small tortillas with pineapple, onions, and cilantro.,30,90,Mexican,pork shoulder,1,0);
INSERT INTO recipe (type,difficulty,name,description,prep_time_m,cook_time_m,cuisine_name,ingredient_name,portions,image_id) VALUES (Pastry,3,Baklava,A rich, sweet pastry made of layers of filo filled with chopped nuts and sweetened with syrup or honey.,30,50,Turkish,phyllo dough,1,0);
INSERT INTO recipe (type,difficulty,name,description,prep_time_m,cook_time_m,cuisine_name,ingredient_name,portions,image_id) VALUES (Cooking,3,İskender Kebab,A famous Turkish dish consisting of thinly cut grilled lamb basted with hot tomato sauce over pieces of pita bread and generously slathered with melted sheep butter and yogurt.,20,10,Turkish,lamb,1,0);
INSERT INTO recipe (type,difficulty,name,description,prep_time_m,cook_time_m,cuisine_name,ingredient_name,portions,image_id) VALUES (Cooking,2,Lahmacun,Often dubbed 'Turkish Pizza,' Lahmacun is a round, thin piece of dough topped with minced meat (most commonly beef or lamb), vegetables, herbs, and spices, baked until crispy.,30,5,Turkish,beef,1,0);
INSERT INTO recipe (type,difficulty,name,description,prep_time_m,cook_time_m,cuisine_name,ingredient_name,portions,image_id) VALUES (Cooking,3,Gutap,These are savory fried pies filled with a mixture of finely chopped herbs, spinach, and sometimes an addition of eggs or cheese, making them a popular snack or light meal.,30,30,Turkmen,flour,1,0);
INSERT INTO recipe (type,difficulty,name,description,prep_time_m,cook_time_m,cuisine_name,ingredient_name,portions,image_id) VALUES (Cooking,3,Palaw,A central dish in Turkmen cuisine, Palaw (or pilaf) is a rice dish cooked with pieces of meat, usually lamb, carrots, onions, and a generous amount of Turkmen saffron.,20,60,Turkmen,lamb,1,0);
INSERT INTO recipe (type,difficulty,name,description,prep_time_m,cook_time_m,cuisine_name,ingredient_name,portions,image_id) VALUES (Cooking,2,Shurpa,A hearty and warming soup traditionally made with lamb and a variety of root vegetables, enriched with fresh herbs and spices, making it a staple during Turkmen winters.,15,120,Turkmen,lamb,1,0);
INSERT INTO recipe (type,difficulty,name,description,prep_time_m,cook_time_m,cuisine_name,ingredient_name,portions,image_id) VALUES (Pastry,2,Bara Brith,A traditional Welsh tea bread, Bara Brith translates to 'speckled bread' due to the rich mixture of dried fruits and spices within. It is customarily served sliced and buttered.,15,90,Welsh,dried peach,1,0);
INSERT INTO recipe (type,difficulty,name,description,prep_time_m,cook_time_m,cuisine_name,ingredient_name,portions,image_id) VALUES (Cooking,2,Cawl,Cawl is a hearty Welsh stew made of lamb and root vegetables, embodying a rich mix of local produce and traditional cooking. It's a comforting dish, especially popular during colder months.,20,180,Welsh,lamb shoulder,1,0);
INSERT INTO recipe (type,difficulty,name,description,prep_time_m,cook_time_m,cuisine_name,ingredient_name,portions,image_id) VALUES (Cooking,2,Welsh Rarebit,A savory dish made from a deliciously rich cheese sauce, typically served hot over toasted bread. This classic Welsh dish is often enhanced with beer, mustard, and Worcestershire sauce for added flavor.,10,10,Welsh,butter,1,0);
INSERT INTO recipe (type,difficulty,name,description,prep_time_m,cook_time_m,cuisine_name,ingredient_name,portions,image_id) VALUES (Cooking,3,Tavë Kosi,A traditional Albanian dish of baked lamb and rice, topped with a yogurt and egg mixture.,20,60,Albanian,lamb,1,0);
INSERT INTO recipe (type,difficulty,name,description,prep_time_m,cook_time_m,cuisine_name,ingredient_name,portions,image_id) VALUES (Pastry,4,Bakllasarem,A sweet pastry filled with a mixture of walnuts, sugar, and cinnamon, similar to baklava.,30,45,Albanian,phyllo dough,1,0);
INSERT INTO recipe (type,difficulty,name,description,prep_time_m,cook_time_m,cuisine_name,ingredient_name,portions,image_id) VALUES (Cooking,2,Fërgesë,A hearty dish of peppers, tomatoes, and cottage cheese, often served as a warm side dish or main course.,15,30,Albanian,red bell pepper,1,0);
INSERT INTO recipe (type,difficulty,name,description,prep_time_m,cook_time_m,cuisine_name,ingredient_name,portions,image_id) VALUES (Cooking,3,Speca të mbushur,Bell peppers stuffed with rice, herbs, and seafood, baked until tender.,20,40,Albanian,red bell pepper,1,0);
INSERT INTO recipe (type,difficulty,name,description,prep_time_m,cook_time_m,cuisine_name,ingredient_name,portions,image_id) VALUES (Cooking,3,Byrek me Spinaq,A savory pie made with phyllo dough, filled with spinach and feta cheese.,20,30,Albanian,phyllo dough,1,0);
INSERT INTO recipe (type,difficulty,name,description,prep_time_m,cook_time_m,cuisine_name,ingredient_name,portions,image_id) VALUES (Cooking,2,Jani me fasule,A traditional bean stew slowly cooked with onions, tomatoes, and spices.,15,120,Albanian,white bean,1,0);
INSERT INTO recipe (type,difficulty,name,description,prep_time_m,cook_time_m,cuisine_name,ingredient_name,portions,image_id) VALUES (Pastry,3,Shëndetli,A walnut cake soaked in syrup, often served during special occasions and holidays.,20,30,Albanian,walnuts,1,0);
INSERT INTO recipe (type,difficulty,name,description,prep_time_m,cook_time_m,cuisine_name,ingredient_name,portions,image_id) VALUES (Cooking,2,Qifqi,Rice balls seasoned with mint and fried until crispy, a popular dish from Gjirokastër.,15,10,Albanian,rice,1,0);
INSERT INTO recipe (type,difficulty,name,description,prep_time_m,cook_time_m,cuisine_name,ingredient_name,portions,image_id) VALUES (Cooking,1,Përime në zgare,A variety of grilled vegetables, typically seasoned with olive oil, salt, and herbs.,10,15,Albanian,zucchini,1,0);
INSERT INTO recipe (type,difficulty,name,description,prep_time_m,cook_time_m,cuisine_name,ingredient_name,portions,image_id) VALUES (Cooking,2,Mish me midhje,A seafood dish featuring sautéed mussels with garlic, wine, and fresh herbs, often served over pasta or with crusty bread.,15,30,Albanian,mussels,1,0);
INSERT INTO recipe (type,difficulty,name,description,prep_time_m,cook_time_m,cuisine_name,ingredient_name,portions,image_id) VALUES (Cooking,2,Cheeseburger,A classic American cheeseburger with a juicy beef patty, topped with cheddar cheese, lettuce, tomato, onions, and pickles, served on a toasted bun.,10,10,American,ground beef,1,0);
INSERT INTO recipe (type,difficulty,name,description,prep_time_m,cook_time_m,cuisine_name,ingredient_name,portions,image_id) VALUES (Pastry,3,Apple Pie,A traditional American dessert, this apple pie features a flaky pastry crust filled with sweet and spicy cinnamon apple filling.,30,45,American,unbleached flour,1,0);
INSERT INTO recipe (type,difficulty,name,description,prep_time_m,cook_time_m,cuisine_name,ingredient_name,portions,image_id) VALUES (Cooking,2,Fried Chicken,Crispy fried chicken, seasoned with a blend of spices and fried to a perfect golden brown.,20,20,American,chicken,1,0);
INSERT INTO recipe (type,difficulty,name,description,prep_time_m,cook_time_m,cuisine_name,ingredient_name,portions,image_id) VALUES (Cooking,2,Macaroni and Cheese,A creamy, cheesy macaroni and cheese dish, baked until bubbly and golden.,10,20,American,pasta,1,0);
INSERT INTO recipe (type,difficulty,name,description,prep_time_m,cook_time_m,cuisine_name,ingredient_name,portions,image_id) VALUES (Cooking,3,Barbecue Ribs,Slow-cooked pork ribs slathered in barbecue sauce, grilled until tender and caramelized.,15,180,American,ribs,1,0);
INSERT INTO recipe (type,difficulty,name,description,prep_time_m,cook_time_m,cuisine_name,ingredient_name,portions,image_id) VALUES (Cooking,1,Pancakes,Fluffy American pancakes, served hot with butter and maple syrup.,10,15,American,unbleached flour,1,0);
INSERT INTO recipe (type,difficulty,name,description,prep_time_m,cook_time_m,cuisine_name,ingredient_name,portions,image_id) VALUES (Pastry,2,Chocolate Chip Cookies,Classic soft and chewy chocolate chip cookies, loaded with chocolate chips and baked to perfection.,15,10,American,unbleached flour,1,0);
INSERT INTO recipe (type,difficulty,name,description,prep_time_m,cook_time_m,cuisine_name,ingredient_name,portions,image_id) VALUES (Cooking,1,BLT Sandwich,A simple but delicious sandwich with bacon, lettuce, and tomato, served on toasted bread with mayonnaise.,5,10,American,bacon,1,0);
INSERT INTO recipe (type,difficulty,name,description,prep_time_m,cook_time_m,cuisine_name,ingredient_name,portions,image_id) VALUES (Cooking,3,Clam Chowder,A creamy New England clam chowder, rich with clams, potatoes, onions, and celery, thickened with cream and served with oyster crackers.,20,45,American,bacon,1,0);
INSERT INTO recipe (type,difficulty,name,description,prep_time_m,cook_time_m,cuisine_name,ingredient_name,portions,image_id) VALUES (Pastry,2,Brownies,Rich, fudgy chocolate brownies with a moist center and crispy edges, filled with chunks of chocolate.,10,25,American,butter,1,0);
INSERT INTO recipe (type,difficulty,name,description,prep_time_m,cook_time_m,cuisine_name,ingredient_name,portions,image_id) VALUES (Cooking,1,Shopska Salata,A traditional Bulgarian salad made from tomatoes, cucumbers, onions, and topped with a generous amount of sirene cheese.,15,0,Bulgarian,tomato,1,0);
INSERT INTO recipe (type,difficulty,name,description,prep_time_m,cook_time_m,cuisine_name,ingredient_name,portions,image_id) VALUES (Cooking,3,Kavarma,A hearty Bulgarian stew made with meat (typically pork or chicken), onions, mushrooms, and peppers, seasoned with paprika and herbs.,20,60,Bulgarian,pork,1,0);
INSERT INTO recipe (type,difficulty,name,description,prep_time_m,cook_time_m,cuisine_name,ingredient_name,portions,image_id) VALUES (Cooking,3,Banitsa,A traditional Bulgarian pastry made from layers of phyllo dough filled with eggs and cheese.,20,40,Bulgarian,phyllo dough,1,0);
INSERT INTO recipe (type,difficulty,name,description,prep_time_m,cook_time_m,cuisine_name,ingredient_name,portions,image_id) VALUES (Cooking,2,Mekitsa,A traditional Bulgarian breakfast, mekitsa is a deep-fried dough pastry, served with powdered sugar, honey, or jam.,30,15,Bulgarian,flour,1,0);
INSERT INTO recipe (type,difficulty,name,description,prep_time_m,cook_time_m,cuisine_name,ingredient_name,portions,image_id) VALUES (Cooking,3,Musaka,Bulgarian style moussaka is a baked dish of potatoes, minced meat, and a topping of yogurt and eggs, similar to the Greek version but without eggplant.,30,90,Bulgarian,potato,1,0);
INSERT INTO recipe (type,difficulty,name,description,prep_time_m,cook_time_m,cuisine_name,ingredient_name,portions,image_id) VALUES (Cooking,1,Tarator,A cold yogurt soup popular in the summer, made with cucumbers, garlic, dill, and walnuts.,10,0,Bulgarian,yogurt,1,0);
INSERT INTO recipe (type,difficulty,name,description,prep_time_m,cook_time_m,cuisine_name,ingredient_name,portions,image_id) VALUES (Pastry,3,Kadaif,A dessert of shredded phyllo dough, baked with nuts and saturated with syrup.,20,40,Bulgarian,dough,1,0);
INSERT INTO recipe (type,difficulty,name,description,prep_time_m,cook_time_m,cuisine_name,ingredient_name,portions,image_id) VALUES (Cooking,1,Bulgarian Cheese Toast,A quick and satisfying breakfast item made with bread, Bulgarian cheese, and often topped with a fried egg.,5,5,Bulgarian,bread,1,0);
INSERT INTO recipe (type,difficulty,name,description,prep_time_m,cook_time_m,cuisine_name,ingredient_name,portions,image_id) VALUES (Pastry,4,Garash Cake,A rich chocolate cake made with layers of walnut sponge cake and dark chocolate ganache, named after the Hungarian pastry chef Garash.,30,30,Bulgarian,egg white,1,0);
INSERT INTO recipe (type,difficulty,name,description,prep_time_m,cook_time_m,cuisine_name,ingredient_name,portions,image_id) VALUES (Cooking,3,Sarmi,Traditional Bulgarian stuffed cabbage rolls filled with a mix of minced meats, rice, and herbs, cooked in a tomato-based sauce.,30,60,Bulgarian,cabbage,1,0);
INSERT INTO recipe (type,difficulty,name,description,prep_time_m,cook_time_m,cuisine_name,ingredient_name,portions,image_id) VALUES (Cooking,3,Beef Stroganoff,A classic rich and creamy Russian dish featuring sautéed pieces of beef served in a sauce with smetana (sour cream).,15,30,Russian,sirloin steak,1,0);
INSERT INTO recipe (type,difficulty,name,description,prep_time_m,cook_time_m,cuisine_name,ingredient_name,portions,image_id) VALUES (Pastry,4,Medovik,A popular Russian honey cake featuring several thin layers of cake filled with sweetened sour cream.,30,60,Russian,honey,1,0);
INSERT INTO recipe (type,difficulty,name,description,prep_time_m,cook_time_m,cuisine_name,ingredient_name,portions,image_id) VALUES (Cooking,2,Borscht,A hearty beet soup traditionally served hot or cold with a dollop of sour cream.,20,120,Russian,beets,1,0);
INSERT INTO recipe (type,difficulty,name,description,prep_time_m,cook_time_m,cuisine_name,ingredient_name,portions,image_id) VALUES (Cooking,4,Pelmeni,Traditional Russian dumplings filled with minced meat and wrapped in a thin dough, served with butter or sour cream.,60,10,Russian,flour,1,0);
INSERT INTO recipe (type,difficulty,name,description,prep_time_m,cook_time_m,cuisine_name,ingredient_name,portions,image_id) VALUES (Cooking,2,Syrniki,Sweet cheese pancakes made from tvorog (cottage cheese), typically served with sour cream or jam.,10,15,Russian,cheddar cheese,1,0);
INSERT INTO recipe (type,difficulty,name,description,prep_time_m,cook_time_m,cuisine_name,ingredient_name,portions,image_id) VALUES (Cooking,1,Kasha,A staple of Russian cuisine, kasha refers to any grain cooked in water or milk, often served as a side dish.,5,25,Russian,buckwheat groat,1,0);
INSERT INTO recipe (type,difficulty,name,description,prep_time_m,cook_time_m,cuisine_name,ingredient_name,portions,image_id) VALUES (Pastry,3,Pryaniki,Traditional Russian honey bread cookies spiced with ginger and cloves, often glazed with sugar icing.,20,25,Russian,honey,1,0);
INSERT INTO recipe (type,difficulty,name,description,prep_time_m,cook_time_m,cuisine_name,ingredient_name,portions,image_id) VALUES (Pastry,4,Zefir,A type of soft confectionery made by whipping fruit and berry purée with sugar and egg whites, similar to marshmallows.,45,0,Russian,apple,1,0);
INSERT INTO recipe (type,difficulty,name,description,prep_time_m,cook_time_m,cuisine_name,ingredient_name,portions,image_id) VALUES (Cooking,2,Olivier Salad,Also known as Russian Salad, this dish is a combination of diced potatoes, vegetables, eggs, and meat dressed with mayonnaise.,30,20,Russian,potato,1,0);
INSERT INTO recipe (type,difficulty,name,description,prep_time_m,cook_time_m,cuisine_name,ingredient_name,portions,image_id) VALUES (Cooking,2,Shchi,A traditional Russian soup made with cabbage, meat, and various vegetables, known for its hearty and comforting qualities.,15,60,Russian,onions,1,0);
INSERT INTO recipe_has_meal (recipe_name,recipe_cuisine_name,meal_type) VALUES (Ghapama,Armenian,dinner);
INSERT INTO recipe_has_meal (recipe_name,recipe_cuisine_name,meal_type) VALUES (Harissa,Armenian,dinner);
INSERT INTO recipe_has_meal (recipe_name,recipe_cuisine_name,meal_type) VALUES (Lahmajoun,Armenian,lunch);
INSERT INTO recipe_has_meal (recipe_name,recipe_cuisine_name,meal_type) VALUES (Beef and Broccoli,Chinese,dinner);
INSERT INTO recipe_has_meal (recipe_name,recipe_cuisine_name,meal_type) VALUES (Egg Drop Soup,Chinese,dinner);
INSERT INTO recipe_has_meal (recipe_name,recipe_cuisine_name,meal_type) VALUES (Kung Pao Chicken,Chinese,dinner);
INSERT INTO recipe_has_meal (recipe_name,recipe_cuisine_name,meal_type) VALUES (Doro Wat,Ethiopian,dinner);
INSERT INTO recipe_has_meal (recipe_name,recipe_cuisine_name,meal_type) VALUES (Injera,Ethiopian,all meals);
INSERT INTO recipe_has_meal (recipe_name,recipe_cuisine_name,meal_type) VALUES (Kitfo,Ethiopian,dinner);
INSERT INTO recipe_has_meal (recipe_name,recipe_cuisine_name,meal_type) VALUES (Coq au Vin,French,dinner);
INSERT INTO recipe_has_meal (recipe_name,recipe_cuisine_name,meal_type) VALUES (Crème Brûlée,French,dessert);
INSERT INTO recipe_has_meal (recipe_name,recipe_cuisine_name,meal_type) VALUES (French Onion Soup,French,dinner);
INSERT INTO recipe_has_meal (recipe_name,recipe_cuisine_name,meal_type) VALUES (Black Forest Cake,German,dessert);
INSERT INTO recipe_has_meal (recipe_name,recipe_cuisine_name,meal_type) VALUES (Pretzels,German,snack);
INSERT INTO recipe_has_meal (recipe_name,recipe_cuisine_name,meal_type) VALUES (Sauerbraten,German,dinner);
INSERT INTO recipe_has_meal (recipe_name,recipe_cuisine_name,meal_type) VALUES (Baklava,Greek,dessert);
INSERT INTO recipe_has_meal (recipe_name,recipe_cuisine_name,meal_type) VALUES (Greek Salad (Horiatiki),Greek,lunch);
INSERT INTO recipe_has_meal (recipe_name,recipe_cuisine_name,meal_type) VALUES (Moussaka,Greek,dinner);
INSERT INTO recipe_has_meal (recipe_name,recipe_cuisine_name,meal_type) VALUES (Chicken Biryani,Indian,dinner);
INSERT INTO recipe_has_meal (recipe_name,recipe_cuisine_name,meal_type) VALUES (Mango Lassi,Indian,dessert);
INSERT INTO recipe_has_meal (recipe_name,recipe_cuisine_name,meal_type) VALUES (Palak Paneer,Indian,dinner);
INSERT INTO recipe_has_meal (recipe_name,recipe_cuisine_name,meal_type) VALUES (Osso Buco,Italian,dinner);
INSERT INTO recipe_has_meal (recipe_name,recipe_cuisine_name,meal_type) VALUES (Spaghetti Carbonara,Italian,dinner);
INSERT INTO recipe_has_meal (recipe_name,recipe_cuisine_name,meal_type) VALUES (Tiramisu,Italian,dessert);
INSERT INTO recipe_has_meal (recipe_name,recipe_cuisine_name,meal_type) VALUES (Matcha Ice Cream,Japanese,dessert);
INSERT INTO recipe_has_meal (recipe_name,recipe_cuisine_name,meal_type) VALUES (Ramen,Japanese,dinner);
INSERT INTO recipe_has_meal (recipe_name,recipe_cuisine_name,meal_type) VALUES (Sushi Rolls (Maki Sushi),Japanese,lunch);
INSERT INTO recipe_has_meal (recipe_name,recipe_cuisine_name,meal_type) VALUES (Beshbarmak,Kazakh,dinner);
INSERT INTO recipe_has_meal (recipe_name,recipe_cuisine_name,meal_type) VALUES (Kazy,Kazakh,lunch);
INSERT INTO recipe_has_meal (recipe_name,recipe_cuisine_name,meal_type) VALUES (Kurt,Kazakh,snack);
INSERT INTO recipe_has_meal (recipe_name,recipe_cuisine_name,meal_type) VALUES (Nyama Choma,Kenyan,dinner);
INSERT INTO recipe_has_meal (recipe_name,recipe_cuisine_name,meal_type) VALUES (Sukuma Wiki,Kenyan,dinner);
INSERT INTO recipe_has_meal (recipe_name,recipe_cuisine_name,meal_type) VALUES (Ugali,Kenyan,dinner);
INSERT INTO recipe_has_meal (recipe_name,recipe_cuisine_name,meal_type) VALUES (Bibimbap,Korean,dinner);
INSERT INTO recipe_has_meal (recipe_name,recipe_cuisine_name,meal_type) VALUES (Hoddeok,Korean,dessert);
INSERT INTO recipe_has_meal (recipe_name,recipe_cuisine_name,meal_type) VALUES (Kimchi Jjigae,Korean,dinner);
INSERT INTO recipe_has_meal (recipe_name,recipe_cuisine_name,meal_type) VALUES (Chiles en Nogada,Mexican,dinner);
INSERT INTO recipe_has_meal (recipe_name,recipe_cuisine_name,meal_type) VALUES (Flan,Mexican,dessert);
INSERT INTO recipe_has_meal (recipe_name,recipe_cuisine_name,meal_type) VALUES (Tacos al Pastor,Mexican,dinner);
INSERT INTO recipe_has_meal (recipe_name,recipe_cuisine_name,meal_type) VALUES (Baklava,Turkish,dessert);
INSERT INTO recipe_has_meal (recipe_name,recipe_cuisine_name,meal_type) VALUES (İskender Kebab,Turkish,dinner);
INSERT INTO recipe_has_meal (recipe_name,recipe_cuisine_name,meal_type) VALUES (Lahmacun,Turkish,lunch);
INSERT INTO recipe_has_meal (recipe_name,recipe_cuisine_name,meal_type) VALUES (Gutap,Turkmen,lunch);
INSERT INTO recipe_has_meal (recipe_name,recipe_cuisine_name,meal_type) VALUES (Palaw,Turkmen,dinner);
INSERT INTO recipe_has_meal (recipe_name,recipe_cuisine_name,meal_type) VALUES (Shurpa,Turkmen,dinner);
INSERT INTO recipe_has_meal (recipe_name,recipe_cuisine_name,meal_type) VALUES (Bara Brith,Welsh,dessert);
INSERT INTO recipe_has_meal (recipe_name,recipe_cuisine_name,meal_type) VALUES (Cawl,Welsh,dinner);
INSERT INTO recipe_has_meal (recipe_name,recipe_cuisine_name,meal_type) VALUES (Welsh Rarebit,Welsh,dinner);
INSERT INTO recipe_has_meal (recipe_name,recipe_cuisine_name,meal_type) VALUES (Tavë Kosi,Albanian,dinner);
INSERT INTO recipe_has_meal (recipe_name,recipe_cuisine_name,meal_type) VALUES (Bakllasarem,Albanian,dessert);
INSERT INTO recipe_has_meal (recipe_name,recipe_cuisine_name,meal_type) VALUES (Fërgesë,Albanian,lunch);
INSERT INTO recipe_has_meal (recipe_name,recipe_cuisine_name,meal_type) VALUES (Speca të mbushur,Albanian,dinner);
INSERT INTO recipe_has_meal (recipe_name,recipe_cuisine_name,meal_type) VALUES (Byrek me Spinaq,Albanian,breakfast);
INSERT INTO recipe_has_meal (recipe_name,recipe_cuisine_name,meal_type) VALUES (Jani me fasule,Albanian,dinner);
INSERT INTO recipe_has_meal (recipe_name,recipe_cuisine_name,meal_type) VALUES (Shëndetli,Albanian,dessert);
INSERT INTO recipe_has_meal (recipe_name,recipe_cuisine_name,meal_type) VALUES (Qifqi,Albanian,lunch);
INSERT INTO recipe_has_meal (recipe_name,recipe_cuisine_name,meal_type) VALUES (Përime në zgare,Albanian,dinner);
INSERT INTO recipe_has_meal (recipe_name,recipe_cuisine_name,meal_type) VALUES (Mish me midhje,Albanian,brunch);
INSERT INTO recipe_has_meal (recipe_name,recipe_cuisine_name,meal_type) VALUES (Cheeseburger,American,dinner);
INSERT INTO recipe_has_meal (recipe_name,recipe_cuisine_name,meal_type) VALUES (Apple Pie,American,dessert);
INSERT INTO recipe_has_meal (recipe_name,recipe_cuisine_name,meal_type) VALUES (Fried Chicken,American,lunch);
INSERT INTO recipe_has_meal (recipe_name,recipe_cuisine_name,meal_type) VALUES (Macaroni and Cheese,American,dinner);
INSERT INTO recipe_has_meal (recipe_name,recipe_cuisine_name,meal_type) VALUES (Barbecue Ribs,American,dinner);
INSERT INTO recipe_has_meal (recipe_name,recipe_cuisine_name,meal_type) VALUES (Pancakes,American,breakfast);
INSERT INTO recipe_has_meal (recipe_name,recipe_cuisine_name,meal_type) VALUES (Chocolate Chip Cookies,American,dessert);
INSERT INTO recipe_has_meal (recipe_name,recipe_cuisine_name,meal_type) VALUES (BLT Sandwich,American,lunch);
INSERT INTO recipe_has_meal (recipe_name,recipe_cuisine_name,meal_type) VALUES (Clam Chowder,American,dinner);
INSERT INTO recipe_has_meal (recipe_name,recipe_cuisine_name,meal_type) VALUES (Brownies,American,dessert);
INSERT INTO recipe_has_meal (recipe_name,recipe_cuisine_name,meal_type) VALUES (Shopska Salata,Bulgarian,dinner);
INSERT INTO recipe_has_meal (recipe_name,recipe_cuisine_name,meal_type) VALUES (Kavarma,Bulgarian,dinner);
INSERT INTO recipe_has_meal (recipe_name,recipe_cuisine_name,meal_type) VALUES (Banitsa,Bulgarian,lunch);
INSERT INTO recipe_has_meal (recipe_name,recipe_cuisine_name,meal_type) VALUES (Mekitsa,Bulgarian,breakfast);
INSERT INTO recipe_has_meal (recipe_name,recipe_cuisine_name,meal_type) VALUES (Musaka,Bulgarian,dinner);
INSERT INTO recipe_has_meal (recipe_name,recipe_cuisine_name,meal_type) VALUES (Tarator,Bulgarian,lunch);
INSERT INTO recipe_has_meal (recipe_name,recipe_cuisine_name,meal_type) VALUES (Kadaif,Bulgarian,dessert);
INSERT INTO recipe_has_meal (recipe_name,recipe_cuisine_name,meal_type) VALUES (Bulgarian Cheese Toast,Bulgarian,breakfast);
INSERT INTO recipe_has_meal (recipe_name,recipe_cuisine_name,meal_type) VALUES (Garash Cake,Bulgarian,dessert);
INSERT INTO recipe_has_meal (recipe_name,recipe_cuisine_name,meal_type) VALUES (Sarmi,Bulgarian,dinner);
INSERT INTO recipe_has_meal (recipe_name,recipe_cuisine_name,meal_type) VALUES (Beef Stroganoff,Russian,dinner);
INSERT INTO recipe_has_meal (recipe_name,recipe_cuisine_name,meal_type) VALUES (Medovik,Russian,dessert);
INSERT INTO recipe_has_meal (recipe_name,recipe_cuisine_name,meal_type) VALUES (Borscht,Russian,lunch);
INSERT INTO recipe_has_meal (recipe_name,recipe_cuisine_name,meal_type) VALUES (Pelmeni,Russian,dinner);
INSERT INTO recipe_has_meal (recipe_name,recipe_cuisine_name,meal_type) VALUES (Syrniki,Russian,breakfast);
INSERT INTO recipe_has_meal (recipe_name,recipe_cuisine_name,meal_type) VALUES (Kasha,Russian,dinner);
INSERT INTO recipe_has_meal (recipe_name,recipe_cuisine_name,meal_type) VALUES (Pryaniki,Russian,dessert);
INSERT INTO recipe_has_meal (recipe_name,recipe_cuisine_name,meal_type) VALUES (Zefir,Russian,dessert);
INSERT INTO recipe_has_meal (recipe_name,recipe_cuisine_name,meal_type) VALUES (Olivier Salad,Russian,brunch);
INSERT INTO recipe_has_meal (recipe_name,recipe_cuisine_name,meal_type) VALUES (Shchi,Russian,lunch);
INSERT INTO recipe_has_label (recipe_name,recipe_cuisine_name,label_name) VALUES (Ghapama,Armenian,dinner);
INSERT INTO recipe_has_label (recipe_name,recipe_cuisine_name,label_name) VALUES (Ghapama,Armenian,festive);
INSERT INTO recipe_has_label (recipe_name,recipe_cuisine_name,label_name) VALUES (Ghapama,Armenian,vegetarian);
INSERT INTO recipe_has_label (recipe_name,recipe_cuisine_name,label_name) VALUES (Harissa,Armenian,dinner);
INSERT INTO recipe_has_label (recipe_name,recipe_cuisine_name,label_name) VALUES (Harissa,Armenian,traditional);
INSERT INTO recipe_has_label (recipe_name,recipe_cuisine_name,label_name) VALUES (Harissa,Armenian,hearty);
INSERT INTO recipe_has_label (recipe_name,recipe_cuisine_name,label_name) VALUES (Lahmajoun,Armenian,lunch);
INSERT INTO recipe_has_label (recipe_name,recipe_cuisine_name,label_name) VALUES (Lahmajoun,Armenian,dinner);
INSERT INTO recipe_has_label (recipe_name,recipe_cuisine_name,label_name) VALUES (Lahmajoun,Armenian,street food);
INSERT INTO recipe_has_label (recipe_name,recipe_cuisine_name,label_name) VALUES (Beef and Broccoli,Chinese,dinner);
INSERT INTO recipe_has_label (recipe_name,recipe_cuisine_name,label_name) VALUES (Beef and Broccoli,Chinese,quick);
INSERT INTO recipe_has_label (recipe_name,recipe_cuisine_name,label_name) VALUES (Beef and Broccoli,Chinese,healthy);
INSERT INTO recipe_has_label (recipe_name,recipe_cuisine_name,label_name) VALUES (Egg Drop Soup,Chinese,dinner);
INSERT INTO recipe_has_label (recipe_name,recipe_cuisine_name,label_name) VALUES (Egg Drop Soup,Chinese,soup);
INSERT INTO recipe_has_label (recipe_name,recipe_cuisine_name,label_name) VALUES (Egg Drop Soup,Chinese,light);
INSERT INTO recipe_has_label (recipe_name,recipe_cuisine_name,label_name) VALUES (Kung Pao Chicken,Chinese,dinner);
INSERT INTO recipe_has_label (recipe_name,recipe_cuisine_name,label_name) VALUES (Kung Pao Chicken,Chinese,spicy);
INSERT INTO recipe_has_label (recipe_name,recipe_cuisine_name,label_name) VALUES (Kung Pao Chicken,Chinese,classic);
INSERT INTO recipe_has_label (recipe_name,recipe_cuisine_name,label_name) VALUES (Doro Wat,Ethiopian,dinner);
INSERT INTO recipe_has_label (recipe_name,recipe_cuisine_name,label_name) VALUES (Doro Wat,Ethiopian,spicy);
INSERT INTO recipe_has_label (recipe_name,recipe_cuisine_name,label_name) VALUES (Doro Wat,Ethiopian,traditional);
INSERT INTO recipe_has_label (recipe_name,recipe_cuisine_name,label_name) VALUES (Injera,Ethiopian,all meals);
INSERT INTO recipe_has_label (recipe_name,recipe_cuisine_name,label_name) VALUES (Injera,Ethiopian,staple);
INSERT INTO recipe_has_label (recipe_name,recipe_cuisine_name,label_name) VALUES (Injera,Ethiopian,fermented);
INSERT INTO recipe_has_label (recipe_name,recipe_cuisine_name,label_name) VALUES (Kitfo,Ethiopian,dinner);
INSERT INTO recipe_has_label (recipe_name,recipe_cuisine_name,label_name) VALUES (Kitfo,Ethiopian,traditional);
INSERT INTO recipe_has_label (recipe_name,recipe_cuisine_name,label_name) VALUES (Kitfo,Ethiopian,raw);
INSERT INTO recipe_has_label (recipe_name,recipe_cuisine_name,label_name) VALUES (Coq au Vin,French,dinner);
INSERT INTO recipe_has_label (recipe_name,recipe_cuisine_name,label_name) VALUES (Coq au Vin,French,comfort food);
INSERT INTO recipe_has_label (recipe_name,recipe_cuisine_name,label_name) VALUES (Crème Brûlée,French,dessert);
INSERT INTO recipe_has_label (recipe_name,recipe_cuisine_name,label_name) VALUES (Crème Brûlée,French,rich);
INSERT INTO recipe_has_label (recipe_name,recipe_cuisine_name,label_name) VALUES (French Onion Soup,French,dinner);
INSERT INTO recipe_has_label (recipe_name,recipe_cuisine_name,label_name) VALUES (French Onion Soup,French,classic);
INSERT INTO recipe_has_label (recipe_name,recipe_cuisine_name,label_name) VALUES (French Onion Soup,French,winter);
INSERT INTO recipe_has_label (recipe_name,recipe_cuisine_name,label_name) VALUES (Black Forest Cake,German,dessert);
INSERT INTO recipe_has_label (recipe_name,recipe_cuisine_name,label_name) VALUES (Black Forest Cake,German,rich);
INSERT INTO recipe_has_label (recipe_name,recipe_cuisine_name,label_name) VALUES (Black Forest Cake,German,celebratory);
INSERT INTO recipe_has_label (recipe_name,recipe_cuisine_name,label_name) VALUES (Pretzels,German,snack);
INSERT INTO recipe_has_label (recipe_name,recipe_cuisine_name,label_name) VALUES (Pretzels,German,baked);
INSERT INTO recipe_has_label (recipe_name,recipe_cuisine_name,label_name) VALUES (Pretzels,German,traditional);
INSERT INTO recipe_has_label (recipe_name,recipe_cuisine_name,label_name) VALUES (Sauerbraten,German,dinner);
INSERT INTO recipe_has_label (recipe_name,recipe_cuisine_name,label_name) VALUES (Sauerbraten,German,traditional);
INSERT INTO recipe_has_label (recipe_name,recipe_cuisine_name,label_name) VALUES (Sauerbraten,German,hearty);
INSERT INTO recipe_has_label (recipe_name,recipe_cuisine_name,label_name) VALUES (Baklava,Greek,dessert);
INSERT INTO recipe_has_label (recipe_name,recipe_cuisine_name,label_name) VALUES (Baklava,Greek,party);
INSERT INTO recipe_has_label (recipe_name,recipe_cuisine_name,label_name) VALUES (Greek Salad (Horiatiki),Greek,lunch);
INSERT INTO recipe_has_label (recipe_name,recipe_cuisine_name,label_name) VALUES (Greek Salad (Horiatiki),Greek,dinner);
INSERT INTO recipe_has_label (recipe_name,recipe_cuisine_name,label_name) VALUES (Greek Salad (Horiatiki),Greek,brunch);
INSERT INTO recipe_has_label (recipe_name,recipe_cuisine_name,label_name) VALUES (Moussaka,Greek,dinner);
INSERT INTO recipe_has_label (recipe_name,recipe_cuisine_name,label_name) VALUES (Chicken Biryani,Indian,dinner);
INSERT INTO recipe_has_label (recipe_name,recipe_cuisine_name,label_name) VALUES (Chicken Biryani,Indian,party);
INSERT INTO recipe_has_label (recipe_name,recipe_cuisine_name,label_name) VALUES (Mango Lassi,Indian,dessert);
INSERT INTO recipe_has_label (recipe_name,recipe_cuisine_name,label_name) VALUES (Mango Lassi,Indian,beverage);
INSERT INTO recipe_has_label (recipe_name,recipe_cuisine_name,label_name) VALUES (Mango Lassi,Indian,refreshing);
INSERT INTO recipe_has_label (recipe_name,recipe_cuisine_name,label_name) VALUES (Palak Paneer,Indian,dinner);
INSERT INTO recipe_has_label (recipe_name,recipe_cuisine_name,label_name) VALUES (Palak Paneer,Indian,vegetarian);
INSERT INTO recipe_has_label (recipe_name,recipe_cuisine_name,label_name) VALUES (Osso Buco,Italian,dinner);
INSERT INTO recipe_has_label (recipe_name,recipe_cuisine_name,label_name) VALUES (Osso Buco,Italian,comfort food);
INSERT INTO recipe_has_label (recipe_name,recipe_cuisine_name,label_name) VALUES (Spaghetti Carbonara,Italian,dinner);
INSERT INTO recipe_has_label (recipe_name,recipe_cuisine_name,label_name) VALUES (Spaghetti Carbonara,Italian,classic);
INSERT INTO recipe_has_label (recipe_name,recipe_cuisine_name,label_name) VALUES (Tiramisu,Italian,dessert);
INSERT INTO recipe_has_label (recipe_name,recipe_cuisine_name,label_name) VALUES (Tiramisu,Italian,classic);
INSERT INTO recipe_has_label (recipe_name,recipe_cuisine_name,label_name) VALUES (Matcha Ice Cream,Japanese,dessert);
INSERT INTO recipe_has_label (recipe_name,recipe_cuisine_name,label_name) VALUES (Matcha Ice Cream,Japanese,refreshing);
INSERT INTO recipe_has_label (recipe_name,recipe_cuisine_name,label_name) VALUES (Ramen,Japanese,dinner);
INSERT INTO recipe_has_label (recipe_name,recipe_cuisine_name,label_name) VALUES (Ramen,Japanese,comfort food);
INSERT INTO recipe_has_label (recipe_name,recipe_cuisine_name,label_name) VALUES (Sushi Rolls (Maki Sushi),Japanese,lunch);
INSERT INTO recipe_has_label (recipe_name,recipe_cuisine_name,label_name) VALUES (Sushi Rolls (Maki Sushi),Japanese,dinner);
INSERT INTO recipe_has_label (recipe_name,recipe_cuisine_name,label_name) VALUES (Sushi Rolls (Maki Sushi),Japanese,snack);
INSERT INTO recipe_has_label (recipe_name,recipe_cuisine_name,label_name) VALUES (Beshbarmak,Kazakh,dinner);
INSERT INTO recipe_has_label (recipe_name,recipe_cuisine_name,label_name) VALUES (Beshbarmak,Kazakh,traditional);
INSERT INTO recipe_has_label (recipe_name,recipe_cuisine_name,label_name) VALUES (Beshbarmak,Kazakh,hearty);
INSERT INTO recipe_has_label (recipe_name,recipe_cuisine_name,label_name) VALUES (Kazy,Kazakh,lunch);
INSERT INTO recipe_has_label (recipe_name,recipe_cuisine_name,label_name) VALUES (Kazy,Kazakh,traditional);
INSERT INTO recipe_has_label (recipe_name,recipe_cuisine_name,label_name) VALUES (Kazy,Kazakh,specialty);
INSERT INTO recipe_has_label (recipe_name,recipe_cuisine_name,label_name) VALUES (Kurt,Kazakh,snack);
INSERT INTO recipe_has_label (recipe_name,recipe_cuisine_name,label_name) VALUES (Kurt,Kazakh,traditional);
INSERT INTO recipe_has_label (recipe_name,recipe_cuisine_name,label_name) VALUES (Kurt,Kazakh,dairy);
INSERT INTO recipe_has_label (recipe_name,recipe_cuisine_name,label_name) VALUES (Nyama Choma,Kenyan,dinner);
INSERT INTO recipe_has_label (recipe_name,recipe_cuisine_name,label_name) VALUES (Nyama Choma,Kenyan,barbecue);
INSERT INTO recipe_has_label (recipe_name,recipe_cuisine_name,label_name) VALUES (Nyama Choma,Kenyan,social);
INSERT INTO recipe_has_label (recipe_name,recipe_cuisine_name,label_name) VALUES (Sukuma Wiki,Kenyan,dinner);
INSERT INTO recipe_has_label (recipe_name,recipe_cuisine_name,label_name) VALUES (Sukuma Wiki,Kenyan,nutritious);
INSERT INTO recipe_has_label (recipe_name,recipe_cuisine_name,label_name) VALUES (Sukuma Wiki,Kenyan,quick);
INSERT INTO recipe_has_label (recipe_name,recipe_cuisine_name,label_name) VALUES (Ugali,Kenyan,dinner);
INSERT INTO recipe_has_label (recipe_name,recipe_cuisine_name,label_name) VALUES (Ugali,Kenyan,staple);
INSERT INTO recipe_has_label (recipe_name,recipe_cuisine_name,label_name) VALUES (Ugali,Kenyan,traditional);
INSERT INTO recipe_has_label (recipe_name,recipe_cuisine_name,label_name) VALUES (Bibimbap,Korean,dinner);
INSERT INTO recipe_has_label (recipe_name,recipe_cuisine_name,label_name) VALUES (Bibimbap,Korean,healthy);
INSERT INTO recipe_has_label (recipe_name,recipe_cuisine_name,label_name) VALUES (Bibimbap,Korean,colorful);
INSERT INTO recipe_has_label (recipe_name,recipe_cuisine_name,label_name) VALUES (Hoddeok,Korean,dessert);
INSERT INTO recipe_has_label (recipe_name,recipe_cuisine_name,label_name) VALUES (Hoddeok,Korean,street food);
INSERT INTO recipe_has_label (recipe_name,recipe_cuisine_name,label_name) VALUES (Hoddeok,Korean,sweet);
INSERT INTO recipe_has_label (recipe_name,recipe_cuisine_name,label_name) VALUES (Kimchi Jjigae,Korean,dinner);
INSERT INTO recipe_has_label (recipe_name,recipe_cuisine_name,label_name) VALUES (Kimchi Jjigae,Korean,comfort food);
INSERT INTO recipe_has_label (recipe_name,recipe_cuisine_name,label_name) VALUES (Kimchi Jjigae,Korean,spicy);
INSERT INTO recipe_has_label (recipe_name,recipe_cuisine_name,label_name) VALUES (Chiles en Nogada,Mexican,dinner);
INSERT INTO recipe_has_label (recipe_name,recipe_cuisine_name,label_name) VALUES (Chiles en Nogada,Mexican,festive);
INSERT INTO recipe_has_label (recipe_name,recipe_cuisine_name,label_name) VALUES (Chiles en Nogada,Mexican,traditional);
INSERT INTO recipe_has_label (recipe_name,recipe_cuisine_name,label_name) VALUES (Flan,Mexican,dessert);
INSERT INTO recipe_has_label (recipe_name,recipe_cuisine_name,label_name) VALUES (Flan,Mexican,classic);
INSERT INTO recipe_has_label (recipe_name,recipe_cuisine_name,label_name) VALUES (Tacos al Pastor,Mexican,dinner);
INSERT INTO recipe_has_label (recipe_name,recipe_cuisine_name,label_name) VALUES (Tacos al Pastor,Mexican,street food);
INSERT INTO recipe_has_label (recipe_name,recipe_cuisine_name,label_name) VALUES (Tacos al Pastor,Mexican,authentic);
INSERT INTO recipe_has_label (recipe_name,recipe_cuisine_name,label_name) VALUES (Baklava,Turkish,dessert);
INSERT INTO recipe_has_label (recipe_name,recipe_cuisine_name,label_name) VALUES (Baklava,Turkish,rich);
INSERT INTO recipe_has_label (recipe_name,recipe_cuisine_name,label_name) VALUES (Baklava,Turkish,sweet);
INSERT INTO recipe_has_label (recipe_name,recipe_cuisine_name,label_name) VALUES (İskender Kebab,Turkish,dinner);
INSERT INTO recipe_has_label (recipe_name,recipe_cuisine_name,label_name) VALUES (İskender Kebab,Turkish,traditional);
INSERT INTO recipe_has_label (recipe_name,recipe_cuisine_name,label_name) VALUES (İskender Kebab,Turkish,hearty);
INSERT INTO recipe_has_label (recipe_name,recipe_cuisine_name,label_name) VALUES (Lahmacun,Turkish,lunch);
INSERT INTO recipe_has_label (recipe_name,recipe_cuisine_name,label_name) VALUES (Lahmacun,Turkish,street food);
INSERT INTO recipe_has_label (recipe_name,recipe_cuisine_name,label_name) VALUES (Lahmacun,Turkish,savory);
INSERT INTO recipe_has_label (recipe_name,recipe_cuisine_name,label_name) VALUES (Gutap,Turkmen,lunch);
INSERT INTO recipe_has_label (recipe_name,recipe_cuisine_name,label_name) VALUES (Gutap,Turkmen,snack);
INSERT INTO recipe_has_label (recipe_name,recipe_cuisine_name,label_name) VALUES (Gutap,Turkmen,vegetarian);
INSERT INTO recipe_has_label (recipe_name,recipe_cuisine_name,label_name) VALUES (Palaw,Turkmen,dinner);
INSERT INTO recipe_has_label (recipe_name,recipe_cuisine_name,label_name) VALUES (Palaw,Turkmen,traditional);
INSERT INTO recipe_has_label (recipe_name,recipe_cuisine_name,label_name) VALUES (Palaw,Turkmen,hearty);
INSERT INTO recipe_has_label (recipe_name,recipe_cuisine_name,label_name) VALUES (Shurpa,Turkmen,dinner);
INSERT INTO recipe_has_label (recipe_name,recipe_cuisine_name,label_name) VALUES (Shurpa,Turkmen,comfort food);
INSERT INTO recipe_has_label (recipe_name,recipe_cuisine_name,label_name) VALUES (Shurpa,Turkmen,soup);
INSERT INTO recipe_has_label (recipe_name,recipe_cuisine_name,label_name) VALUES (Bara Brith,Welsh,dessert);
INSERT INTO recipe_has_label (recipe_name,recipe_cuisine_name,label_name) VALUES (Bara Brith,Welsh,tea time);
INSERT INTO recipe_has_label (recipe_name,recipe_cuisine_name,label_name) VALUES (Bara Brith,Welsh,fruity);
INSERT INTO recipe_has_label (recipe_name,recipe_cuisine_name,label_name) VALUES (Cawl,Welsh,dinner);
INSERT INTO recipe_has_label (recipe_name,recipe_cuisine_name,label_name) VALUES (Cawl,Welsh,soup);
INSERT INTO recipe_has_label (recipe_name,recipe_cuisine_name,label_name) VALUES (Cawl,Welsh,hearty);
INSERT INTO recipe_has_label (recipe_name,recipe_cuisine_name,label_name) VALUES (Welsh Rarebit,Welsh,dinner);
INSERT INTO recipe_has_label (recipe_name,recipe_cuisine_name,label_name) VALUES (Welsh Rarebit,Welsh,comfort food);
INSERT INTO recipe_has_label (recipe_name,recipe_cuisine_name,label_name) VALUES (Welsh Rarebit,Welsh,traditional);
INSERT INTO recipe_has_label (recipe_name,recipe_cuisine_name,label_name) VALUES (Tavë Kosi,Albanian,dinner);
INSERT INTO recipe_has_label (recipe_name,recipe_cuisine_name,label_name) VALUES (Tavë Kosi,Albanian,traditional);
INSERT INTO recipe_has_label (recipe_name,recipe_cuisine_name,label_name) VALUES (Bakllasarem,Albanian,dessert);
INSERT INTO recipe_has_label (recipe_name,recipe_cuisine_name,label_name) VALUES (Bakllasarem,Albanian,traditional);
INSERT INTO recipe_has_label (recipe_name,recipe_cuisine_name,label_name) VALUES (Fërgesë,Albanian,lunch);
INSERT INTO recipe_has_label (recipe_name,recipe_cuisine_name,label_name) VALUES (Fërgesë,Albanian,traditional);
INSERT INTO recipe_has_label (recipe_name,recipe_cuisine_name,label_name) VALUES (Speca të mbushur,Albanian,dinner);
INSERT INTO recipe_has_label (recipe_name,recipe_cuisine_name,label_name) VALUES (Speca të mbushur,Albanian,seafood);
INSERT INTO recipe_has_label (recipe_name,recipe_cuisine_name,label_name) VALUES (Byrek me Spinaq,Albanian,breakfast);
INSERT INTO recipe_has_label (recipe_name,recipe_cuisine_name,label_name) VALUES (Byrek me Spinaq,Albanian,quick);
INSERT INTO recipe_has_label (recipe_name,recipe_cuisine_name,label_name) VALUES (Jani me fasule,Albanian,dinner);
INSERT INTO recipe_has_label (recipe_name,recipe_cuisine_name,label_name) VALUES (Jani me fasule,Albanian,hearty);
INSERT INTO recipe_has_label (recipe_name,recipe_cuisine_name,label_name) VALUES (Shëndetli,Albanian,dessert);
INSERT INTO recipe_has_label (recipe_name,recipe_cuisine_name,label_name) VALUES (Shëndetli,Albanian,traditional);
INSERT INTO recipe_has_label (recipe_name,recipe_cuisine_name,label_name) VALUES (Qifqi,Albanian,lunch);
INSERT INTO recipe_has_label (recipe_name,recipe_cuisine_name,label_name) VALUES (Qifqi,Albanian,light);
INSERT INTO recipe_has_label (recipe_name,recipe_cuisine_name,label_name) VALUES (Përime në zgare,Albanian,dinner);
INSERT INTO recipe_has_label (recipe_name,recipe_cuisine_name,label_name) VALUES (Përime në zgare,Albanian,traditional);
INSERT INTO recipe_has_label (recipe_name,recipe_cuisine_name,label_name) VALUES (Mish me midhje,Albanian,brunch);
INSERT INTO recipe_has_label (recipe_name,recipe_cuisine_name,label_name) VALUES (Mish me midhje,Albanian,seafood);
INSERT INTO recipe_has_label (recipe_name,recipe_cuisine_name,label_name) VALUES (Cheeseburger,American,dinner);
INSERT INTO recipe_has_label (recipe_name,recipe_cuisine_name,label_name) VALUES (Cheeseburger,American,classic);
INSERT INTO recipe_has_label (recipe_name,recipe_cuisine_name,label_name) VALUES (Apple Pie,American,dessert);
INSERT INTO recipe_has_label (recipe_name,recipe_cuisine_name,label_name) VALUES (Apple Pie,American,traditional);
INSERT INTO recipe_has_label (recipe_name,recipe_cuisine_name,label_name) VALUES (Fried Chicken,American,lunch);
INSERT INTO recipe_has_label (recipe_name,recipe_cuisine_name,label_name) VALUES (Fried Chicken,American,fast food);
INSERT INTO recipe_has_label (recipe_name,recipe_cuisine_name,label_name) VALUES (Macaroni and Cheese,American,dinner);
INSERT INTO recipe_has_label (recipe_name,recipe_cuisine_name,label_name) VALUES (Macaroni and Cheese,American,comfort food);
INSERT INTO recipe_has_label (recipe_name,recipe_cuisine_name,label_name) VALUES (Barbecue Ribs,American,dinner);
INSERT INTO recipe_has_label (recipe_name,recipe_cuisine_name,label_name) VALUES (Barbecue Ribs,American,BBQ);
INSERT INTO recipe_has_label (recipe_name,recipe_cuisine_name,label_name) VALUES (Pancakes,American,breakfast);
INSERT INTO recipe_has_label (recipe_name,recipe_cuisine_name,label_name) VALUES (Pancakes,American,quick);
INSERT INTO recipe_has_label (recipe_name,recipe_cuisine_name,label_name) VALUES (Chocolate Chip Cookies,American,dessert);
INSERT INTO recipe_has_label (recipe_name,recipe_cuisine_name,label_name) VALUES (Chocolate Chip Cookies,American,chocolate);
INSERT INTO recipe_has_label (recipe_name,recipe_cuisine_name,label_name) VALUES (BLT Sandwich,American,lunch);
INSERT INTO recipe_has_label (recipe_name,recipe_cuisine_name,label_name) VALUES (BLT Sandwich,American,sandwich);
INSERT INTO recipe_has_label (recipe_name,recipe_cuisine_name,label_name) VALUES (Clam Chowder,American,dinner);
INSERT INTO recipe_has_label (recipe_name,recipe_cuisine_name,label_name) VALUES (Clam Chowder,American,seafood);
INSERT INTO recipe_has_label (recipe_name,recipe_cuisine_name,label_name) VALUES (Brownies,American,dessert);
INSERT INTO recipe_has_label (recipe_name,recipe_cuisine_name,label_name) VALUES (Brownies,American,classic);
INSERT INTO recipe_has_label (recipe_name,recipe_cuisine_name,label_name) VALUES (Shopska Salata,Bulgarian,dinner);
INSERT INTO recipe_has_label (recipe_name,recipe_cuisine_name,label_name) VALUES (Shopska Salata,Bulgarian,traditional);
INSERT INTO recipe_has_label (recipe_name,recipe_cuisine_name,label_name) VALUES (Kavarma,Bulgarian,dinner);
INSERT INTO recipe_has_label (recipe_name,recipe_cuisine_name,label_name) VALUES (Kavarma,Bulgarian,hearty);
INSERT INTO recipe_has_label (recipe_name,recipe_cuisine_name,label_name) VALUES (Banitsa,Bulgarian,lunch);
INSERT INTO recipe_has_label (recipe_name,recipe_cuisine_name,label_name) VALUES (Banitsa,Bulgarian,traditional);
INSERT INTO recipe_has_label (recipe_name,recipe_cuisine_name,label_name) VALUES (Mekitsa,Bulgarian,breakfast);
INSERT INTO recipe_has_label (recipe_name,recipe_cuisine_name,label_name) VALUES (Mekitsa,Bulgarian,quick);
INSERT INTO recipe_has_label (recipe_name,recipe_cuisine_name,label_name) VALUES (Musaka,Bulgarian,dinner);
INSERT INTO recipe_has_label (recipe_name,recipe_cuisine_name,label_name) VALUES (Musaka,Bulgarian,comfort);
INSERT INTO recipe_has_label (recipe_name,recipe_cuisine_name,label_name) VALUES (Tarator,Bulgarian,lunch);
INSERT INTO recipe_has_label (recipe_name,recipe_cuisine_name,label_name) VALUES (Tarator,Bulgarian,soup);
INSERT INTO recipe_has_label (recipe_name,recipe_cuisine_name,label_name) VALUES (Kadaif,Bulgarian,dessert);
INSERT INTO recipe_has_label (recipe_name,recipe_cuisine_name,label_name) VALUES (Kadaif,Bulgarian,traditional);
INSERT INTO recipe_has_label (recipe_name,recipe_cuisine_name,label_name) VALUES (Bulgarian Cheese Toast,Bulgarian,breakfast);
INSERT INTO recipe_has_label (recipe_name,recipe_cuisine_name,label_name) VALUES (Bulgarian Cheese Toast,Bulgarian,hearty);
INSERT INTO recipe_has_label (recipe_name,recipe_cuisine_name,label_name) VALUES (Garash Cake,Bulgarian,dessert);
INSERT INTO recipe_has_label (recipe_name,recipe_cuisine_name,label_name) VALUES (Garash Cake,Bulgarian,festive);
INSERT INTO recipe_has_label (recipe_name,recipe_cuisine_name,label_name) VALUES (Sarmi,Bulgarian,dinner);
INSERT INTO recipe_has_label (recipe_name,recipe_cuisine_name,label_name) VALUES (Sarmi,Bulgarian,traditional);
INSERT INTO recipe_has_label (recipe_name,recipe_cuisine_name,label_name) VALUES (Beef Stroganoff,Russian,dinner);
INSERT INTO recipe_has_label (recipe_name,recipe_cuisine_name,label_name) VALUES (Beef Stroganoff,Russian,traditional);
INSERT INTO recipe_has_label (recipe_name,recipe_cuisine_name,label_name) VALUES (Medovik,Russian,dessert);
INSERT INTO recipe_has_label (recipe_name,recipe_cuisine_name,label_name) VALUES (Medovik,Russian,holiday);
INSERT INTO recipe_has_label (recipe_name,recipe_cuisine_name,label_name) VALUES (Borscht,Russian,lunch);
INSERT INTO recipe_has_label (recipe_name,recipe_cuisine_name,label_name) VALUES (Borscht,Russian,hearty);
INSERT INTO recipe_has_label (recipe_name,recipe_cuisine_name,label_name) VALUES (Pelmeni,Russian,dinner);
INSERT INTO recipe_has_label (recipe_name,recipe_cuisine_name,label_name) VALUES (Pelmeni,Russian,winter);
INSERT INTO recipe_has_label (recipe_name,recipe_cuisine_name,label_name) VALUES (Syrniki,Russian,breakfast);
INSERT INTO recipe_has_label (recipe_name,recipe_cuisine_name,label_name) VALUES (Syrniki,Russian,quick);
INSERT INTO recipe_has_label (recipe_name,recipe_cuisine_name,label_name) VALUES (Kasha,Russian,dinner);
INSERT INTO recipe_has_label (recipe_name,recipe_cuisine_name,label_name) VALUES (Kasha,Russian,filling);
INSERT INTO recipe_has_label (recipe_name,recipe_cuisine_name,label_name) VALUES (Pryaniki,Russian,dessert);
INSERT INTO recipe_has_label (recipe_name,recipe_cuisine_name,label_name) VALUES (Pryaniki,Russian,festive);
INSERT INTO recipe_has_label (recipe_name,recipe_cuisine_name,label_name) VALUES (Zefir,Russian,dessert);
INSERT INTO recipe_has_label (recipe_name,recipe_cuisine_name,label_name) VALUES (Zefir,Russian,simple);
INSERT INTO recipe_has_label (recipe_name,recipe_cuisine_name,label_name) VALUES (Olivier Salad,Russian,brunch);
INSERT INTO recipe_has_label (recipe_name,recipe_cuisine_name,label_name) VALUES (Olivier Salad,Russian,hearty);
INSERT INTO recipe_has_label (recipe_name,recipe_cuisine_name,label_name) VALUES (Shchi,Russian,lunch);
INSERT INTO recipe_has_label (recipe_name,recipe_cuisine_name,label_name) VALUES (Shchi,Russian,traditional);
INSERT INTO tip (id,tip) VALUES (1,Choose a pumpkin that sits flat for easier baking.);
INSERT INTO tip (id,tip) VALUES (2,Adjust the amount of dried fruits and nuts according to preference.);
INSERT INTO tip (id,tip) VALUES (3,Ghapama can be served as a dessert or a main dish.);
INSERT INTO tip (id,tip) VALUES (4,Stir the harissa frequently as it cooks to prevent sticking and to help achieve a smooth texture.);
INSERT INTO tip (id,tip) VALUES (5,Cooking time may vary depending on the type of wheat; patience is key.);
INSERT INTO tip (id,tip) VALUES (6,Harissa can be made in large batches and refrigerated or frozen for later use.);
INSERT INTO tip (id,tip) VALUES (7,Ensure the dough is rolled out very thin to achieve a crispy texture.);
INSERT INTO tip (id,tip) VALUES (8,Do not overload the dough with the topping to keep the lahmajoun crispy.);
INSERT INTO tip (id,tip) VALUES (9,Preheat the oven with a pizza stone or baking sheet inside to an extremely high temperature before baking.);
INSERT INTO tip (id,tip) VALUES (10,Slice the beef against the grain for more tenderness.);
INSERT INTO tip (id,tip) VALUES (11,Make sure the wok is very hot before adding the beef to ensure it sears properly.);
INSERT INTO tip (id,tip) VALUES (12,Adjust the thickness of the sauce with more or less beef stock or cornstarch.);
INSERT INTO tip (id,tip) VALUES (13,Pour the eggs slowly and stir in one direction for finer egg threads.);
INSERT INTO tip (id,tip) VALUES (14,Adjust the seasoning after adding the eggs to avoid overpowering the delicate flavor.);
INSERT INTO tip (id,tip) VALUES (15,Serve immediately to enjoy while the egg strands are at their most tender.);
INSERT INTO tip (id,tip) VALUES (16,Marinate the chicken for at least 30 minutes for best flavor.);
INSERT INTO tip (id,tip) VALUES (17,Adjust the amount of dried chilies to suit your spice tolerance.);
INSERT INTO tip (id,tip) VALUES (18,Serve with steamed rice to balance the bold flavors.);
INSERT INTO tip (id,tip) VALUES (19,Make sure the onions are fully caramelized before adding the berbere to develop a deeper flavor.);
INSERT INTO tip (id,tip) VALUES (20,Adjust the amount of berbere for desired spice level.);
INSERT INTO tip (id,tip) VALUES (21,Score the eggs with a knife before adding them to the stew to allow flavors to penetrate.);
INSERT INTO tip (id,tip) VALUES (22,The batter should be thin and smooth to ensure proper fermentation.);
INSERT INTO tip (id,tip) VALUES (23,Do not flip injera when cooking; it cooks through from one side.);
INSERT INTO tip (id,tip) VALUES (24,Use a lid while cooking to help steam and fully cook the top surface.);
INSERT INTO tip (id,tip) VALUES (25,Ensure the beef is extremely fresh and from a trusted source when preparing kitfo.);
INSERT INTO tip (id,tip) VALUES (26,Adjust the amount of mitmita to tailor the heat level to your preference.);
INSERT INTO tip (id,tip) VALUES (27,If preferred, kitfo can also be lightly cooked (leb leb) for those uncomfortable with raw meat.);
INSERT INTO tip (id,tip) VALUES (28,Marinate the chicken in wine overnight for deeper flavor.);
INSERT INTO tip (id,tip) VALUES (29,Serve with mashed potatoes or crusty bread to soak up the sauce.);
INSERT INTO tip (id,tip) VALUES (30,Adjust the thickness of the sauce at the end by adding more flour if needed.);
INSERT INTO tip (id,tip) VALUES (31,Ensure the sugar is evenly spread before torching for a uniform caramel layer.);
INSERT INTO tip (id,tip) VALUES (32,Cool the custards in the refrigerator for several hours to set properly before serving.);
INSERT INTO tip (id,tip) VALUES (33,Use a propane torch for best results when caramelizing the sugar.);
INSERT INTO tip (id,tip) VALUES (34,Cook the onions slowly to fully develop the sweet flavor.);
INSERT INTO tip (id,tip) VALUES (35,Use homemade beef broth for a richer taste.);
INSERT INTO tip (id,tip) VALUES (36,Top with additional cheese if desired.);
INSERT INTO tip (id,tip) VALUES (37,Ensure the sponge cake is completely cool before cutting to prevent crumbling.);
INSERT INTO tip (id,tip) VALUES (38,Chill the bowl and beaters before whipping the cream for best results.);
INSERT INTO tip (id,tip) VALUES (39,Allow the cake to set in the refrigerator for a few hours to make slicing easier.);
INSERT INTO tip (id,tip) VALUES (40,The baking soda bath is crucial for the pretzel's color and flavor.);
INSERT INTO tip (id,tip) VALUES (41,Keep the twisted pretzels under a damp cloth to prevent them from drying out before baking.);
INSERT INTO tip (id,tip) VALUES (42,Serve warm with mustard or butter.);
INSERT INTO tip (id,tip) VALUES (43,Make sure the meat is completely submerged in the marinade.);
INSERT INTO tip (id,tip) VALUES (44,Turn the meat in the marinade once a day for even flavoring.);
INSERT INTO tip (id,tip) VALUES (45,The longer the meat marinates, the more flavorful it will be.);
INSERT INTO tip (id,tip) VALUES (46,Keep the filo dough covered with a damp cloth to prevent drying out.);
INSERT INTO tip (id,tip) VALUES (47,Cut the baklava before baking to make serving easier.);
INSERT INTO tip (id,tip) VALUES (48,Allow the baklava to cool completely to absorb the syrup properly.);
INSERT INTO tip (id,tip) VALUES (49,Use fresh and ripe vegetables for the best flavor.);
INSERT INTO tip (id,tip) VALUES (50,Add capers for an extra zesty taste.);
INSERT INTO tip (id,tip) VALUES (51,Let the salad sit for 10 minutes before serving to enhance the flavors.);
INSERT INTO tip (id,tip) VALUES (52,Let the fried eggplant drain on paper towels to remove excess oil.);
INSERT INTO tip (id,tip) VALUES (53,Allow the moussaka to set for 20 minutes after baking for easier slicing.);
INSERT INTO tip (id,tip) VALUES (54,Season the meat well with herbs and spices for more depth of flavor.);
INSERT INTO tip (id,tip) VALUES (55,Soak the rice for 30 minutes before cooking to get fluffy biryani.);
INSERT INTO tip (id,tip) VALUES (56,Use a heavy-bottomed pot to avoid burning the rice.);
INSERT INTO tip (id,tip) VALUES (57,Let the biryani sit for 15 minutes after cooking before serving to enhance the flavors.);
INSERT INTO tip (id,tip) VALUES (58,Use ripe, sweet mangoes for the best flavor.);
INSERT INTO tip (id,tip) VALUES (59,Adjust the sugar according to the sweetness of the mangoes.);
INSERT INTO tip (id,tip) VALUES (60,For a vegan version, use plant-based yogurt and milk.);
INSERT INTO tip (id,tip) VALUES (61,Add a pinch of sugar to the spinach while cooking to preserve the bright green color.);
INSERT INTO tip (id,tip) VALUES (62,Don't overcook the paneer as it can become tough and chewy.);
INSERT INTO tip (id,tip) VALUES (63,Adding a little cream at the end can make the curry richer and smoother.);
INSERT INTO tip (id,tip) VALUES (64,Ensure the shanks are not crowded in the pot for even browning.);
INSERT INTO tip (id,tip) VALUES (65,Can be made ahead and tastes even better the next day.);
INSERT INTO tip (id,tip) VALUES (66,Serve with risotto or polenta to soak up the sauce.);
INSERT INTO tip (id,tip) VALUES (67,Ensure the pasta is hot when adding the egg mixture to cook the eggs safely.);
INSERT INTO tip (id,tip) VALUES (68,Serve immediately to prevent the sauce from becoming too thick.);
INSERT INTO tip (id,tip) VALUES (69,Adjust the amount of cheese to taste.);
INSERT INTO tip (id,tip) VALUES (70,Ensure all ingredients are at room temperature to make mixing easier.);
INSERT INTO tip (id,tip) VALUES (71,For a non-alcoholic version, omit the coffee liqueur.);
INSERT INTO tip (id,tip) VALUES (72,The dessert can be made a day ahead to allow flavors to meld.);
INSERT INTO tip (id,tip) VALUES (73,Ensure the matcha powder is fully dissolved in the mixture for an even flavor.);
INSERT INTO tip (id,tip) VALUES (74,If no ice cream maker is available, freeze and whisk the mixture every hour to avoid ice crystals.);
INSERT INTO tip (id,tip) VALUES (75,Serve with mochi or a sprinkle of additional matcha powder on top for decoration.);
INSERT INTO tip (id,tip) VALUES (76,For a richer flavor, simmer the broth for several hours.);
INSERT INTO tip (id,tip) VALUES (77,Add a drop of sesame oil to each bowl before serving for added aroma.);
INSERT INTO tip (id,tip) VALUES (78,Customize toppings according to preference, such as adding corn or butter.);
INSERT INTO tip (id,tip) VALUES (79,Ensure the rice is at room temperature for easier handling.);
INSERT INTO tip (id,tip) VALUES (80,Wet the knife slightly before slicing the rolls to prevent sticking.);
INSERT INTO tip (id,tip) VALUES (81,Serve with soy sauce and a dab of wasabi.);
INSERT INTO tip (id,tip) VALUES (82,The broth should be seasoned well, as it flavors the entire dish.);
INSERT INTO tip (id,tip) VALUES (83,Keep the pasta al dente to soak up the broth without becoming mushy.);
INSERT INTO tip (id,tip) VALUES (84,Traditionally eaten with hands, but utensils can be used for convenience.);
INSERT INTO tip (id,tip) VALUES (85,Ensuring the intestines are clean is crucial to avoid any unwanted flavors.);
INSERT INTO tip (id,tip) VALUES (86,Do not overfill the casings to prevent bursting during cooking.);
INSERT INTO tip (id,tip) VALUES (87,Kazy can be served hot or cold, and is often used in other dishes like beshbarmak.);
INSERT INTO tip (id,tip) VALUES (88,The longer the kurt dries, the harder and more flavorful it becomes.);
INSERT INTO tip (id,tip) VALUES (89,Kurt is very versatile and can be used in soups or eaten as a snack.);
INSERT INTO tip (id,tip) VALUES (90,If the climate is humid, kurt may need to be dried indoors in a well-ventilated area.);
INSERT INTO tip (id,tip) VALUES (91,Ensure the grill is hot before adding the meat to get a good sear.);
INSERT INTO tip (id,tip) VALUES (92,Keep basting the meat with the leftover marinade to keep it moist and flavorful.);
INSERT INTO tip (id,tip) VALUES (93,Nyama Choma is best enjoyed freshly grilled and hot.);
INSERT INTO tip (id,tip) VALUES (94,Wash the collard greens thoroughly to remove any grit or dirt.);
INSERT INTO tip (id,tip) VALUES (95,Cut the greens into thin strips for faster cooking.);
INSERT INTO tip (id,tip) VALUES (96,Adding a squeeze of lemon juice before serving can enhance the flavor.);
INSERT INTO tip (id,tip) VALUES (97,Keep stirring the Ugali as it cooks to prevent lumps.);
INSERT INTO tip (id,tip) VALUES (98,Adding a little butter or oil can give a richer flavor.);
INSERT INTO tip (id,tip) VALUES (99,Serve with Sukuma Wiki or any meaty stew.);
INSERT INTO tip (id,tip) VALUES (100,Sauté vegetables with minimal seasoning to maintain their natural flavors.);
INSERT INTO tip (id,tip) VALUES (101,Serve hot with additional sesame seeds and seaweed flakes for garnish.);
INSERT INTO tip (id,tip) VALUES (102,Mix all ingredients in the bowl before eating for the best experience.);
INSERT INTO tip (id,tip) VALUES (103,Ensure the filling is not too close to the edges of the dough to prevent leaking.);
INSERT INTO tip (id,tip) VALUES (104,Serve immediately for the best taste experience as the filling is deliciously gooey when hot.);
INSERT INTO tip (id,tip) VALUES (105,Adjust the amount of sugar in the dough and filling based on your sweetness preference.);
INSERT INTO tip (id,tip) VALUES (106,Use well-fermented kimchi for a deeper flavor.);
INSERT INTO tip (id,tip) VALUES (107,Adjust the amount of gochujang and gochugaru to control the spice level.);
INSERT INTO tip (id,tip) VALUES (108,The stew tastes better the longer it sits, making it a great leftover dish.);
INSERT INTO tip (id,tip) VALUES (109,Char the poblano peppers evenly for easy peeling.);
INSERT INTO tip (id,tip) VALUES (110,Cool the picadillo before stuffing to prevent tearing the chiles.);
INSERT INTO tip (id,tip) VALUES (111,The dish can be served at room temperature, enhancing its flavors.);
INSERT INTO tip (id,tip) VALUES (112,Ensure the sugar is caramelized to a deep amber color for the best flavor.);
INSERT INTO tip (id,tip) VALUES (113,Let the flan cool completely in the refrigerator to set properly before inverting.);
INSERT INTO tip (id,tip) VALUES (114,Run a knife around the edges of the flan to loosen it from the dish before inverting.);
INSERT INTO tip (id,tip) VALUES (115,Ensure the marinade is well blended for even flavor.);
INSERT INTO tip (id,tip) VALUES (116,If you don't have a vertical spit, a grill or skillet works fine for cooking the meat.);
INSERT INTO tip (id,tip) VALUES (117,Keep tortillas warm wrapped in a cloth until ready to serve.);
INSERT INTO tip (id,tip) VALUES (118,Keep the filo dough covered with a damp cloth to prevent drying out while working.);
INSERT INTO tip (id,tip) VALUES (119,Cut the baklava before baking to make serving easier.);
INSERT INTO tip (id,tip) VALUES (120,Ensure the syrup is hot when poured over the baklava to soak in properly.);
INSERT INTO tip (id,tip) VALUES (121,Ensure the lamb is thinly sliced for quick grilling and authentic taste.);
INSERT INTO tip (id,tip) VALUES (122,Use freshly made tomato sauce for better flavor.);
INSERT INTO tip (id,tip) VALUES (123,Serve immediately while hot for best taste.);
INSERT INTO tip (id,tip) VALUES (124,The dough should be rolled out as thinly as possible for the right crispiness.);
INSERT INTO tip (id,tip) VALUES (125,Do not overload the topping to keep Lahmacun crispy.);
INSERT INTO tip (id,tip) VALUES (126,Adjust the amount of spices according to taste.);
INSERT INTO tip (id,tip) VALUES (127,Keep the rolled-out dough covered with a damp cloth to prevent it from drying out while preparing the pies.);
INSERT INTO tip (id,tip) VALUES (128,Ensure the edges are well sealed to prevent the filling from leaking out during frying.);
INSERT INTO tip (id,tip) VALUES (129,Serve with yogurt or a garlic sauce for dipping.);
INSERT INTO tip (id,tip) VALUES (130,Use a heavy pot to prevent the rice from burning.);
INSERT INTO tip (id,tip) VALUES (131,Let the pilaf rest for 10 minutes after cooking before serving to allow flavors to meld.);
INSERT INTO tip (id,tip) VALUES (132,Adjust the amount of water depending on the type of rice used.);
INSERT INTO tip (id,tip) VALUES (133,The key to a clear broth is to thoroughly skim the foam from the top of the pot during the initial boiling.);
INSERT INTO tip (id,tip) VALUES (134,Adding a small amount of vinegar or lemon juice helps in extracting flavor from the bones if using bone-in lamb.);
INSERT INTO tip (id,tip) VALUES (135,Adjust the variety and quantity of vegetables according to seasonal availability.);
INSERT INTO tip (id,tip) VALUES (136,Ensure the fruit is well-soaked to prevent it from drawing moisture from the dough.);
INSERT INTO tip (id,tip) VALUES (137,Test the loaf with a skewer to ensure it's fully baked through.);
INSERT INTO tip (id,tip) VALUES (138,Bara Brith can be stored for several days and improves in flavor.);
INSERT INTO tip (id,tip) VALUES (139,Letting the cawl sit overnight enhances the flavors, making it even more delicious the next day.);
INSERT INTO tip (id,tip) VALUES (140,Adding a turnip or swede can add an extra layer of flavor.);
INSERT INTO tip (id,tip) VALUES (141,Be careful not to let the vegetables turn mushy by overcooking.);
INSERT INTO tip (id,tip) VALUES (142,For a non-alcoholic version, substitute beer with milk.);
INSERT INTO tip (id,tip) VALUES (143,Experiment with different types of cheese for variety.);
INSERT INTO tip (id,tip) VALUES (144,Adding a small amount of paprika can give the dish a nice color and a bit of heat.);
INSERT INTO tip (id,tip) VALUES (145,Ensure the lamb is tender before adding the yogurt mixture.);
INSERT INTO tip (id,tip) VALUES (146,Serve with a side of fresh salad to balance the richness of the dish.);
INSERT INTO tip (id,tip) VALUES (147,Can substitute lamb with chicken for a different flavor.);
INSERT INTO tip (id,tip) VALUES (148,Cut the pastry before baking to make serving easier.);
INSERT INTO tip (id,tip) VALUES (149,Ensure the syrup is hot when poured over the cooled pastry to absorb properly.);
INSERT INTO tip (id,tip) VALUES (150,Can add clove or cardamom to the syrup for extra flavor.);
INSERT INTO tip (id,tip) VALUES (151,Add chili flakes for a spicy kick.);
INSERT INTO tip (id,tip) VALUES (152,Can be made ahead and reheated, enhancing the flavors.);
INSERT INTO tip (id,tip) VALUES (153,Perfect as a vegetarian main course.);
INSERT INTO tip (id,tip) VALUES (154,Ensure the rice is not overcooked as it will bake further in the oven.);
INSERT INTO tip (id,tip) VALUES (155,Can use a mix of seafood like shrimp and scallops.);
INSERT INTO tip (id,tip) VALUES (156,Top with cheese for the last 10 minutes of baking for a melty crust.);
INSERT INTO tip (id,tip) VALUES (157,Keep the phyllo dough covered with a damp towel while working to prevent it from drying out.);
INSERT INTO tip (id,tip) VALUES (158,Add onions to the spinach mixture for extra flavor.);
INSERT INTO tip (id,tip) VALUES (159,Serve with yogurt for breakfast or a light lunch.);
INSERT INTO tip (id,tip) VALUES (160,Check water level during cooking and add more if needed to prevent sticking.);
INSERT INTO tip (id,tip) VALUES (161,Can be served with pickled vegetables for added flavor.);
INSERT INTO tip (id,tip) VALUES (162,Leftovers taste even better the next day as flavors meld.);
INSERT INTO tip (id,tip) VALUES (163,Do not underbake the cake; ensure it is fully set to absorb the syrup.);
INSERT INTO tip (id,tip) VALUES (164,Pierce the cake with a fork before pouring syrup to enhance absorption.);
INSERT INTO tip (id,tip) VALUES (165,Serve with a dollop of whipped cream or vanilla ice cream.);
INSERT INTO tip (id,tip) VALUES (166,Use short-grain rice for better stickiness and forming.);
INSERT INTO tip (id,tip) VALUES (167,Add finely chopped onions to the rice mixture for extra flavor.);
INSERT INTO tip (id,tip) VALUES (168,Serve with plain yogurt or tzatziki for dipping.);
INSERT INTO tip (id,tip) VALUES (169,Ensure the grill is very hot before adding vegetables to get good sear marks.);
INSERT INTO tip (id,tip) VALUES (170,Can be served as a side dish or as a vegetarian main course.);
INSERT INTO tip (id,tip) VALUES (171,Drizzle with balsamic vinegar before serving for added flavor.);
INSERT INTO tip (id,tip) VALUES (172,Always use fresh mussels for the best flavor.);
INSERT INTO tip (id,tip) VALUES (173,Discard any mussels that do not open after cooking.);
INSERT INTO tip (id,tip) VALUES (174,Add a pinch of chili flakes for a spicy version.);
INSERT INTO tip (id,tip) VALUES (175,Do not press down on the patties while grilling to keep the juices inside.);
INSERT INTO tip (id,tip) VALUES (176,For extra flavor, add a slice of bacon on top of the cheese.);
INSERT INTO tip (id,tip) VALUES (177,Use high-quality meat with a bit of fat for juicier patties.);
INSERT INTO tip (id,tip) VALUES (178,Keep all ingredients, especially the butter and water, cold when making the crust.);
INSERT INTO tip (id,tip) VALUES (179,Let the pie cool for at least 20 minutes after baking to set the filling.);
INSERT INTO tip (id,tip) VALUES (180,Sprinkle a little sugar on top of the crust before baking for a sweet crunch.);
INSERT INTO tip (id,tip) VALUES (181,Keep the oil temperature consistent for the best results.);
INSERT INTO tip (id,tip) VALUES (182,Add a bit of hot sauce to the egg wash for a spicy kick.);
INSERT INTO tip (id,tip) VALUES (183,Let the chicken rest for a few minutes after frying for extra crispiness.);
INSERT INTO tip (id,tip) VALUES (184,For extra creamy macaroni, add a dollop of cream cheese to the sauce.);
INSERT INTO tip (id,tip) VALUES (185,Use a mix of different cheeses for more depth of flavor.);
INSERT INTO tip (id,tip) VALUES (186,Add cooked bacon or ham for a heartier dish.);
INSERT INTO tip (id,tip) VALUES (187,Let the ribs marinate with the dry rub overnight for deeper flavor.);
INSERT INTO tip (id,tip) VALUES (188,Keep a water pan in the grill to maintain moisture during the final grilling.);
INSERT INTO tip (id,tip) VALUES (189,Apply multiple layers of barbecue sauce for a richer flavor.);
INSERT INTO tip (id,tip) VALUES (190,Do not overmix the batter to keep pancakes fluffy.);
INSERT INTO tip (id,tip) VALUES (191,Add blueberries or chocolate chips to the batter for variety.);
INSERT INTO tip (id,tip) VALUES (192,Test griddle temperature with a small amount of batter; it should sizzle.);
INSERT INTO tip (id,tip) VALUES (193,Chill the dough for 30 minutes before baking to prevent spreading.);
INSERT INTO tip (id,tip) VALUES (194,Use a combination of chocolate chip types (milk, dark, white) for extra flavor.);
INSERT INTO tip (id,tip) VALUES (195,Store cookies in an airtight container to keep them soft.);
INSERT INTO tip (id,tip) VALUES (196,Add a slice of avocado or a fried egg to elevate this classic sandwich.);
INSERT INTO tip (id,tip) VALUES (197,Use thick-cut bacon for more texture and flavor.);
INSERT INTO tip (id,tip) VALUES (198,Toast the bread lightly to keep it from getting soggy from the tomato.);
INSERT INTO tip (id,tip) VALUES (199,Do not let the chowder boil after adding the cream to prevent curdling.);
INSERT INTO tip (id,tip) VALUES (200,For a thicker chowder, mash some of the potatoes slightly before adding the cream.);
INSERT INTO tip (id,tip) VALUES (201,Enhance the flavor by adding a bay leaf during simmering.);
INSERT INTO tip (id,tip) VALUES (202,Do not overmix the batter to keep the brownies fudgy.);
INSERT INTO tip (id,tip) VALUES (203,Add nuts like walnuts or pecans for a crunchy texture.);
INSERT INTO tip (id,tip) VALUES (204,Serve warm with a scoop of ice cream for a decadent dessert.);
INSERT INTO tip (id,tip) VALUES (205,Chill the vegetables before preparing for a refreshing starter.);
INSERT INTO tip (id,tip) VALUES (206,Serve alongside a loaf of crusty bread.);
INSERT INTO tip (id,tip) VALUES (207,Add roasted red peppers for additional flavor and color.);
INSERT INTO tip (id,tip) VALUES (208,Serve with a side of Bulgarian bread or over cooked rice.);
INSERT INTO tip (id,tip) VALUES (209,Adjust the amount of paprika to taste for a spicier version.);
INSERT INTO tip (id,tip) VALUES (210,Can be made ahead and reheated, as it tastes even better the next day.);
INSERT INTO tip (id,tip) VALUES (211,Keep phyllo dough covered with a damp towel to prevent drying out.);
INSERT INTO tip (id,tip) VALUES (212,Serve with plain yogurt or a hot drink for a traditional breakfast.);
INSERT INTO tip (id,tip) VALUES (213,Add spinach or leeks to the filling for a variation.);
INSERT INTO tip (id,tip) VALUES (214,Do not overcrowd the fryer to maintain a consistent temperature.);
INSERT INTO tip (id,tip) VALUES (215,Serve immediately while hot for the best texture.);
INSERT INTO tip (id,tip) VALUES (216,Experiment with savory versions by adding cheese or garlic to the dough.);
INSERT INTO tip (id,tip) VALUES (217,Let the musaka sit for 10-15 minutes after baking to firm up for easier serving.);
INSERT INTO tip (id,tip) VALUES (218,Add a layer of sautéed onions and carrots for extra flavor and moisture.);
INSERT INTO tip (id,tip) VALUES (219,Serve with a side salad of cucumbers and tomatoes.);
INSERT INTO tip (id,tip) VALUES (220,Serve very cold for a refreshing summer dish.);
INSERT INTO tip (id,tip) VALUES (221,Add ice cubes just before serving to keep it chilled.);
INSERT INTO tip (id,tip) VALUES (222,Experiment with adding other herbs like mint for a different flavor profile.);
INSERT INTO tip (id,tip) VALUES (223,Ensure the syrup is hot when poured over to soak the kadaif thoroughly.);
INSERT INTO tip (id,tip) VALUES (224,Allow the kadaif to sit for several hours to fully absorb the syrup and enhance the flavors.);
INSERT INTO tip (id,tip) VALUES (225,Serve with a dollop of whipped cream or a scoop of ice cream.);
INSERT INTO tip (id,tip) VALUES (226,Serve with a side of tomato slices or olives.);
INSERT INTO tip (id,tip) VALUES (227,For extra flavor, add a sprinkle of paprika or black pepper on the cheese before broiling.);
INSERT INTO tip (id,tip) VALUES (228,Ensure the bread is toasted first to prevent it from becoming soggy.);
INSERT INTO tip (id,tip) VALUES (229,Make sure each sponge layer is cooled before applying ganache.);
INSERT INTO tip (id,tip) VALUES (230,If the ganache is too runny, chill it before spreading on the cake layers.);
INSERT INTO tip (id,tip) VALUES (231,Decorate with walnut pieces or chocolate shavings for an elegant finish.);
INSERT INTO tip (id,tip) VALUES (232,Ensure the cabbage leaves are not ripped to prevent filling from leaking out.);
INSERT INTO tip (id,tip) VALUES (233,Add a bit of smoked meat to the pot for a deeper flavor.);
INSERT INTO tip (id,tip) VALUES (234,Serve with a dollop of yogurt or sour cream.);
INSERT INTO tip (id,tip) VALUES (235,Use high-quality beef for the best texture.);
INSERT INTO tip (id,tip) VALUES (236,Do not let the sour cream boil to prevent curdling.);
INSERT INTO tip (id,tip) VALUES (237,Serve with a side of pickles for an authentic Russian experience.);
INSERT INTO tip (id,tip) VALUES (238,Ensure each layer is evenly rolled to cook uniformly.);
INSERT INTO tip (id,tip) VALUES (239,The cake tastes better after it soaks overnight, plan accordingly.);
INSERT INTO tip (id,tip) VALUES (240,Use a serrated knife for easier slicing of the soft layers.);
INSERT INTO tip (id,tip) VALUES (241,Adjust the amount of vinegar and sugar to balance the sweetness and acidity.);
INSERT INTO tip (id,tip) VALUES (242,Can be served with a slice of rye bread.);
INSERT INTO tip (id,tip) VALUES (243,Add a beef bone to the pot for extra flavor.);
INSERT INTO tip (id,tip) VALUES (244,Make sure to seal the dumplings well to prevent them from opening while boiling.);
INSERT INTO tip (id,tip) VALUES (245,Pelmeni can be frozen for future use before boiling.);
INSERT INTO tip (id,tip) VALUES (246,Serve with vinegar or mustard for added flavor.);
INSERT INTO tip (id,tip) VALUES (247,Ensure the tvorog is well-drained to make the patties easier to form.);
INSERT INTO tip (id,tip) VALUES (248,Adjust the amount of flour to achieve the desired thickness.);
INSERT INTO tip (id,tip) VALUES (249,Try different jams as toppings for variety.);
INSERT INTO tip (id,tip) VALUES (250,For a richer flavor, toast the groats in a dry pan before boiling.);
INSERT INTO tip (id,tip) VALUES (251,Can be served with sautéed onions for added taste.);
INSERT INTO tip (id,tip) VALUES (252,Excellent base for adding vegetables or meat for a heartier meal.);
INSERT INTO tip (id,tip) VALUES (253,Allow the dough to rest before rolling for easier handling.);
INSERT INTO tip (id,tip) VALUES (254,Adjust spice amounts to taste.);
INSERT INTO tip (id,tip) VALUES (255,The icing sets better if cookies are completely cool.);
INSERT INTO tip (id,tip) VALUES (256,Use a silicone mat for easier removal after drying.);
INSERT INTO tip (id,tip) VALUES (257,Experiment with different fruit purées for variety.);
INSERT INTO tip (id,tip) VALUES (258,Ensure the mixture is very stiff before piping to maintain shape.);
INSERT INTO tip (id,tip) VALUES (259,Dice all ingredients to the same size for a uniform texture.);
INSERT INTO tip (id,tip) VALUES (260,Can be made a day ahead to enhance the flavors.);
INSERT INTO tip (id,tip) VALUES (261,Add a little mustard to the mayonnaise for extra zest.);
INSERT INTO tip (id,tip) VALUES (262,Using a mix of pork and beef can enhance the flavor.);
INSERT INTO tip (id,tip) VALUES (263,Serve with rye bread for an authentic Russian meal.);
INSERT INTO tip (id,tip) VALUES (264,Add a splash of vinegar or lemon juice for added zest.);
INSERT INTO recipe_has_tip (recipe_name,recipe_cuisine_name,tip_id) VALUES (Ghapama,Armenian,1);
INSERT INTO recipe_has_tip (recipe_name,recipe_cuisine_name,tip_id) VALUES (Ghapama,Armenian,2);
INSERT INTO recipe_has_tip (recipe_name,recipe_cuisine_name,tip_id) VALUES (Ghapama,Armenian,3);
INSERT INTO recipe_has_tip (recipe_name,recipe_cuisine_name,tip_id) VALUES (Harissa,Armenian,4);
INSERT INTO recipe_has_tip (recipe_name,recipe_cuisine_name,tip_id) VALUES (Harissa,Armenian,5);
INSERT INTO recipe_has_tip (recipe_name,recipe_cuisine_name,tip_id) VALUES (Harissa,Armenian,6);
INSERT INTO recipe_has_tip (recipe_name,recipe_cuisine_name,tip_id) VALUES (Lahmajoun,Armenian,7);
INSERT INTO recipe_has_tip (recipe_name,recipe_cuisine_name,tip_id) VALUES (Lahmajoun,Armenian,8);
INSERT INTO recipe_has_tip (recipe_name,recipe_cuisine_name,tip_id) VALUES (Lahmajoun,Armenian,9);
INSERT INTO recipe_has_tip (recipe_name,recipe_cuisine_name,tip_id) VALUES (Beef and Broccoli,Chinese,10);
INSERT INTO recipe_has_tip (recipe_name,recipe_cuisine_name,tip_id) VALUES (Beef and Broccoli,Chinese,11);
INSERT INTO recipe_has_tip (recipe_name,recipe_cuisine_name,tip_id) VALUES (Beef and Broccoli,Chinese,12);
INSERT INTO recipe_has_tip (recipe_name,recipe_cuisine_name,tip_id) VALUES (Egg Drop Soup,Chinese,13);
INSERT INTO recipe_has_tip (recipe_name,recipe_cuisine_name,tip_id) VALUES (Egg Drop Soup,Chinese,14);
INSERT INTO recipe_has_tip (recipe_name,recipe_cuisine_name,tip_id) VALUES (Egg Drop Soup,Chinese,15);
INSERT INTO recipe_has_tip (recipe_name,recipe_cuisine_name,tip_id) VALUES (Kung Pao Chicken,Chinese,16);
INSERT INTO recipe_has_tip (recipe_name,recipe_cuisine_name,tip_id) VALUES (Kung Pao Chicken,Chinese,17);
INSERT INTO recipe_has_tip (recipe_name,recipe_cuisine_name,tip_id) VALUES (Kung Pao Chicken,Chinese,18);
INSERT INTO recipe_has_tip (recipe_name,recipe_cuisine_name,tip_id) VALUES (Doro Wat,Ethiopian,19);
INSERT INTO recipe_has_tip (recipe_name,recipe_cuisine_name,tip_id) VALUES (Doro Wat,Ethiopian,20);
INSERT INTO recipe_has_tip (recipe_name,recipe_cuisine_name,tip_id) VALUES (Doro Wat,Ethiopian,21);
INSERT INTO recipe_has_tip (recipe_name,recipe_cuisine_name,tip_id) VALUES (Injera,Ethiopian,22);
INSERT INTO recipe_has_tip (recipe_name,recipe_cuisine_name,tip_id) VALUES (Injera,Ethiopian,23);
INSERT INTO recipe_has_tip (recipe_name,recipe_cuisine_name,tip_id) VALUES (Injera,Ethiopian,24);
INSERT INTO recipe_has_tip (recipe_name,recipe_cuisine_name,tip_id) VALUES (Kitfo,Ethiopian,25);
INSERT INTO recipe_has_tip (recipe_name,recipe_cuisine_name,tip_id) VALUES (Kitfo,Ethiopian,26);
INSERT INTO recipe_has_tip (recipe_name,recipe_cuisine_name,tip_id) VALUES (Kitfo,Ethiopian,27);
INSERT INTO recipe_has_tip (recipe_name,recipe_cuisine_name,tip_id) VALUES (Coq au Vin,French,28);
INSERT INTO recipe_has_tip (recipe_name,recipe_cuisine_name,tip_id) VALUES (Coq au Vin,French,29);
INSERT INTO recipe_has_tip (recipe_name,recipe_cuisine_name,tip_id) VALUES (Coq au Vin,French,30);
INSERT INTO recipe_has_tip (recipe_name,recipe_cuisine_name,tip_id) VALUES (Crème Brûlée,French,31);
INSERT INTO recipe_has_tip (recipe_name,recipe_cuisine_name,tip_id) VALUES (Crème Brûlée,French,32);
INSERT INTO recipe_has_tip (recipe_name,recipe_cuisine_name,tip_id) VALUES (Crème Brûlée,French,33);
INSERT INTO recipe_has_tip (recipe_name,recipe_cuisine_name,tip_id) VALUES (French Onion Soup,French,34);
INSERT INTO recipe_has_tip (recipe_name,recipe_cuisine_name,tip_id) VALUES (French Onion Soup,French,35);
INSERT INTO recipe_has_tip (recipe_name,recipe_cuisine_name,tip_id) VALUES (French Onion Soup,French,36);
INSERT INTO recipe_has_tip (recipe_name,recipe_cuisine_name,tip_id) VALUES (Black Forest Cake,German,37);
INSERT INTO recipe_has_tip (recipe_name,recipe_cuisine_name,tip_id) VALUES (Black Forest Cake,German,38);
INSERT INTO recipe_has_tip (recipe_name,recipe_cuisine_name,tip_id) VALUES (Black Forest Cake,German,39);
INSERT INTO recipe_has_tip (recipe_name,recipe_cuisine_name,tip_id) VALUES (Pretzels,German,40);
INSERT INTO recipe_has_tip (recipe_name,recipe_cuisine_name,tip_id) VALUES (Pretzels,German,41);
INSERT INTO recipe_has_tip (recipe_name,recipe_cuisine_name,tip_id) VALUES (Pretzels,German,42);
INSERT INTO recipe_has_tip (recipe_name,recipe_cuisine_name,tip_id) VALUES (Sauerbraten,German,43);
INSERT INTO recipe_has_tip (recipe_name,recipe_cuisine_name,tip_id) VALUES (Sauerbraten,German,44);
INSERT INTO recipe_has_tip (recipe_name,recipe_cuisine_name,tip_id) VALUES (Sauerbraten,German,45);
INSERT INTO recipe_has_tip (recipe_name,recipe_cuisine_name,tip_id) VALUES (Baklava,Greek,46);
INSERT INTO recipe_has_tip (recipe_name,recipe_cuisine_name,tip_id) VALUES (Baklava,Greek,47);
INSERT INTO recipe_has_tip (recipe_name,recipe_cuisine_name,tip_id) VALUES (Baklava,Greek,48);
INSERT INTO recipe_has_tip (recipe_name,recipe_cuisine_name,tip_id) VALUES (Greek Salad (Horiatiki),Greek,49);
INSERT INTO recipe_has_tip (recipe_name,recipe_cuisine_name,tip_id) VALUES (Greek Salad (Horiatiki),Greek,50);
INSERT INTO recipe_has_tip (recipe_name,recipe_cuisine_name,tip_id) VALUES (Greek Salad (Horiatiki),Greek,51);
INSERT INTO recipe_has_tip (recipe_name,recipe_cuisine_name,tip_id) VALUES (Moussaka,Greek,52);
INSERT INTO recipe_has_tip (recipe_name,recipe_cuisine_name,tip_id) VALUES (Moussaka,Greek,53);
INSERT INTO recipe_has_tip (recipe_name,recipe_cuisine_name,tip_id) VALUES (Moussaka,Greek,54);
INSERT INTO recipe_has_tip (recipe_name,recipe_cuisine_name,tip_id) VALUES (Chicken Biryani,Indian,55);
INSERT INTO recipe_has_tip (recipe_name,recipe_cuisine_name,tip_id) VALUES (Chicken Biryani,Indian,56);
INSERT INTO recipe_has_tip (recipe_name,recipe_cuisine_name,tip_id) VALUES (Chicken Biryani,Indian,57);
INSERT INTO recipe_has_tip (recipe_name,recipe_cuisine_name,tip_id) VALUES (Mango Lassi,Indian,58);
INSERT INTO recipe_has_tip (recipe_name,recipe_cuisine_name,tip_id) VALUES (Mango Lassi,Indian,59);
INSERT INTO recipe_has_tip (recipe_name,recipe_cuisine_name,tip_id) VALUES (Mango Lassi,Indian,60);
INSERT INTO recipe_has_tip (recipe_name,recipe_cuisine_name,tip_id) VALUES (Palak Paneer,Indian,61);
INSERT INTO recipe_has_tip (recipe_name,recipe_cuisine_name,tip_id) VALUES (Palak Paneer,Indian,62);
INSERT INTO recipe_has_tip (recipe_name,recipe_cuisine_name,tip_id) VALUES (Palak Paneer,Indian,63);
INSERT INTO recipe_has_tip (recipe_name,recipe_cuisine_name,tip_id) VALUES (Osso Buco,Italian,64);
INSERT INTO recipe_has_tip (recipe_name,recipe_cuisine_name,tip_id) VALUES (Osso Buco,Italian,65);
INSERT INTO recipe_has_tip (recipe_name,recipe_cuisine_name,tip_id) VALUES (Osso Buco,Italian,66);
INSERT INTO recipe_has_tip (recipe_name,recipe_cuisine_name,tip_id) VALUES (Spaghetti Carbonara,Italian,67);
INSERT INTO recipe_has_tip (recipe_name,recipe_cuisine_name,tip_id) VALUES (Spaghetti Carbonara,Italian,68);
INSERT INTO recipe_has_tip (recipe_name,recipe_cuisine_name,tip_id) VALUES (Spaghetti Carbonara,Italian,69);
INSERT INTO recipe_has_tip (recipe_name,recipe_cuisine_name,tip_id) VALUES (Tiramisu,Italian,70);
INSERT INTO recipe_has_tip (recipe_name,recipe_cuisine_name,tip_id) VALUES (Tiramisu,Italian,71);
INSERT INTO recipe_has_tip (recipe_name,recipe_cuisine_name,tip_id) VALUES (Tiramisu,Italian,72);
INSERT INTO recipe_has_tip (recipe_name,recipe_cuisine_name,tip_id) VALUES (Matcha Ice Cream,Japanese,73);
INSERT INTO recipe_has_tip (recipe_name,recipe_cuisine_name,tip_id) VALUES (Matcha Ice Cream,Japanese,74);
INSERT INTO recipe_has_tip (recipe_name,recipe_cuisine_name,tip_id) VALUES (Matcha Ice Cream,Japanese,75);
INSERT INTO recipe_has_tip (recipe_name,recipe_cuisine_name,tip_id) VALUES (Ramen,Japanese,76);
INSERT INTO recipe_has_tip (recipe_name,recipe_cuisine_name,tip_id) VALUES (Ramen,Japanese,77);
INSERT INTO recipe_has_tip (recipe_name,recipe_cuisine_name,tip_id) VALUES (Ramen,Japanese,78);
INSERT INTO recipe_has_tip (recipe_name,recipe_cuisine_name,tip_id) VALUES (Sushi Rolls (Maki Sushi),Japanese,79);
INSERT INTO recipe_has_tip (recipe_name,recipe_cuisine_name,tip_id) VALUES (Sushi Rolls (Maki Sushi),Japanese,80);
INSERT INTO recipe_has_tip (recipe_name,recipe_cuisine_name,tip_id) VALUES (Sushi Rolls (Maki Sushi),Japanese,81);
INSERT INTO recipe_has_tip (recipe_name,recipe_cuisine_name,tip_id) VALUES (Beshbarmak,Kazakh,82);
INSERT INTO recipe_has_tip (recipe_name,recipe_cuisine_name,tip_id) VALUES (Beshbarmak,Kazakh,83);
INSERT INTO recipe_has_tip (recipe_name,recipe_cuisine_name,tip_id) VALUES (Beshbarmak,Kazakh,84);
INSERT INTO recipe_has_tip (recipe_name,recipe_cuisine_name,tip_id) VALUES (Kazy,Kazakh,85);
INSERT INTO recipe_has_tip (recipe_name,recipe_cuisine_name,tip_id) VALUES (Kazy,Kazakh,86);
INSERT INTO recipe_has_tip (recipe_name,recipe_cuisine_name,tip_id) VALUES (Kazy,Kazakh,87);
INSERT INTO recipe_has_tip (recipe_name,recipe_cuisine_name,tip_id) VALUES (Kurt,Kazakh,88);
INSERT INTO recipe_has_tip (recipe_name,recipe_cuisine_name,tip_id) VALUES (Kurt,Kazakh,89);
INSERT INTO recipe_has_tip (recipe_name,recipe_cuisine_name,tip_id) VALUES (Kurt,Kazakh,90);
INSERT INTO recipe_has_tip (recipe_name,recipe_cuisine_name,tip_id) VALUES (Nyama Choma,Kenyan,91);
INSERT INTO recipe_has_tip (recipe_name,recipe_cuisine_name,tip_id) VALUES (Nyama Choma,Kenyan,92);
INSERT INTO recipe_has_tip (recipe_name,recipe_cuisine_name,tip_id) VALUES (Nyama Choma,Kenyan,93);
INSERT INTO recipe_has_tip (recipe_name,recipe_cuisine_name,tip_id) VALUES (Sukuma Wiki,Kenyan,94);
INSERT INTO recipe_has_tip (recipe_name,recipe_cuisine_name,tip_id) VALUES (Sukuma Wiki,Kenyan,95);
INSERT INTO recipe_has_tip (recipe_name,recipe_cuisine_name,tip_id) VALUES (Sukuma Wiki,Kenyan,96);
INSERT INTO recipe_has_tip (recipe_name,recipe_cuisine_name,tip_id) VALUES (Ugali,Kenyan,97);
INSERT INTO recipe_has_tip (recipe_name,recipe_cuisine_name,tip_id) VALUES (Ugali,Kenyan,98);
INSERT INTO recipe_has_tip (recipe_name,recipe_cuisine_name,tip_id) VALUES (Ugali,Kenyan,99);
INSERT INTO recipe_has_tip (recipe_name,recipe_cuisine_name,tip_id) VALUES (Bibimbap,Korean,100);
INSERT INTO recipe_has_tip (recipe_name,recipe_cuisine_name,tip_id) VALUES (Bibimbap,Korean,101);
INSERT INTO recipe_has_tip (recipe_name,recipe_cuisine_name,tip_id) VALUES (Bibimbap,Korean,102);
INSERT INTO recipe_has_tip (recipe_name,recipe_cuisine_name,tip_id) VALUES (Hoddeok,Korean,103);
INSERT INTO recipe_has_tip (recipe_name,recipe_cuisine_name,tip_id) VALUES (Hoddeok,Korean,104);
INSERT INTO recipe_has_tip (recipe_name,recipe_cuisine_name,tip_id) VALUES (Hoddeok,Korean,105);
INSERT INTO recipe_has_tip (recipe_name,recipe_cuisine_name,tip_id) VALUES (Kimchi Jjigae,Korean,106);
INSERT INTO recipe_has_tip (recipe_name,recipe_cuisine_name,tip_id) VALUES (Kimchi Jjigae,Korean,107);
INSERT INTO recipe_has_tip (recipe_name,recipe_cuisine_name,tip_id) VALUES (Kimchi Jjigae,Korean,108);
INSERT INTO recipe_has_tip (recipe_name,recipe_cuisine_name,tip_id) VALUES (Chiles en Nogada,Mexican,109);
INSERT INTO recipe_has_tip (recipe_name,recipe_cuisine_name,tip_id) VALUES (Chiles en Nogada,Mexican,110);
INSERT INTO recipe_has_tip (recipe_name,recipe_cuisine_name,tip_id) VALUES (Chiles en Nogada,Mexican,111);
INSERT INTO recipe_has_tip (recipe_name,recipe_cuisine_name,tip_id) VALUES (Flan,Mexican,112);
INSERT INTO recipe_has_tip (recipe_name,recipe_cuisine_name,tip_id) VALUES (Flan,Mexican,113);
INSERT INTO recipe_has_tip (recipe_name,recipe_cuisine_name,tip_id) VALUES (Flan,Mexican,114);
INSERT INTO recipe_has_tip (recipe_name,recipe_cuisine_name,tip_id) VALUES (Tacos al Pastor,Mexican,115);
INSERT INTO recipe_has_tip (recipe_name,recipe_cuisine_name,tip_id) VALUES (Tacos al Pastor,Mexican,116);
INSERT INTO recipe_has_tip (recipe_name,recipe_cuisine_name,tip_id) VALUES (Tacos al Pastor,Mexican,117);
INSERT INTO recipe_has_tip (recipe_name,recipe_cuisine_name,tip_id) VALUES (Baklava,Turkish,118);
INSERT INTO recipe_has_tip (recipe_name,recipe_cuisine_name,tip_id) VALUES (Baklava,Turkish,119);
INSERT INTO recipe_has_tip (recipe_name,recipe_cuisine_name,tip_id) VALUES (Baklava,Turkish,120);
INSERT INTO recipe_has_tip (recipe_name,recipe_cuisine_name,tip_id) VALUES (İskender Kebab,Turkish,121);
INSERT INTO recipe_has_tip (recipe_name,recipe_cuisine_name,tip_id) VALUES (İskender Kebab,Turkish,122);
INSERT INTO recipe_has_tip (recipe_name,recipe_cuisine_name,tip_id) VALUES (İskender Kebab,Turkish,123);
INSERT INTO recipe_has_tip (recipe_name,recipe_cuisine_name,tip_id) VALUES (Lahmacun,Turkish,124);
INSERT INTO recipe_has_tip (recipe_name,recipe_cuisine_name,tip_id) VALUES (Lahmacun,Turkish,125);
INSERT INTO recipe_has_tip (recipe_name,recipe_cuisine_name,tip_id) VALUES (Lahmacun,Turkish,126);
INSERT INTO recipe_has_tip (recipe_name,recipe_cuisine_name,tip_id) VALUES (Gutap,Turkmen,127);
INSERT INTO recipe_has_tip (recipe_name,recipe_cuisine_name,tip_id) VALUES (Gutap,Turkmen,128);
INSERT INTO recipe_has_tip (recipe_name,recipe_cuisine_name,tip_id) VALUES (Gutap,Turkmen,129);
INSERT INTO recipe_has_tip (recipe_name,recipe_cuisine_name,tip_id) VALUES (Palaw,Turkmen,130);
INSERT INTO recipe_has_tip (recipe_name,recipe_cuisine_name,tip_id) VALUES (Palaw,Turkmen,131);
INSERT INTO recipe_has_tip (recipe_name,recipe_cuisine_name,tip_id) VALUES (Palaw,Turkmen,132);
INSERT INTO recipe_has_tip (recipe_name,recipe_cuisine_name,tip_id) VALUES (Shurpa,Turkmen,133);
INSERT INTO recipe_has_tip (recipe_name,recipe_cuisine_name,tip_id) VALUES (Shurpa,Turkmen,134);
INSERT INTO recipe_has_tip (recipe_name,recipe_cuisine_name,tip_id) VALUES (Shurpa,Turkmen,135);
INSERT INTO recipe_has_tip (recipe_name,recipe_cuisine_name,tip_id) VALUES (Bara Brith,Welsh,136);
INSERT INTO recipe_has_tip (recipe_name,recipe_cuisine_name,tip_id) VALUES (Bara Brith,Welsh,137);
INSERT INTO recipe_has_tip (recipe_name,recipe_cuisine_name,tip_id) VALUES (Bara Brith,Welsh,138);
INSERT INTO recipe_has_tip (recipe_name,recipe_cuisine_name,tip_id) VALUES (Cawl,Welsh,139);
INSERT INTO recipe_has_tip (recipe_name,recipe_cuisine_name,tip_id) VALUES (Cawl,Welsh,140);
INSERT INTO recipe_has_tip (recipe_name,recipe_cuisine_name,tip_id) VALUES (Cawl,Welsh,141);
INSERT INTO recipe_has_tip (recipe_name,recipe_cuisine_name,tip_id) VALUES (Welsh Rarebit,Welsh,142);
INSERT INTO recipe_has_tip (recipe_name,recipe_cuisine_name,tip_id) VALUES (Welsh Rarebit,Welsh,143);
INSERT INTO recipe_has_tip (recipe_name,recipe_cuisine_name,tip_id) VALUES (Welsh Rarebit,Welsh,144);
INSERT INTO recipe_has_tip (recipe_name,recipe_cuisine_name,tip_id) VALUES (Tavë Kosi,Albanian,145);
INSERT INTO recipe_has_tip (recipe_name,recipe_cuisine_name,tip_id) VALUES (Tavë Kosi,Albanian,146);
INSERT INTO recipe_has_tip (recipe_name,recipe_cuisine_name,tip_id) VALUES (Tavë Kosi,Albanian,147);
INSERT INTO recipe_has_tip (recipe_name,recipe_cuisine_name,tip_id) VALUES (Bakllasarem,Albanian,148);
INSERT INTO recipe_has_tip (recipe_name,recipe_cuisine_name,tip_id) VALUES (Bakllasarem,Albanian,149);
INSERT INTO recipe_has_tip (recipe_name,recipe_cuisine_name,tip_id) VALUES (Bakllasarem,Albanian,150);
INSERT INTO recipe_has_tip (recipe_name,recipe_cuisine_name,tip_id) VALUES (Fërgesë,Albanian,151);
INSERT INTO recipe_has_tip (recipe_name,recipe_cuisine_name,tip_id) VALUES (Fërgesë,Albanian,152);
INSERT INTO recipe_has_tip (recipe_name,recipe_cuisine_name,tip_id) VALUES (Fërgesë,Albanian,153);
INSERT INTO recipe_has_tip (recipe_name,recipe_cuisine_name,tip_id) VALUES (Speca të mbushur,Albanian,154);
INSERT INTO recipe_has_tip (recipe_name,recipe_cuisine_name,tip_id) VALUES (Speca të mbushur,Albanian,155);
INSERT INTO recipe_has_tip (recipe_name,recipe_cuisine_name,tip_id) VALUES (Speca të mbushur,Albanian,156);
INSERT INTO recipe_has_tip (recipe_name,recipe_cuisine_name,tip_id) VALUES (Byrek me Spinaq,Albanian,157);
INSERT INTO recipe_has_tip (recipe_name,recipe_cuisine_name,tip_id) VALUES (Byrek me Spinaq,Albanian,158);
INSERT INTO recipe_has_tip (recipe_name,recipe_cuisine_name,tip_id) VALUES (Byrek me Spinaq,Albanian,159);
INSERT INTO recipe_has_tip (recipe_name,recipe_cuisine_name,tip_id) VALUES (Jani me fasule,Albanian,160);
INSERT INTO recipe_has_tip (recipe_name,recipe_cuisine_name,tip_id) VALUES (Jani me fasule,Albanian,161);
INSERT INTO recipe_has_tip (recipe_name,recipe_cuisine_name,tip_id) VALUES (Jani me fasule,Albanian,162);
INSERT INTO recipe_has_tip (recipe_name,recipe_cuisine_name,tip_id) VALUES (Shëndetli,Albanian,163);
INSERT INTO recipe_has_tip (recipe_name,recipe_cuisine_name,tip_id) VALUES (Shëndetli,Albanian,164);
INSERT INTO recipe_has_tip (recipe_name,recipe_cuisine_name,tip_id) VALUES (Shëndetli,Albanian,165);
INSERT INTO recipe_has_tip (recipe_name,recipe_cuisine_name,tip_id) VALUES (Qifqi,Albanian,166);
INSERT INTO recipe_has_tip (recipe_name,recipe_cuisine_name,tip_id) VALUES (Qifqi,Albanian,167);
INSERT INTO recipe_has_tip (recipe_name,recipe_cuisine_name,tip_id) VALUES (Qifqi,Albanian,168);
INSERT INTO recipe_has_tip (recipe_name,recipe_cuisine_name,tip_id) VALUES (Përime në zgare,Albanian,169);
INSERT INTO recipe_has_tip (recipe_name,recipe_cuisine_name,tip_id) VALUES (Përime në zgare,Albanian,170);
INSERT INTO recipe_has_tip (recipe_name,recipe_cuisine_name,tip_id) VALUES (Përime në zgare,Albanian,171);
INSERT INTO recipe_has_tip (recipe_name,recipe_cuisine_name,tip_id) VALUES (Mish me midhje,Albanian,172);
INSERT INTO recipe_has_tip (recipe_name,recipe_cuisine_name,tip_id) VALUES (Mish me midhje,Albanian,173);
INSERT INTO recipe_has_tip (recipe_name,recipe_cuisine_name,tip_id) VALUES (Mish me midhje,Albanian,174);
INSERT INTO recipe_has_tip (recipe_name,recipe_cuisine_name,tip_id) VALUES (Cheeseburger,American,175);
INSERT INTO recipe_has_tip (recipe_name,recipe_cuisine_name,tip_id) VALUES (Cheeseburger,American,176);
INSERT INTO recipe_has_tip (recipe_name,recipe_cuisine_name,tip_id) VALUES (Cheeseburger,American,177);
INSERT INTO recipe_has_tip (recipe_name,recipe_cuisine_name,tip_id) VALUES (Apple Pie,American,178);
INSERT INTO recipe_has_tip (recipe_name,recipe_cuisine_name,tip_id) VALUES (Apple Pie,American,179);
INSERT INTO recipe_has_tip (recipe_name,recipe_cuisine_name,tip_id) VALUES (Apple Pie,American,180);
INSERT INTO recipe_has_tip (recipe_name,recipe_cuisine_name,tip_id) VALUES (Fried Chicken,American,181);
INSERT INTO recipe_has_tip (recipe_name,recipe_cuisine_name,tip_id) VALUES (Fried Chicken,American,182);
INSERT INTO recipe_has_tip (recipe_name,recipe_cuisine_name,tip_id) VALUES (Fried Chicken,American,183);
INSERT INTO recipe_has_tip (recipe_name,recipe_cuisine_name,tip_id) VALUES (Macaroni and Cheese,American,184);
INSERT INTO recipe_has_tip (recipe_name,recipe_cuisine_name,tip_id) VALUES (Macaroni and Cheese,American,185);
INSERT INTO recipe_has_tip (recipe_name,recipe_cuisine_name,tip_id) VALUES (Macaroni and Cheese,American,186);
INSERT INTO recipe_has_tip (recipe_name,recipe_cuisine_name,tip_id) VALUES (Barbecue Ribs,American,187);
INSERT INTO recipe_has_tip (recipe_name,recipe_cuisine_name,tip_id) VALUES (Barbecue Ribs,American,188);
INSERT INTO recipe_has_tip (recipe_name,recipe_cuisine_name,tip_id) VALUES (Barbecue Ribs,American,189);
INSERT INTO recipe_has_tip (recipe_name,recipe_cuisine_name,tip_id) VALUES (Pancakes,American,190);
INSERT INTO recipe_has_tip (recipe_name,recipe_cuisine_name,tip_id) VALUES (Pancakes,American,191);
INSERT INTO recipe_has_tip (recipe_name,recipe_cuisine_name,tip_id) VALUES (Pancakes,American,192);
INSERT INTO recipe_has_tip (recipe_name,recipe_cuisine_name,tip_id) VALUES (Chocolate Chip Cookies,American,193);
INSERT INTO recipe_has_tip (recipe_name,recipe_cuisine_name,tip_id) VALUES (Chocolate Chip Cookies,American,194);
INSERT INTO recipe_has_tip (recipe_name,recipe_cuisine_name,tip_id) VALUES (Chocolate Chip Cookies,American,195);
INSERT INTO recipe_has_tip (recipe_name,recipe_cuisine_name,tip_id) VALUES (BLT Sandwich,American,196);
INSERT INTO recipe_has_tip (recipe_name,recipe_cuisine_name,tip_id) VALUES (BLT Sandwich,American,197);
INSERT INTO recipe_has_tip (recipe_name,recipe_cuisine_name,tip_id) VALUES (BLT Sandwich,American,198);
INSERT INTO recipe_has_tip (recipe_name,recipe_cuisine_name,tip_id) VALUES (Clam Chowder,American,199);
INSERT INTO recipe_has_tip (recipe_name,recipe_cuisine_name,tip_id) VALUES (Clam Chowder,American,200);
INSERT INTO recipe_has_tip (recipe_name,recipe_cuisine_name,tip_id) VALUES (Clam Chowder,American,201);
INSERT INTO recipe_has_tip (recipe_name,recipe_cuisine_name,tip_id) VALUES (Brownies,American,202);
INSERT INTO recipe_has_tip (recipe_name,recipe_cuisine_name,tip_id) VALUES (Brownies,American,203);
INSERT INTO recipe_has_tip (recipe_name,recipe_cuisine_name,tip_id) VALUES (Brownies,American,204);
INSERT INTO recipe_has_tip (recipe_name,recipe_cuisine_name,tip_id) VALUES (Shopska Salata,Bulgarian,205);
INSERT INTO recipe_has_tip (recipe_name,recipe_cuisine_name,tip_id) VALUES (Shopska Salata,Bulgarian,206);
INSERT INTO recipe_has_tip (recipe_name,recipe_cuisine_name,tip_id) VALUES (Shopska Salata,Bulgarian,207);
INSERT INTO recipe_has_tip (recipe_name,recipe_cuisine_name,tip_id) VALUES (Kavarma,Bulgarian,208);
INSERT INTO recipe_has_tip (recipe_name,recipe_cuisine_name,tip_id) VALUES (Kavarma,Bulgarian,209);
INSERT INTO recipe_has_tip (recipe_name,recipe_cuisine_name,tip_id) VALUES (Kavarma,Bulgarian,210);
INSERT INTO recipe_has_tip (recipe_name,recipe_cuisine_name,tip_id) VALUES (Banitsa,Bulgarian,211);
INSERT INTO recipe_has_tip (recipe_name,recipe_cuisine_name,tip_id) VALUES (Banitsa,Bulgarian,212);
INSERT INTO recipe_has_tip (recipe_name,recipe_cuisine_name,tip_id) VALUES (Banitsa,Bulgarian,213);
INSERT INTO recipe_has_tip (recipe_name,recipe_cuisine_name,tip_id) VALUES (Mekitsa,Bulgarian,214);
INSERT INTO recipe_has_tip (recipe_name,recipe_cuisine_name,tip_id) VALUES (Mekitsa,Bulgarian,215);
INSERT INTO recipe_has_tip (recipe_name,recipe_cuisine_name,tip_id) VALUES (Mekitsa,Bulgarian,216);
INSERT INTO recipe_has_tip (recipe_name,recipe_cuisine_name,tip_id) VALUES (Musaka,Bulgarian,217);
INSERT INTO recipe_has_tip (recipe_name,recipe_cuisine_name,tip_id) VALUES (Musaka,Bulgarian,218);
INSERT INTO recipe_has_tip (recipe_name,recipe_cuisine_name,tip_id) VALUES (Musaka,Bulgarian,219);
INSERT INTO recipe_has_tip (recipe_name,recipe_cuisine_name,tip_id) VALUES (Tarator,Bulgarian,220);
INSERT INTO recipe_has_tip (recipe_name,recipe_cuisine_name,tip_id) VALUES (Tarator,Bulgarian,221);
INSERT INTO recipe_has_tip (recipe_name,recipe_cuisine_name,tip_id) VALUES (Tarator,Bulgarian,222);
INSERT INTO recipe_has_tip (recipe_name,recipe_cuisine_name,tip_id) VALUES (Kadaif,Bulgarian,223);
INSERT INTO recipe_has_tip (recipe_name,recipe_cuisine_name,tip_id) VALUES (Kadaif,Bulgarian,224);
INSERT INTO recipe_has_tip (recipe_name,recipe_cuisine_name,tip_id) VALUES (Kadaif,Bulgarian,225);
INSERT INTO recipe_has_tip (recipe_name,recipe_cuisine_name,tip_id) VALUES (Bulgarian Cheese Toast,Bulgarian,226);
INSERT INTO recipe_has_tip (recipe_name,recipe_cuisine_name,tip_id) VALUES (Bulgarian Cheese Toast,Bulgarian,227);
INSERT INTO recipe_has_tip (recipe_name,recipe_cuisine_name,tip_id) VALUES (Bulgarian Cheese Toast,Bulgarian,228);
INSERT INTO recipe_has_tip (recipe_name,recipe_cuisine_name,tip_id) VALUES (Garash Cake,Bulgarian,229);
INSERT INTO recipe_has_tip (recipe_name,recipe_cuisine_name,tip_id) VALUES (Garash Cake,Bulgarian,230);
INSERT INTO recipe_has_tip (recipe_name,recipe_cuisine_name,tip_id) VALUES (Garash Cake,Bulgarian,231);
INSERT INTO recipe_has_tip (recipe_name,recipe_cuisine_name,tip_id) VALUES (Sarmi,Bulgarian,232);
INSERT INTO recipe_has_tip (recipe_name,recipe_cuisine_name,tip_id) VALUES (Sarmi,Bulgarian,233);
INSERT INTO recipe_has_tip (recipe_name,recipe_cuisine_name,tip_id) VALUES (Sarmi,Bulgarian,234);
INSERT INTO recipe_has_tip (recipe_name,recipe_cuisine_name,tip_id) VALUES (Beef Stroganoff,Russian,235);
INSERT INTO recipe_has_tip (recipe_name,recipe_cuisine_name,tip_id) VALUES (Beef Stroganoff,Russian,236);
INSERT INTO recipe_has_tip (recipe_name,recipe_cuisine_name,tip_id) VALUES (Beef Stroganoff,Russian,237);
INSERT INTO recipe_has_tip (recipe_name,recipe_cuisine_name,tip_id) VALUES (Medovik,Russian,238);
INSERT INTO recipe_has_tip (recipe_name,recipe_cuisine_name,tip_id) VALUES (Medovik,Russian,239);
INSERT INTO recipe_has_tip (recipe_name,recipe_cuisine_name,tip_id) VALUES (Medovik,Russian,240);
INSERT INTO recipe_has_tip (recipe_name,recipe_cuisine_name,tip_id) VALUES (Borscht,Russian,241);
INSERT INTO recipe_has_tip (recipe_name,recipe_cuisine_name,tip_id) VALUES (Borscht,Russian,242);
INSERT INTO recipe_has_tip (recipe_name,recipe_cuisine_name,tip_id) VALUES (Borscht,Russian,243);
INSERT INTO recipe_has_tip (recipe_name,recipe_cuisine_name,tip_id) VALUES (Pelmeni,Russian,244);
INSERT INTO recipe_has_tip (recipe_name,recipe_cuisine_name,tip_id) VALUES (Pelmeni,Russian,245);
INSERT INTO recipe_has_tip (recipe_name,recipe_cuisine_name,tip_id) VALUES (Pelmeni,Russian,246);
INSERT INTO recipe_has_tip (recipe_name,recipe_cuisine_name,tip_id) VALUES (Syrniki,Russian,247);
INSERT INTO recipe_has_tip (recipe_name,recipe_cuisine_name,tip_id) VALUES (Syrniki,Russian,248);
INSERT INTO recipe_has_tip (recipe_name,recipe_cuisine_name,tip_id) VALUES (Syrniki,Russian,249);
INSERT INTO recipe_has_tip (recipe_name,recipe_cuisine_name,tip_id) VALUES (Kasha,Russian,250);
INSERT INTO recipe_has_tip (recipe_name,recipe_cuisine_name,tip_id) VALUES (Kasha,Russian,251);
INSERT INTO recipe_has_tip (recipe_name,recipe_cuisine_name,tip_id) VALUES (Kasha,Russian,252);
INSERT INTO recipe_has_tip (recipe_name,recipe_cuisine_name,tip_id) VALUES (Pryaniki,Russian,253);
INSERT INTO recipe_has_tip (recipe_name,recipe_cuisine_name,tip_id) VALUES (Pryaniki,Russian,254);
INSERT INTO recipe_has_tip (recipe_name,recipe_cuisine_name,tip_id) VALUES (Pryaniki,Russian,255);
INSERT INTO recipe_has_tip (recipe_name,recipe_cuisine_name,tip_id) VALUES (Zefir,Russian,256);
INSERT INTO recipe_has_tip (recipe_name,recipe_cuisine_name,tip_id) VALUES (Zefir,Russian,257);
INSERT INTO recipe_has_tip (recipe_name,recipe_cuisine_name,tip_id) VALUES (Zefir,Russian,258);
INSERT INTO recipe_has_tip (recipe_name,recipe_cuisine_name,tip_id) VALUES (Olivier Salad,Russian,259);
INSERT INTO recipe_has_tip (recipe_name,recipe_cuisine_name,tip_id) VALUES (Olivier Salad,Russian,260);
INSERT INTO recipe_has_tip (recipe_name,recipe_cuisine_name,tip_id) VALUES (Olivier Salad,Russian,261);
INSERT INTO recipe_has_tip (recipe_name,recipe_cuisine_name,tip_id) VALUES (Shchi,Russian,262);
INSERT INTO recipe_has_tip (recipe_name,recipe_cuisine_name,tip_id) VALUES (Shchi,Russian,263);
INSERT INTO recipe_has_tip (recipe_name,recipe_cuisine_name,tip_id) VALUES (Shchi,Russian,264);
INSERT INTO equipment (name,manual,image_id) VALUES (oven,used for cooking,0);
INSERT INTO equipment (name,manual,image_id) VALUES (large mixing bowl,used for cooking,0);
INSERT INTO equipment (name,manual,image_id) VALUES (sharp knife,used for cooking,0);
INSERT INTO equipment (name,manual,image_id) VALUES (baking tray,used for cooking,0);
INSERT INTO equipment (name,manual,image_id) VALUES (large pot,used for cooking,0);
INSERT INTO equipment (name,manual,image_id) VALUES (wooden spoon,used for cooking,0);
INSERT INTO equipment (name,manual,image_id) VALUES (mixing bowl,used for cooking,0);
INSERT INTO equipment (name,manual,image_id) VALUES (rolling pin,used for cooking,0);
INSERT INTO equipment (name,manual,image_id) VALUES (baking sheet,used for cooking,0);
INSERT INTO equipment (name,manual,image_id) VALUES (wok,used for cooking,0);
INSERT INTO equipment (name,manual,image_id) VALUES (knife,used for cooking,0);
INSERT INTO equipment (name,manual,image_id) VALUES (cutting board,used for cooking,0);
INSERT INTO equipment (name,manual,image_id) VALUES (pot,used for cooking,0);
INSERT INTO equipment (name,manual,image_id) VALUES (whisk,used for cooking,0);
INSERT INTO equipment (name,manual,image_id) VALUES (bowl,used for cooking,0);
INSERT INTO equipment (name,manual,image_id) VALUES (spatula,used for cooking,0);
INSERT INTO equipment (name,manual,image_id) VALUES (large bowl,used for cooking,0);
INSERT INTO equipment (name,manual,image_id) VALUES (non-stick pan or griddle,used for cooking,0);
INSERT INTO equipment (name,manual,image_id) VALUES (ladle,used for cooking,0);
INSERT INTO equipment (name,manual,image_id) VALUES (clean cloth,used for cooking,0);
INSERT INTO equipment (name,manual,image_id) VALUES (small pan,used for cooking,0);
INSERT INTO equipment (name,manual,image_id) VALUES (dutch oven,used for cooking,0);
INSERT INTO equipment (name,manual,image_id) VALUES (mixing bowls,used for cooking,0);
INSERT INTO equipment (name,manual,image_id) VALUES (ramekins,used for cooking,0);
INSERT INTO equipment (name,manual,image_id) VALUES (torch,used for cooking,0);
INSERT INTO equipment (name,manual,image_id) VALUES (broiler,used for cooking,0);
INSERT INTO equipment (name,manual,image_id) VALUES (cake pans,used for cooking,0);
INSERT INTO equipment (name,manual,image_id) VALUES (heavy pot,used for cooking,0);
INSERT INTO equipment (name,manual,image_id) VALUES (strainer,used for cooking,0);
INSERT INTO equipment (name,manual,image_id) VALUES (baking dish,used for cooking,0);
INSERT INTO equipment (name,manual,image_id) VALUES (saucepan,used for cooking,0);
INSERT INTO equipment (name,manual,image_id) VALUES (pastry brush,used for cooking,0);
INSERT INTO equipment (name,manual,image_id) VALUES (frying pan,used for cooking,0);
INSERT INTO equipment (name,manual,image_id) VALUES (blender,used for cooking,0);
INSERT INTO equipment (name,manual,image_id) VALUES (refrigerator,used for cooking,0);
INSERT INTO equipment (name,manual,image_id) VALUES (pan,used for cooking,0);
INSERT INTO equipment (name,manual,image_id) VALUES (stove,used for cooking,0);
INSERT INTO equipment (name,manual,image_id) VALUES (serving dish,used for cooking,0);
INSERT INTO equipment (name,manual,image_id) VALUES (sieve,used for cooking,0);
INSERT INTO equipment (name,manual,image_id) VALUES (ice cream maker,used for cooking,0);
INSERT INTO equipment (name,manual,image_id) VALUES (freezer,used for cooking,0);
INSERT INTO equipment (name,manual,image_id) VALUES (bowls,used for cooking,0);
INSERT INTO equipment (name,manual,image_id) VALUES (bamboo sushi mat,used for cooking,0);
INSERT INTO equipment (name,manual,image_id) VALUES (rice cooker,used for cooking,0);
INSERT INTO equipment (name,manual,image_id) VALUES (large pot for boiling,used for cooking,0);
INSERT INTO equipment (name,manual,image_id) VALUES (smoker (optional),used for cooking,0);
INSERT INTO equipment (name,manual,image_id) VALUES (cheesecloth,used for cooking,0);
INSERT INTO equipment (name,manual,image_id) VALUES (grill,used for cooking,0);
INSERT INTO equipment (name,manual,image_id) VALUES (tongs,used for cooking,0);
INSERT INTO equipment (name,manual,image_id) VALUES (large pan,used for cooking,0);
INSERT INTO equipment (name,manual,image_id) VALUES (serving plate,used for cooking,0);
INSERT INTO equipment (name,manual,image_id) VALUES (oven or grill for roasting peppers,used for cooking,0);
INSERT INTO equipment (name,manual,image_id) VALUES (skillet,used for cooking,0);
INSERT INTO equipment (name,manual,image_id) VALUES (round baking dish,used for cooking,0);
INSERT INTO equipment (name,manual,image_id) VALUES (pan for caramelizing sugar,used for cooking,0);
INSERT INTO equipment (name,manual,image_id) VALUES (larger baking pan,used for cooking,0);
INSERT INTO equipment (name,manual,image_id) VALUES (vertical spit or skillet,used for cooking,0);
INSERT INTO equipment (name,manual,image_id) VALUES (loaf pan,used for cooking,0);
INSERT INTO equipment (name,manual,image_id) VALUES (wire rack,used for cooking,0);
INSERT INTO equipment (name,manual,image_id) VALUES (oven grill or broiler,used for cooking,0);
INSERT INTO equipment (name,manual,image_id) VALUES (toaster,used for cooking,0);
INSERT INTO equipment (name,manual,image_id) VALUES (baking pan,used for cooking,0);
INSERT INTO equipment (name,manual,image_id) VALUES (cake pan,used for cooking,0);
INSERT INTO equipment (name,manual,image_id) VALUES (pie dish,used for cooking,0);
INSERT INTO equipment (name,manual,image_id) VALUES (deep fryer,used for cooking,0);
INSERT INTO equipment (name,manual,image_id) VALUES (paper towels,used for cooking,0);
INSERT INTO equipment (name,manual,image_id) VALUES (aluminum foil,used for cooking,0);
INSERT INTO equipment (name,manual,image_id) VALUES (basting brush,used for cooking,0);
INSERT INTO equipment (name,manual,image_id) VALUES (griddle or skillet,used for cooking,0);
INSERT INTO equipment (name,manual,image_id) VALUES (brush,used for cooking,0);
INSERT INTO equipment (name,manual,image_id) VALUES (garlic press,used for cooking,0);
INSERT INTO equipment (name,manual,image_id) VALUES (tray,used for cooking,0);
INSERT INTO equipment (name,manual,image_id) VALUES (cookie cutter,used for cooking,0);
INSERT INTO equipment (name,manual,image_id) VALUES (piping bag,used for cooking,0);
INSERT INTO recipe_has_equipment (recipe_name,recipe_cuisine_name,equipment) VALUES (Ghapama,Armenian,oven);
INSERT INTO recipe_has_equipment (recipe_name,recipe_cuisine_name,equipment) VALUES (Ghapama,Armenian,large mixing bowl);
INSERT INTO recipe_has_equipment (recipe_name,recipe_cuisine_name,equipment) VALUES (Ghapama,Armenian,sharp knife);
INSERT INTO recipe_has_equipment (recipe_name,recipe_cuisine_name,equipment) VALUES (Ghapama,Armenian,baking tray);
INSERT INTO recipe_has_equipment (recipe_name,recipe_cuisine_name,equipment) VALUES (Harissa,Armenian,large pot);
INSERT INTO recipe_has_equipment (recipe_name,recipe_cuisine_name,equipment) VALUES (Harissa,Armenian,wooden spoon);
INSERT INTO recipe_has_equipment (recipe_name,recipe_cuisine_name,equipment) VALUES (Lahmajoun,Armenian,oven);
INSERT INTO recipe_has_equipment (recipe_name,recipe_cuisine_name,equipment) VALUES (Lahmajoun,Armenian,mixing bowl);
INSERT INTO recipe_has_equipment (recipe_name,recipe_cuisine_name,equipment) VALUES (Lahmajoun,Armenian,rolling pin);
INSERT INTO recipe_has_equipment (recipe_name,recipe_cuisine_name,equipment) VALUES (Lahmajoun,Armenian,baking sheet);
INSERT INTO recipe_has_equipment (recipe_name,recipe_cuisine_name,equipment) VALUES (Beef and Broccoli,Chinese,wok);
INSERT INTO recipe_has_equipment (recipe_name,recipe_cuisine_name,equipment) VALUES (Beef and Broccoli,Chinese,knife);
INSERT INTO recipe_has_equipment (recipe_name,recipe_cuisine_name,equipment) VALUES (Beef and Broccoli,Chinese,cutting board);
INSERT INTO recipe_has_equipment (recipe_name,recipe_cuisine_name,equipment) VALUES (Beef and Broccoli,Chinese,large pot);
INSERT INTO recipe_has_equipment (recipe_name,recipe_cuisine_name,equipment) VALUES (Egg Drop Soup,Chinese,pot);
INSERT INTO recipe_has_equipment (recipe_name,recipe_cuisine_name,equipment) VALUES (Egg Drop Soup,Chinese,whisk);
INSERT INTO recipe_has_equipment (recipe_name,recipe_cuisine_name,equipment) VALUES (Egg Drop Soup,Chinese,bowl);
INSERT INTO recipe_has_equipment (recipe_name,recipe_cuisine_name,equipment) VALUES (Kung Pao Chicken,Chinese,wok);
INSERT INTO recipe_has_equipment (recipe_name,recipe_cuisine_name,equipment) VALUES (Kung Pao Chicken,Chinese,mixing bowl);
INSERT INTO recipe_has_equipment (recipe_name,recipe_cuisine_name,equipment) VALUES (Kung Pao Chicken,Chinese,spatula);
INSERT INTO recipe_has_equipment (recipe_name,recipe_cuisine_name,equipment) VALUES (Doro Wat,Ethiopian,large pot);
INSERT INTO recipe_has_equipment (recipe_name,recipe_cuisine_name,equipment) VALUES (Doro Wat,Ethiopian,wooden spoon);
INSERT INTO recipe_has_equipment (recipe_name,recipe_cuisine_name,equipment) VALUES (Doro Wat,Ethiopian,knife);
INSERT INTO recipe_has_equipment (recipe_name,recipe_cuisine_name,equipment) VALUES (Doro Wat,Ethiopian,cutting board);
INSERT INTO recipe_has_equipment (recipe_name,recipe_cuisine_name,equipment) VALUES (Injera,Ethiopian,large bowl);
INSERT INTO recipe_has_equipment (recipe_name,recipe_cuisine_name,equipment) VALUES (Injera,Ethiopian,non-stick pan or griddle);
INSERT INTO recipe_has_equipment (recipe_name,recipe_cuisine_name,equipment) VALUES (Injera,Ethiopian,ladle);
INSERT INTO recipe_has_equipment (recipe_name,recipe_cuisine_name,equipment) VALUES (Injera,Ethiopian,clean cloth);
INSERT INTO recipe_has_equipment (recipe_name,recipe_cuisine_name,equipment) VALUES (Kitfo,Ethiopian,knife);
INSERT INTO recipe_has_equipment (recipe_name,recipe_cuisine_name,equipment) VALUES (Kitfo,Ethiopian,cutting board);
INSERT INTO recipe_has_equipment (recipe_name,recipe_cuisine_name,equipment) VALUES (Kitfo,Ethiopian,mixing bowl);
INSERT INTO recipe_has_equipment (recipe_name,recipe_cuisine_name,equipment) VALUES (Kitfo,Ethiopian,small pan);
INSERT INTO recipe_has_equipment (recipe_name,recipe_cuisine_name,equipment) VALUES (Coq au Vin,French,dutch oven);
INSERT INTO recipe_has_equipment (recipe_name,recipe_cuisine_name,equipment) VALUES (Coq au Vin,French,knife);
INSERT INTO recipe_has_equipment (recipe_name,recipe_cuisine_name,equipment) VALUES (Coq au Vin,French,cutting board);
INSERT INTO recipe_has_equipment (recipe_name,recipe_cuisine_name,equipment) VALUES (Coq au Vin,French,wooden spoon);
INSERT INTO recipe_has_equipment (recipe_name,recipe_cuisine_name,equipment) VALUES (Crème Brûlée,French,oven);
INSERT INTO recipe_has_equipment (recipe_name,recipe_cuisine_name,equipment) VALUES (Crème Brûlée,French,mixing bowls);
INSERT INTO recipe_has_equipment (recipe_name,recipe_cuisine_name,equipment) VALUES (Crème Brûlée,French,whisk);
INSERT INTO recipe_has_equipment (recipe_name,recipe_cuisine_name,equipment) VALUES (Crème Brûlée,French,ramekins);
INSERT INTO recipe_has_equipment (recipe_name,recipe_cuisine_name,equipment) VALUES (Crème Brûlée,French,torch);
INSERT INTO recipe_has_equipment (recipe_name,recipe_cuisine_name,equipment) VALUES (French Onion Soup,French,large pot);
INSERT INTO recipe_has_equipment (recipe_name,recipe_cuisine_name,equipment) VALUES (French Onion Soup,French,knife);
INSERT INTO recipe_has_equipment (recipe_name,recipe_cuisine_name,equipment) VALUES (French Onion Soup,French,cutting board);
INSERT INTO recipe_has_equipment (recipe_name,recipe_cuisine_name,equipment) VALUES (French Onion Soup,French,broiler);
INSERT INTO recipe_has_equipment (recipe_name,recipe_cuisine_name,equipment) VALUES (Black Forest Cake,German,oven);
INSERT INTO recipe_has_equipment (recipe_name,recipe_cuisine_name,equipment) VALUES (Black Forest Cake,German,mixing bowls);
INSERT INTO recipe_has_equipment (recipe_name,recipe_cuisine_name,equipment) VALUES (Black Forest Cake,German,cake pans);
INSERT INTO recipe_has_equipment (recipe_name,recipe_cuisine_name,equipment) VALUES (Black Forest Cake,German,whisk);
INSERT INTO recipe_has_equipment (recipe_name,recipe_cuisine_name,equipment) VALUES (Black Forest Cake,German,knife);
INSERT INTO recipe_has_equipment (recipe_name,recipe_cuisine_name,equipment) VALUES (Pretzels,German,oven);
INSERT INTO recipe_has_equipment (recipe_name,recipe_cuisine_name,equipment) VALUES (Pretzels,German,mixing bowl);
INSERT INTO recipe_has_equipment (recipe_name,recipe_cuisine_name,equipment) VALUES (Pretzels,German,baking sheet);
INSERT INTO recipe_has_equipment (recipe_name,recipe_cuisine_name,equipment) VALUES (Pretzels,German,large pot);
INSERT INTO recipe_has_equipment (recipe_name,recipe_cuisine_name,equipment) VALUES (Sauerbraten,German,heavy pot);
INSERT INTO recipe_has_equipment (recipe_name,recipe_cuisine_name,equipment) VALUES (Sauerbraten,German,strainer);
INSERT INTO recipe_has_equipment (recipe_name,recipe_cuisine_name,equipment) VALUES (Sauerbraten,German,bowl);
INSERT INTO recipe_has_equipment (recipe_name,recipe_cuisine_name,equipment) VALUES (Baklava,Greek,oven);
INSERT INTO recipe_has_equipment (recipe_name,recipe_cuisine_name,equipment) VALUES (Baklava,Greek,baking dish);
INSERT INTO recipe_has_equipment (recipe_name,recipe_cuisine_name,equipment) VALUES (Baklava,Greek,saucepan);
INSERT INTO recipe_has_equipment (recipe_name,recipe_cuisine_name,equipment) VALUES (Baklava,Greek,knife);
INSERT INTO recipe_has_equipment (recipe_name,recipe_cuisine_name,equipment) VALUES (Baklava,Greek,pastry brush);
INSERT INTO recipe_has_equipment (recipe_name,recipe_cuisine_name,equipment) VALUES (Greek Salad (Horiatiki),Greek,knife);
INSERT INTO recipe_has_equipment (recipe_name,recipe_cuisine_name,equipment) VALUES (Greek Salad (Horiatiki),Greek,cutting board);
INSERT INTO recipe_has_equipment (recipe_name,recipe_cuisine_name,equipment) VALUES (Greek Salad (Horiatiki),Greek,large bowl);
INSERT INTO recipe_has_equipment (recipe_name,recipe_cuisine_name,equipment) VALUES (Moussaka,Greek,oven);
INSERT INTO recipe_has_equipment (recipe_name,recipe_cuisine_name,equipment) VALUES (Moussaka,Greek,frying pan);
INSERT INTO recipe_has_equipment (recipe_name,recipe_cuisine_name,equipment) VALUES (Moussaka,Greek,baking dish);
INSERT INTO recipe_has_equipment (recipe_name,recipe_cuisine_name,equipment) VALUES (Moussaka,Greek,saucepan);
INSERT INTO recipe_has_equipment (recipe_name,recipe_cuisine_name,equipment) VALUES (Chicken Biryani,Indian,pot);
INSERT INTO recipe_has_equipment (recipe_name,recipe_cuisine_name,equipment) VALUES (Chicken Biryani,Indian,frying pan);
INSERT INTO recipe_has_equipment (recipe_name,recipe_cuisine_name,equipment) VALUES (Chicken Biryani,Indian,bowl);
INSERT INTO recipe_has_equipment (recipe_name,recipe_cuisine_name,equipment) VALUES (Mango Lassi,Indian,blender);
INSERT INTO recipe_has_equipment (recipe_name,recipe_cuisine_name,equipment) VALUES (Mango Lassi,Indian,knife);
INSERT INTO recipe_has_equipment (recipe_name,recipe_cuisine_name,equipment) VALUES (Mango Lassi,Indian,cutting board);
INSERT INTO recipe_has_equipment (recipe_name,recipe_cuisine_name,equipment) VALUES (Mango Lassi,Indian,refrigerator);
INSERT INTO recipe_has_equipment (recipe_name,recipe_cuisine_name,equipment) VALUES (Palak Paneer,Indian,pan);
INSERT INTO recipe_has_equipment (recipe_name,recipe_cuisine_name,equipment) VALUES (Palak Paneer,Indian,blender);
INSERT INTO recipe_has_equipment (recipe_name,recipe_cuisine_name,equipment) VALUES (Palak Paneer,Indian,spatula);
INSERT INTO recipe_has_equipment (recipe_name,recipe_cuisine_name,equipment) VALUES (Osso Buco,Italian,heavy pot);
INSERT INTO recipe_has_equipment (recipe_name,recipe_cuisine_name,equipment) VALUES (Osso Buco,Italian,stove);
INSERT INTO recipe_has_equipment (recipe_name,recipe_cuisine_name,equipment) VALUES (Spaghetti Carbonara,Italian,large pot);
INSERT INTO recipe_has_equipment (recipe_name,recipe_cuisine_name,equipment) VALUES (Spaghetti Carbonara,Italian,frying pan);
INSERT INTO recipe_has_equipment (recipe_name,recipe_cuisine_name,equipment) VALUES (Spaghetti Carbonara,Italian,mixing bowl);
INSERT INTO recipe_has_equipment (recipe_name,recipe_cuisine_name,equipment) VALUES (Tiramisu,Italian,mixing bowl);
INSERT INTO recipe_has_equipment (recipe_name,recipe_cuisine_name,equipment) VALUES (Tiramisu,Italian,whisk);
INSERT INTO recipe_has_equipment (recipe_name,recipe_cuisine_name,equipment) VALUES (Tiramisu,Italian,serving dish);
INSERT INTO recipe_has_equipment (recipe_name,recipe_cuisine_name,equipment) VALUES (Tiramisu,Italian,sieve);
INSERT INTO recipe_has_equipment (recipe_name,recipe_cuisine_name,equipment) VALUES (Matcha Ice Cream,Japanese,whisk);
INSERT INTO recipe_has_equipment (recipe_name,recipe_cuisine_name,equipment) VALUES (Matcha Ice Cream,Japanese,bowl);
INSERT INTO recipe_has_equipment (recipe_name,recipe_cuisine_name,equipment) VALUES (Matcha Ice Cream,Japanese,ice cream maker);
INSERT INTO recipe_has_equipment (recipe_name,recipe_cuisine_name,equipment) VALUES (Matcha Ice Cream,Japanese,freezer);
INSERT INTO recipe_has_equipment (recipe_name,recipe_cuisine_name,equipment) VALUES (Ramen,Japanese,large pot);
INSERT INTO recipe_has_equipment (recipe_name,recipe_cuisine_name,equipment) VALUES (Ramen,Japanese,strainer);
INSERT INTO recipe_has_equipment (recipe_name,recipe_cuisine_name,equipment) VALUES (Ramen,Japanese,bowls);
INSERT INTO recipe_has_equipment (recipe_name,recipe_cuisine_name,equipment) VALUES (Sushi Rolls (Maki Sushi),Japanese,bamboo sushi mat);
INSERT INTO recipe_has_equipment (recipe_name,recipe_cuisine_name,equipment) VALUES (Sushi Rolls (Maki Sushi),Japanese,sharp knife);
INSERT INTO recipe_has_equipment (recipe_name,recipe_cuisine_name,equipment) VALUES (Sushi Rolls (Maki Sushi),Japanese,cutting board);
INSERT INTO recipe_has_equipment (recipe_name,recipe_cuisine_name,equipment) VALUES (Sushi Rolls (Maki Sushi),Japanese,rice cooker);
INSERT INTO recipe_has_equipment (recipe_name,recipe_cuisine_name,equipment) VALUES (Beshbarmak,Kazakh,large pot);
INSERT INTO recipe_has_equipment (recipe_name,recipe_cuisine_name,equipment) VALUES (Beshbarmak,Kazakh,rolling pin);
INSERT INTO recipe_has_equipment (recipe_name,recipe_cuisine_name,equipment) VALUES (Beshbarmak,Kazakh,knife);
INSERT INTO recipe_has_equipment (recipe_name,recipe_cuisine_name,equipment) VALUES (Beshbarmak,Kazakh,cutting board);
INSERT INTO recipe_has_equipment (recipe_name,recipe_cuisine_name,equipment) VALUES (Kazy,Kazakh,large pot for boiling);
INSERT INTO recipe_has_equipment (recipe_name,recipe_cuisine_name,equipment) VALUES (Kazy,Kazakh,smoker (optional));
INSERT INTO recipe_has_equipment (recipe_name,recipe_cuisine_name,equipment) VALUES (Kazy,Kazakh,knife);
INSERT INTO recipe_has_equipment (recipe_name,recipe_cuisine_name,equipment) VALUES (Kazy,Kazakh,cutting board);
INSERT INTO recipe_has_equipment (recipe_name,recipe_cuisine_name,equipment) VALUES (Kurt,Kazakh,cheesecloth);
INSERT INTO recipe_has_equipment (recipe_name,recipe_cuisine_name,equipment) VALUES (Kurt,Kazakh,strainer);
INSERT INTO recipe_has_equipment (recipe_name,recipe_cuisine_name,equipment) VALUES (Kurt,Kazakh,bowl);
INSERT INTO recipe_has_equipment (recipe_name,recipe_cuisine_name,equipment) VALUES (Nyama Choma,Kenyan,grill);
INSERT INTO recipe_has_equipment (recipe_name,recipe_cuisine_name,equipment) VALUES (Nyama Choma,Kenyan,tongs);
INSERT INTO recipe_has_equipment (recipe_name,recipe_cuisine_name,equipment) VALUES (Nyama Choma,Kenyan,bowl);
INSERT INTO recipe_has_equipment (recipe_name,recipe_cuisine_name,equipment) VALUES (Nyama Choma,Kenyan,knife);
INSERT INTO recipe_has_equipment (recipe_name,recipe_cuisine_name,equipment) VALUES (Nyama Choma,Kenyan,cutting board);
INSERT INTO recipe_has_equipment (recipe_name,recipe_cuisine_name,equipment) VALUES (Sukuma Wiki,Kenyan,knife);
INSERT INTO recipe_has_equipment (recipe_name,recipe_cuisine_name,equipment) VALUES (Sukuma Wiki,Kenyan,cutting board);
INSERT INTO recipe_has_equipment (recipe_name,recipe_cuisine_name,equipment) VALUES (Sukuma Wiki,Kenyan,large pan);
INSERT INTO recipe_has_equipment (recipe_name,recipe_cuisine_name,equipment) VALUES (Sukuma Wiki,Kenyan,wooden spoon);
INSERT INTO recipe_has_equipment (recipe_name,recipe_cuisine_name,equipment) VALUES (Ugali,Kenyan,large pot);
INSERT INTO recipe_has_equipment (recipe_name,recipe_cuisine_name,equipment) VALUES (Ugali,Kenyan,wooden spoon);
INSERT INTO recipe_has_equipment (recipe_name,recipe_cuisine_name,equipment) VALUES (Ugali,Kenyan,serving plate);
INSERT INTO recipe_has_equipment (recipe_name,recipe_cuisine_name,equipment) VALUES (Bibimbap,Korean,rice cooker);
INSERT INTO recipe_has_equipment (recipe_name,recipe_cuisine_name,equipment) VALUES (Bibimbap,Korean,frying pan);
INSERT INTO recipe_has_equipment (recipe_name,recipe_cuisine_name,equipment) VALUES (Bibimbap,Korean,knife);
INSERT INTO recipe_has_equipment (recipe_name,recipe_cuisine_name,equipment) VALUES (Bibimbap,Korean,cutting board);
INSERT INTO recipe_has_equipment (recipe_name,recipe_cuisine_name,equipment) VALUES (Hoddeok,Korean,mixing bowl);
INSERT INTO recipe_has_equipment (recipe_name,recipe_cuisine_name,equipment) VALUES (Hoddeok,Korean,frying pan);
INSERT INTO recipe_has_equipment (recipe_name,recipe_cuisine_name,equipment) VALUES (Hoddeok,Korean,spatula);
INSERT INTO recipe_has_equipment (recipe_name,recipe_cuisine_name,equipment) VALUES (Kimchi Jjigae,Korean,pot);
INSERT INTO recipe_has_equipment (recipe_name,recipe_cuisine_name,equipment) VALUES (Kimchi Jjigae,Korean,knife);
INSERT INTO recipe_has_equipment (recipe_name,recipe_cuisine_name,equipment) VALUES (Kimchi Jjigae,Korean,cutting board);
INSERT INTO recipe_has_equipment (recipe_name,recipe_cuisine_name,equipment) VALUES (Chiles en Nogada,Mexican,oven or grill for roasting peppers);
INSERT INTO recipe_has_equipment (recipe_name,recipe_cuisine_name,equipment) VALUES (Chiles en Nogada,Mexican,blender);
INSERT INTO recipe_has_equipment (recipe_name,recipe_cuisine_name,equipment) VALUES (Chiles en Nogada,Mexican,skillet);
INSERT INTO recipe_has_equipment (recipe_name,recipe_cuisine_name,equipment) VALUES (Chiles en Nogada,Mexican,knife);
INSERT INTO recipe_has_equipment (recipe_name,recipe_cuisine_name,equipment) VALUES (Chiles en Nogada,Mexican,cutting board);
INSERT INTO recipe_has_equipment (recipe_name,recipe_cuisine_name,equipment) VALUES (Flan,Mexican,oven);
INSERT INTO recipe_has_equipment (recipe_name,recipe_cuisine_name,equipment) VALUES (Flan,Mexican,round baking dish);
INSERT INTO recipe_has_equipment (recipe_name,recipe_cuisine_name,equipment) VALUES (Flan,Mexican,blender);
INSERT INTO recipe_has_equipment (recipe_name,recipe_cuisine_name,equipment) VALUES (Flan,Mexican,pan for caramelizing sugar);
INSERT INTO recipe_has_equipment (recipe_name,recipe_cuisine_name,equipment) VALUES (Flan,Mexican,larger baking pan);
INSERT INTO recipe_has_equipment (recipe_name,recipe_cuisine_name,equipment) VALUES (Tacos al Pastor,Mexican,vertical spit or skillet);
INSERT INTO recipe_has_equipment (recipe_name,recipe_cuisine_name,equipment) VALUES (Tacos al Pastor,Mexican,blender);
INSERT INTO recipe_has_equipment (recipe_name,recipe_cuisine_name,equipment) VALUES (Tacos al Pastor,Mexican,knife);
INSERT INTO recipe_has_equipment (recipe_name,recipe_cuisine_name,equipment) VALUES (Tacos al Pastor,Mexican,cutting board);
INSERT INTO recipe_has_equipment (recipe_name,recipe_cuisine_name,equipment) VALUES (Baklava,Turkish,oven);
INSERT INTO recipe_has_equipment (recipe_name,recipe_cuisine_name,equipment) VALUES (Baklava,Turkish,baking dish);
INSERT INTO recipe_has_equipment (recipe_name,recipe_cuisine_name,equipment) VALUES (Baklava,Turkish,saucepan);
INSERT INTO recipe_has_equipment (recipe_name,recipe_cuisine_name,equipment) VALUES (Baklava,Turkish,knife);
INSERT INTO recipe_has_equipment (recipe_name,recipe_cuisine_name,equipment) VALUES (Baklava,Turkish,pastry brush);
INSERT INTO recipe_has_equipment (recipe_name,recipe_cuisine_name,equipment) VALUES (İskender Kebab,Turkish,grill);
INSERT INTO recipe_has_equipment (recipe_name,recipe_cuisine_name,equipment) VALUES (İskender Kebab,Turkish,saucepan);
INSERT INTO recipe_has_equipment (recipe_name,recipe_cuisine_name,equipment) VALUES (İskender Kebab,Turkish,knife);
INSERT INTO recipe_has_equipment (recipe_name,recipe_cuisine_name,equipment) VALUES (İskender Kebab,Turkish,cutting board);
INSERT INTO recipe_has_equipment (recipe_name,recipe_cuisine_name,equipment) VALUES (Lahmacun,Turkish,oven);
INSERT INTO recipe_has_equipment (recipe_name,recipe_cuisine_name,equipment) VALUES (Lahmacun,Turkish,mixing bowl);
INSERT INTO recipe_has_equipment (recipe_name,recipe_cuisine_name,equipment) VALUES (Lahmacun,Turkish,rolling pin);
INSERT INTO recipe_has_equipment (recipe_name,recipe_cuisine_name,equipment) VALUES (Lahmacun,Turkish,baking tray);
INSERT INTO recipe_has_equipment (recipe_name,recipe_cuisine_name,equipment) VALUES (Gutap,Turkmen,mixing bowl);
INSERT INTO recipe_has_equipment (recipe_name,recipe_cuisine_name,equipment) VALUES (Gutap,Turkmen,frying pan);
INSERT INTO recipe_has_equipment (recipe_name,recipe_cuisine_name,equipment) VALUES (Gutap,Turkmen,rolling pin);
INSERT INTO recipe_has_equipment (recipe_name,recipe_cuisine_name,equipment) VALUES (Palaw,Turkmen,large pot);
INSERT INTO recipe_has_equipment (recipe_name,recipe_cuisine_name,equipment) VALUES (Palaw,Turkmen,wooden spoon);
INSERT INTO recipe_has_equipment (recipe_name,recipe_cuisine_name,equipment) VALUES (Shurpa,Turkmen,large pot);
INSERT INTO recipe_has_equipment (recipe_name,recipe_cuisine_name,equipment) VALUES (Shurpa,Turkmen,knife);
INSERT INTO recipe_has_equipment (recipe_name,recipe_cuisine_name,equipment) VALUES (Shurpa,Turkmen,cutting board);
INSERT INTO recipe_has_equipment (recipe_name,recipe_cuisine_name,equipment) VALUES (Bara Brith,Welsh,mixing bowl);
INSERT INTO recipe_has_equipment (recipe_name,recipe_cuisine_name,equipment) VALUES (Bara Brith,Welsh,loaf pan);
INSERT INTO recipe_has_equipment (recipe_name,recipe_cuisine_name,equipment) VALUES (Bara Brith,Welsh,oven);
INSERT INTO recipe_has_equipment (recipe_name,recipe_cuisine_name,equipment) VALUES (Bara Brith,Welsh,wire rack);
INSERT INTO recipe_has_equipment (recipe_name,recipe_cuisine_name,equipment) VALUES (Cawl,Welsh,large pot);
INSERT INTO recipe_has_equipment (recipe_name,recipe_cuisine_name,equipment) VALUES (Cawl,Welsh,knife);
INSERT INTO recipe_has_equipment (recipe_name,recipe_cuisine_name,equipment) VALUES (Cawl,Welsh,cutting board);
INSERT INTO recipe_has_equipment (recipe_name,recipe_cuisine_name,equipment) VALUES (Welsh Rarebit,Welsh,saucepan);
INSERT INTO recipe_has_equipment (recipe_name,recipe_cuisine_name,equipment) VALUES (Welsh Rarebit,Welsh,whisk);
INSERT INTO recipe_has_equipment (recipe_name,recipe_cuisine_name,equipment) VALUES (Welsh Rarebit,Welsh,oven grill or broiler);
INSERT INTO recipe_has_equipment (recipe_name,recipe_cuisine_name,equipment) VALUES (Welsh Rarebit,Welsh,toaster);
INSERT INTO recipe_has_equipment (recipe_name,recipe_cuisine_name,equipment) VALUES (Tavë Kosi,Albanian,skillet);
INSERT INTO recipe_has_equipment (recipe_name,recipe_cuisine_name,equipment) VALUES (Tavë Kosi,Albanian,baking dish);
INSERT INTO recipe_has_equipment (recipe_name,recipe_cuisine_name,equipment) VALUES (Tavë Kosi,Albanian,whisk);
INSERT INTO recipe_has_equipment (recipe_name,recipe_cuisine_name,equipment) VALUES (Tavë Kosi,Albanian,oven);
INSERT INTO recipe_has_equipment (recipe_name,recipe_cuisine_name,equipment) VALUES (Bakllasarem,Albanian,baking dish);
INSERT INTO recipe_has_equipment (recipe_name,recipe_cuisine_name,equipment) VALUES (Bakllasarem,Albanian,oven);
INSERT INTO recipe_has_equipment (recipe_name,recipe_cuisine_name,equipment) VALUES (Bakllasarem,Albanian,saucepan);
INSERT INTO recipe_has_equipment (recipe_name,recipe_cuisine_name,equipment) VALUES (Fërgesë,Albanian,skillet);
INSERT INTO recipe_has_equipment (recipe_name,recipe_cuisine_name,equipment) VALUES (Fërgesë,Albanian,stove);
INSERT INTO recipe_has_equipment (recipe_name,recipe_cuisine_name,equipment) VALUES (Speca të mbushur,Albanian,oven);
INSERT INTO recipe_has_equipment (recipe_name,recipe_cuisine_name,equipment) VALUES (Speca të mbushur,Albanian,baking dish);
INSERT INTO recipe_has_equipment (recipe_name,recipe_cuisine_name,equipment) VALUES (Speca të mbushur,Albanian,pot);
INSERT INTO recipe_has_equipment (recipe_name,recipe_cuisine_name,equipment) VALUES (Byrek me Spinaq,Albanian,oven);
INSERT INTO recipe_has_equipment (recipe_name,recipe_cuisine_name,equipment) VALUES (Byrek me Spinaq,Albanian,baking pan);
INSERT INTO recipe_has_equipment (recipe_name,recipe_cuisine_name,equipment) VALUES (Byrek me Spinaq,Albanian,skillet);
INSERT INTO recipe_has_equipment (recipe_name,recipe_cuisine_name,equipment) VALUES (Jani me fasule,Albanian,pot);
INSERT INTO recipe_has_equipment (recipe_name,recipe_cuisine_name,equipment) VALUES (Jani me fasule,Albanian,stove);
INSERT INTO recipe_has_equipment (recipe_name,recipe_cuisine_name,equipment) VALUES (Shëndetli,Albanian,oven);
INSERT INTO recipe_has_equipment (recipe_name,recipe_cuisine_name,equipment) VALUES (Shëndetli,Albanian,cake pan);
INSERT INTO recipe_has_equipment (recipe_name,recipe_cuisine_name,equipment) VALUES (Shëndetli,Albanian,saucepan);
INSERT INTO recipe_has_equipment (recipe_name,recipe_cuisine_name,equipment) VALUES (Qifqi,Albanian,skillet);
INSERT INTO recipe_has_equipment (recipe_name,recipe_cuisine_name,equipment) VALUES (Qifqi,Albanian,pot);
INSERT INTO recipe_has_equipment (recipe_name,recipe_cuisine_name,equipment) VALUES (Qifqi,Albanian,bowl);
INSERT INTO recipe_has_equipment (recipe_name,recipe_cuisine_name,equipment) VALUES (Përime në zgare,Albanian,grill);
INSERT INTO recipe_has_equipment (recipe_name,recipe_cuisine_name,equipment) VALUES (Përime në zgare,Albanian,knife);
INSERT INTO recipe_has_equipment (recipe_name,recipe_cuisine_name,equipment) VALUES (Përime në zgare,Albanian,bowl);
INSERT INTO recipe_has_equipment (recipe_name,recipe_cuisine_name,equipment) VALUES (Mish me midhje,Albanian,skillet);
INSERT INTO recipe_has_equipment (recipe_name,recipe_cuisine_name,equipment) VALUES (Mish me midhje,Albanian,pot);
INSERT INTO recipe_has_equipment (recipe_name,recipe_cuisine_name,equipment) VALUES (Cheeseburger,American,grill);
INSERT INTO recipe_has_equipment (recipe_name,recipe_cuisine_name,equipment) VALUES (Cheeseburger,American,knife);
INSERT INTO recipe_has_equipment (recipe_name,recipe_cuisine_name,equipment) VALUES (Cheeseburger,American,cutting board);
INSERT INTO recipe_has_equipment (recipe_name,recipe_cuisine_name,equipment) VALUES (Apple Pie,American,oven);
INSERT INTO recipe_has_equipment (recipe_name,recipe_cuisine_name,equipment) VALUES (Apple Pie,American,mixing bowl);
INSERT INTO recipe_has_equipment (recipe_name,recipe_cuisine_name,equipment) VALUES (Apple Pie,American,pie dish);
INSERT INTO recipe_has_equipment (recipe_name,recipe_cuisine_name,equipment) VALUES (Apple Pie,American,rolling pin);
INSERT INTO recipe_has_equipment (recipe_name,recipe_cuisine_name,equipment) VALUES (Fried Chicken,American,deep fryer);
INSERT INTO recipe_has_equipment (recipe_name,recipe_cuisine_name,equipment) VALUES (Fried Chicken,American,bowl);
INSERT INTO recipe_has_equipment (recipe_name,recipe_cuisine_name,equipment) VALUES (Fried Chicken,American,tongs);
INSERT INTO recipe_has_equipment (recipe_name,recipe_cuisine_name,equipment) VALUES (Fried Chicken,American,paper towels);
INSERT INTO recipe_has_equipment (recipe_name,recipe_cuisine_name,equipment) VALUES (Macaroni and Cheese,American,pot);
INSERT INTO recipe_has_equipment (recipe_name,recipe_cuisine_name,equipment) VALUES (Macaroni and Cheese,American,oven);
INSERT INTO recipe_has_equipment (recipe_name,recipe_cuisine_name,equipment) VALUES (Macaroni and Cheese,American,saucepan);
INSERT INTO recipe_has_equipment (recipe_name,recipe_cuisine_name,equipment) VALUES (Macaroni and Cheese,American,baking dish);
INSERT INTO recipe_has_equipment (recipe_name,recipe_cuisine_name,equipment) VALUES (Barbecue Ribs,American,oven);
INSERT INTO recipe_has_equipment (recipe_name,recipe_cuisine_name,equipment) VALUES (Barbecue Ribs,American,grill);
INSERT INTO recipe_has_equipment (recipe_name,recipe_cuisine_name,equipment) VALUES (Barbecue Ribs,American,aluminum foil);
INSERT INTO recipe_has_equipment (recipe_name,recipe_cuisine_name,equipment) VALUES (Barbecue Ribs,American,basting brush);
INSERT INTO recipe_has_equipment (recipe_name,recipe_cuisine_name,equipment) VALUES (Pancakes,American,bowl);
INSERT INTO recipe_has_equipment (recipe_name,recipe_cuisine_name,equipment) VALUES (Pancakes,American,whisk);
INSERT INTO recipe_has_equipment (recipe_name,recipe_cuisine_name,equipment) VALUES (Pancakes,American,griddle or skillet);
INSERT INTO recipe_has_equipment (recipe_name,recipe_cuisine_name,equipment) VALUES (Pancakes,American,spatula);
INSERT INTO recipe_has_equipment (recipe_name,recipe_cuisine_name,equipment) VALUES (Chocolate Chip Cookies,American,mixing bowl);
INSERT INTO recipe_has_equipment (recipe_name,recipe_cuisine_name,equipment) VALUES (Chocolate Chip Cookies,American,baking sheet);
INSERT INTO recipe_has_equipment (recipe_name,recipe_cuisine_name,equipment) VALUES (Chocolate Chip Cookies,American,oven);
INSERT INTO recipe_has_equipment (recipe_name,recipe_cuisine_name,equipment) VALUES (Chocolate Chip Cookies,American,wire rack);
INSERT INTO recipe_has_equipment (recipe_name,recipe_cuisine_name,equipment) VALUES (BLT Sandwich,American,pan);
INSERT INTO recipe_has_equipment (recipe_name,recipe_cuisine_name,equipment) VALUES (BLT Sandwich,American,toaster);
INSERT INTO recipe_has_equipment (recipe_name,recipe_cuisine_name,equipment) VALUES (BLT Sandwich,American,knife);
INSERT INTO recipe_has_equipment (recipe_name,recipe_cuisine_name,equipment) VALUES (BLT Sandwich,American,cutting board);
INSERT INTO recipe_has_equipment (recipe_name,recipe_cuisine_name,equipment) VALUES (Clam Chowder,American,pot);
INSERT INTO recipe_has_equipment (recipe_name,recipe_cuisine_name,equipment) VALUES (Clam Chowder,American,knife);
INSERT INTO recipe_has_equipment (recipe_name,recipe_cuisine_name,equipment) VALUES (Clam Chowder,American,cutting board);
INSERT INTO recipe_has_equipment (recipe_name,recipe_cuisine_name,equipment) VALUES (Brownies,American,oven);
INSERT INTO recipe_has_equipment (recipe_name,recipe_cuisine_name,equipment) VALUES (Brownies,American,mixing bowl);
INSERT INTO recipe_has_equipment (recipe_name,recipe_cuisine_name,equipment) VALUES (Brownies,American,baking pan);
INSERT INTO recipe_has_equipment (recipe_name,recipe_cuisine_name,equipment) VALUES (Shopska Salata,Bulgarian,knife);
INSERT INTO recipe_has_equipment (recipe_name,recipe_cuisine_name,equipment) VALUES (Shopska Salata,Bulgarian,cutting board);
INSERT INTO recipe_has_equipment (recipe_name,recipe_cuisine_name,equipment) VALUES (Shopska Salata,Bulgarian,bowl);
INSERT INTO recipe_has_equipment (recipe_name,recipe_cuisine_name,equipment) VALUES (Kavarma,Bulgarian,pot);
INSERT INTO recipe_has_equipment (recipe_name,recipe_cuisine_name,equipment) VALUES (Kavarma,Bulgarian,knife);
INSERT INTO recipe_has_equipment (recipe_name,recipe_cuisine_name,equipment) VALUES (Kavarma,Bulgarian,cutting board);
INSERT INTO recipe_has_equipment (recipe_name,recipe_cuisine_name,equipment) VALUES (Banitsa,Bulgarian,oven);
INSERT INTO recipe_has_equipment (recipe_name,recipe_cuisine_name,equipment) VALUES (Banitsa,Bulgarian,baking dish);
INSERT INTO recipe_has_equipment (recipe_name,recipe_cuisine_name,equipment) VALUES (Banitsa,Bulgarian,brush);
INSERT INTO recipe_has_equipment (recipe_name,recipe_cuisine_name,equipment) VALUES (Mekitsa,Bulgarian,deep fryer);
INSERT INTO recipe_has_equipment (recipe_name,recipe_cuisine_name,equipment) VALUES (Mekitsa,Bulgarian,bowl);
INSERT INTO recipe_has_equipment (recipe_name,recipe_cuisine_name,equipment) VALUES (Mekitsa,Bulgarian,rolling pin);
INSERT INTO recipe_has_equipment (recipe_name,recipe_cuisine_name,equipment) VALUES (Musaka,Bulgarian,oven);
INSERT INTO recipe_has_equipment (recipe_name,recipe_cuisine_name,equipment) VALUES (Musaka,Bulgarian,baking dish);
INSERT INTO recipe_has_equipment (recipe_name,recipe_cuisine_name,equipment) VALUES (Tarator,Bulgarian,bowl);
INSERT INTO recipe_has_equipment (recipe_name,recipe_cuisine_name,equipment) VALUES (Tarator,Bulgarian,knife);
INSERT INTO recipe_has_equipment (recipe_name,recipe_cuisine_name,equipment) VALUES (Tarator,Bulgarian,garlic press);
INSERT INTO recipe_has_equipment (recipe_name,recipe_cuisine_name,equipment) VALUES (Kadaif,Bulgarian,oven);
INSERT INTO recipe_has_equipment (recipe_name,recipe_cuisine_name,equipment) VALUES (Kadaif,Bulgarian,tray);
INSERT INTO recipe_has_equipment (recipe_name,recipe_cuisine_name,equipment) VALUES (Kadaif,Bulgarian,saucepan);
INSERT INTO recipe_has_equipment (recipe_name,recipe_cuisine_name,equipment) VALUES (Bulgarian Cheese Toast,Bulgarian,oven);
INSERT INTO recipe_has_equipment (recipe_name,recipe_cuisine_name,equipment) VALUES (Bulgarian Cheese Toast,Bulgarian,toaster);
INSERT INTO recipe_has_equipment (recipe_name,recipe_cuisine_name,equipment) VALUES (Bulgarian Cheese Toast,Bulgarian,frying pan);
INSERT INTO recipe_has_equipment (recipe_name,recipe_cuisine_name,equipment) VALUES (Garash Cake,Bulgarian,oven);
INSERT INTO recipe_has_equipment (recipe_name,recipe_cuisine_name,equipment) VALUES (Garash Cake,Bulgarian,mixing bowls);
INSERT INTO recipe_has_equipment (recipe_name,recipe_cuisine_name,equipment) VALUES (Garash Cake,Bulgarian,whisk);
INSERT INTO recipe_has_equipment (recipe_name,recipe_cuisine_name,equipment) VALUES (Garash Cake,Bulgarian,cake pan);
INSERT INTO recipe_has_equipment (recipe_name,recipe_cuisine_name,equipment) VALUES (Sarmi,Bulgarian,pot);
INSERT INTO recipe_has_equipment (recipe_name,recipe_cuisine_name,equipment) VALUES (Sarmi,Bulgarian,knife);
INSERT INTO recipe_has_equipment (recipe_name,recipe_cuisine_name,equipment) VALUES (Sarmi,Bulgarian,cutting board);
INSERT INTO recipe_has_equipment (recipe_name,recipe_cuisine_name,equipment) VALUES (Beef Stroganoff,Russian,pan);
INSERT INTO recipe_has_equipment (recipe_name,recipe_cuisine_name,equipment) VALUES (Beef Stroganoff,Russian,knife);
INSERT INTO recipe_has_equipment (recipe_name,recipe_cuisine_name,equipment) VALUES (Beef Stroganoff,Russian,cutting board);
INSERT INTO recipe_has_equipment (recipe_name,recipe_cuisine_name,equipment) VALUES (Medovik,Russian,oven);
INSERT INTO recipe_has_equipment (recipe_name,recipe_cuisine_name,equipment) VALUES (Medovik,Russian,mixing bowl);
INSERT INTO recipe_has_equipment (recipe_name,recipe_cuisine_name,equipment) VALUES (Medovik,Russian,baking sheet);
INSERT INTO recipe_has_equipment (recipe_name,recipe_cuisine_name,equipment) VALUES (Medovik,Russian,whisk);
INSERT INTO recipe_has_equipment (recipe_name,recipe_cuisine_name,equipment) VALUES (Medovik,Russian,rolling pin);
INSERT INTO recipe_has_equipment (recipe_name,recipe_cuisine_name,equipment) VALUES (Borscht,Russian,pot);
INSERT INTO recipe_has_equipment (recipe_name,recipe_cuisine_name,equipment) VALUES (Borscht,Russian,knife);
INSERT INTO recipe_has_equipment (recipe_name,recipe_cuisine_name,equipment) VALUES (Borscht,Russian,cutting board);
INSERT INTO recipe_has_equipment (recipe_name,recipe_cuisine_name,equipment) VALUES (Pelmeni,Russian,pot);
INSERT INTO recipe_has_equipment (recipe_name,recipe_cuisine_name,equipment) VALUES (Pelmeni,Russian,rolling pin);
INSERT INTO recipe_has_equipment (recipe_name,recipe_cuisine_name,equipment) VALUES (Pelmeni,Russian,bowl);
INSERT INTO recipe_has_equipment (recipe_name,recipe_cuisine_name,equipment) VALUES (Pelmeni,Russian,knife);
INSERT INTO recipe_has_equipment (recipe_name,recipe_cuisine_name,equipment) VALUES (Syrniki,Russian,pan);
INSERT INTO recipe_has_equipment (recipe_name,recipe_cuisine_name,equipment) VALUES (Syrniki,Russian,mixing bowl);
INSERT INTO recipe_has_equipment (recipe_name,recipe_cuisine_name,equipment) VALUES (Syrniki,Russian,spatula);
INSERT INTO recipe_has_equipment (recipe_name,recipe_cuisine_name,equipment) VALUES (Kasha,Russian,pot);
INSERT INTO recipe_has_equipment (recipe_name,recipe_cuisine_name,equipment) VALUES (Kasha,Russian,strainer);
INSERT INTO recipe_has_equipment (recipe_name,recipe_cuisine_name,equipment) VALUES (Pryaniki,Russian,oven);
INSERT INTO recipe_has_equipment (recipe_name,recipe_cuisine_name,equipment) VALUES (Pryaniki,Russian,mixing bowl);
INSERT INTO recipe_has_equipment (recipe_name,recipe_cuisine_name,equipment) VALUES (Pryaniki,Russian,rolling pin);
INSERT INTO recipe_has_equipment (recipe_name,recipe_cuisine_name,equipment) VALUES (Pryaniki,Russian,cookie cutter);
INSERT INTO recipe_has_equipment (recipe_name,recipe_cuisine_name,equipment) VALUES (Zefir,Russian,blender);
INSERT INTO recipe_has_equipment (recipe_name,recipe_cuisine_name,equipment) VALUES (Zefir,Russian,mixing bowl);
INSERT INTO recipe_has_equipment (recipe_name,recipe_cuisine_name,equipment) VALUES (Zefir,Russian,piping bag);
INSERT INTO recipe_has_equipment (recipe_name,recipe_cuisine_name,equipment) VALUES (Olivier Salad,Russian,pot);
INSERT INTO recipe_has_equipment (recipe_name,recipe_cuisine_name,equipment) VALUES (Olivier Salad,Russian,knife);
INSERT INTO recipe_has_equipment (recipe_name,recipe_cuisine_name,equipment) VALUES (Olivier Salad,Russian,bowl);
INSERT INTO recipe_has_equipment (recipe_name,recipe_cuisine_name,equipment) VALUES (Shchi,Russian,pot);
INSERT INTO recipe_has_equipment (recipe_name,recipe_cuisine_name,equipment) VALUES (Shchi,Russian,knife);
INSERT INTO recipe_has_equipment (recipe_name,recipe_cuisine_name,equipment) VALUES (Shchi,Russian,cutting board);
INSERT INTO recipe_has_ingredient (recipe_name,recipe_cuisine_name,ingredient_name,quantity) VALUES (Ghapama,Armenian,pumpkin,62);
INSERT INTO recipe_has_ingredient (recipe_name,recipe_cuisine_name,ingredient_name,quantity) VALUES (Ghapama,Armenian,cooked rice,158);
INSERT INTO recipe_has_ingredient (recipe_name,recipe_cuisine_name,ingredient_name,quantity) VALUES (Ghapama,Armenian,dried apricots,65);
INSERT INTO recipe_has_ingredient (recipe_name,recipe_cuisine_name,ingredient_name,quantity) VALUES (Ghapama,Armenian,prune,87);
INSERT INTO recipe_has_ingredient (recipe_name,recipe_cuisine_name,ingredient_name,quantity) VALUES (Ghapama,Armenian,raisin,72);
INSERT INTO recipe_has_ingredient (recipe_name,recipe_cuisine_name,ingredient_name,quantity) VALUES (Ghapama,Armenian,almond nut,71);
INSERT INTO recipe_has_ingredient (recipe_name,recipe_cuisine_name,ingredient_name,quantity) VALUES (Ghapama,Armenian,walnuts,58);
INSERT INTO recipe_has_ingredient (recipe_name,recipe_cuisine_name,ingredient_name,quantity) VALUES (Ghapama,Armenian,honey,84);
INSERT INTO recipe_has_ingredient (recipe_name,recipe_cuisine_name,ingredient_name,quantity) VALUES (Harissa,Armenian,chicken,1200);
INSERT INTO recipe_has_ingredient (recipe_name,recipe_cuisine_name,ingredient_name,quantity) VALUES (Harissa,Armenian,wheat,336);
INSERT INTO recipe_has_ingredient (recipe_name,recipe_cuisine_name,ingredient_name,quantity) VALUES (Harissa,Armenian,water,0);
INSERT INTO recipe_has_ingredient (recipe_name,recipe_cuisine_name,ingredient_name,quantity) VALUES (Harissa,Armenian,salt,9);
INSERT INTO recipe_has_ingredient (recipe_name,recipe_cuisine_name,ingredient_name,quantity) VALUES (Harissa,Armenian,butter,10);
INSERT INTO recipe_has_ingredient (recipe_name,recipe_cuisine_name,ingredient_name,quantity) VALUES (Harissa,Armenian,cinnamon,6);
INSERT INTO recipe_has_ingredient (recipe_name,recipe_cuisine_name,ingredient_name,quantity) VALUES (Lahmajoun,Armenian,ground lamb,500);
INSERT INTO recipe_has_ingredient (recipe_name,recipe_cuisine_name,ingredient_name,quantity) VALUES (Lahmajoun,Armenian,unbleached flour,375);
INSERT INTO recipe_has_ingredient (recipe_name,recipe_cuisine_name,ingredient_name,quantity) VALUES (Lahmajoun,Armenian,water,236);
INSERT INTO recipe_has_ingredient (recipe_name,recipe_cuisine_name,ingredient_name,quantity) VALUES (Lahmajoun,Armenian,yeast,4);
INSERT INTO recipe_has_ingredient (recipe_name,recipe_cuisine_name,ingredient_name,quantity) VALUES (Lahmajoun,Armenian,tomato,246);
INSERT INTO recipe_has_ingredient (recipe_name,recipe_cuisine_name,ingredient_name,quantity) VALUES (Lahmajoun,Armenian,red bell pepper,119);
INSERT INTO recipe_has_ingredient (recipe_name,recipe_cuisine_name,ingredient_name,quantity) VALUES (Lahmajoun,Armenian,onions,125);
INSERT INTO recipe_has_ingredient (recipe_name,recipe_cuisine_name,ingredient_name,quantity) VALUES (Lahmajoun,Armenian,parsley,30);
INSERT INTO recipe_has_ingredient (recipe_name,recipe_cuisine_name,ingredient_name,quantity) VALUES (Lahmajoun,Armenian,paprika,2);
INSERT INTO recipe_has_ingredient (recipe_name,recipe_cuisine_name,ingredient_name,quantity) VALUES (Lahmajoun,Armenian,cumin,2);
INSERT INTO recipe_has_ingredient (recipe_name,recipe_cuisine_name,ingredient_name,quantity) VALUES (Lahmajoun,Armenian,salt,9);
INSERT INTO recipe_has_ingredient (recipe_name,recipe_cuisine_name,ingredient_name,quantity) VALUES (Lahmajoun,Armenian,lemon,7);
INSERT INTO recipe_has_ingredient (recipe_name,recipe_cuisine_name,ingredient_name,quantity) VALUES (Beef and Broccoli,Chinese,beef,300);
INSERT INTO recipe_has_ingredient (recipe_name,recipe_cuisine_name,ingredient_name,quantity) VALUES (Beef and Broccoli,Chinese,broccoli florets,400);
INSERT INTO recipe_has_ingredient (recipe_name,recipe_cuisine_name,ingredient_name,quantity) VALUES (Beef and Broccoli,Chinese,garlic,6);
INSERT INTO recipe_has_ingredient (recipe_name,recipe_cuisine_name,ingredient_name,quantity) VALUES (Beef and Broccoli,Chinese,soy sauce,48);
INSERT INTO recipe_has_ingredient (recipe_name,recipe_cuisine_name,ingredient_name,quantity) VALUES (Beef and Broccoli,Chinese,cornstarch,7);
INSERT INTO recipe_has_ingredient (recipe_name,recipe_cuisine_name,ingredient_name,quantity) VALUES (Beef and Broccoli,Chinese,beef broth,120);
INSERT INTO recipe_has_ingredient (recipe_name,recipe_cuisine_name,ingredient_name,quantity) VALUES (Beef and Broccoli,Chinese,oyster sauce,36);
INSERT INTO recipe_has_ingredient (recipe_name,recipe_cuisine_name,ingredient_name,quantity) VALUES (Beef and Broccoli,Chinese,oil,12);
INSERT INTO recipe_has_ingredient (recipe_name,recipe_cuisine_name,ingredient_name,quantity) VALUES (Egg Drop Soup,Chinese,chicken or vegetable stock,960);
INSERT INTO recipe_has_ingredient (recipe_name,recipe_cuisine_name,ingredient_name,quantity) VALUES (Egg Drop Soup,Chinese,egg,86);
INSERT INTO recipe_has_ingredient (recipe_name,recipe_cuisine_name,ingredient_name,quantity) VALUES (Egg Drop Soup,Chinese,green onions,27);
INSERT INTO recipe_has_ingredient (recipe_name,recipe_cuisine_name,ingredient_name,quantity) VALUES (Egg Drop Soup,Chinese,soy sauce,5);
INSERT INTO recipe_has_ingredient (recipe_name,recipe_cuisine_name,ingredient_name,quantity) VALUES (Egg Drop Soup,Chinese,salt,6);
INSERT INTO recipe_has_ingredient (recipe_name,recipe_cuisine_name,ingredient_name,quantity) VALUES (Egg Drop Soup,Chinese,black pepper,3);
INSERT INTO recipe_has_ingredient (recipe_name,recipe_cuisine_name,ingredient_name,quantity) VALUES (Egg Drop Soup,Chinese,sesame oil,14);
INSERT INTO recipe_has_ingredient (recipe_name,recipe_cuisine_name,ingredient_name,quantity) VALUES (Kung Pao Chicken,Chinese,chicken breast,500);
INSERT INTO recipe_has_ingredient (recipe_name,recipe_cuisine_name,ingredient_name,quantity) VALUES (Kung Pao Chicken,Chinese,peanut,146);
INSERT INTO recipe_has_ingredient (recipe_name,recipe_cuisine_name,ingredient_name,quantity) VALUES (Kung Pao Chicken,Chinese,red bell pepper,238);
INSERT INTO recipe_has_ingredient (recipe_name,recipe_cuisine_name,ingredient_name,quantity) VALUES (Kung Pao Chicken,Chinese,green onions,83);
INSERT INTO recipe_has_ingredient (recipe_name,recipe_cuisine_name,ingredient_name,quantity) VALUES (Kung Pao Chicken,Chinese,dried red chilies,4);
INSERT INTO recipe_has_ingredient (recipe_name,recipe_cuisine_name,ingredient_name,quantity) VALUES (Kung Pao Chicken,Chinese,soy sauce,32);
INSERT INTO recipe_has_ingredient (recipe_name,recipe_cuisine_name,ingredient_name,quantity) VALUES (Kung Pao Chicken,Chinese,cornstarch,7);
INSERT INTO recipe_has_ingredient (recipe_name,recipe_cuisine_name,ingredient_name,quantity) VALUES (Kung Pao Chicken,Chinese,white vinegar,29);
INSERT INTO recipe_has_ingredient (recipe_name,recipe_cuisine_name,ingredient_name,quantity) VALUES (Kung Pao Chicken,Chinese,sugar,12);
INSERT INTO recipe_has_ingredient (recipe_name,recipe_cuisine_name,ingredient_name,quantity) VALUES (Kung Pao Chicken,Chinese,water,118);
INSERT INTO recipe_has_ingredient (recipe_name,recipe_cuisine_name,ingredient_name,quantity) VALUES (Kung Pao Chicken,Chinese,oil,16);
INSERT INTO recipe_has_ingredient (recipe_name,recipe_cuisine_name,ingredient_name,quantity) VALUES (Doro Wat,Ethiopian,chicken,1000);
INSERT INTO recipe_has_ingredient (recipe_name,recipe_cuisine_name,ingredient_name,quantity) VALUES (Doro Wat,Ethiopian,lemon,84);
INSERT INTO recipe_has_ingredient (recipe_name,recipe_cuisine_name,ingredient_name,quantity) VALUES (Doro Wat,Ethiopian,salt,10);
INSERT INTO recipe_has_ingredient (recipe_name,recipe_cuisine_name,ingredient_name,quantity) VALUES (Doro Wat,Ethiopian,onions,320);
INSERT INTO recipe_has_ingredient (recipe_name,recipe_cuisine_name,ingredient_name,quantity) VALUES (Doro Wat,Ethiopian,vegetable oil,56);
INSERT INTO recipe_has_ingredient (recipe_name,recipe_cuisine_name,ingredient_name,quantity) VALUES (Doro Wat,Ethiopian,garlic,5);
INSERT INTO recipe_has_ingredient (recipe_name,recipe_cuisine_name,ingredient_name,quantity) VALUES (Doro Wat,Ethiopian,ginger,4);
INSERT INTO recipe_has_ingredient (recipe_name,recipe_cuisine_name,ingredient_name,quantity) VALUES (Doro Wat,Ethiopian,hard-boiled eggs,240);
INSERT INTO recipe_has_ingredient (recipe_name,recipe_cuisine_name,ingredient_name,quantity) VALUES (Doro Wat,Ethiopian,water,0);
INSERT INTO recipe_has_ingredient (recipe_name,recipe_cuisine_name,ingredient_name,quantity) VALUES (Injera,Ethiopian,teff,386);
INSERT INTO recipe_has_ingredient (recipe_name,recipe_cuisine_name,ingredient_name,quantity) VALUES (Injera,Ethiopian,water,0);
INSERT INTO recipe_has_ingredient (recipe_name,recipe_cuisine_name,ingredient_name,quantity) VALUES (Injera,Ethiopian,salt,3);
INSERT INTO recipe_has_ingredient (recipe_name,recipe_cuisine_name,ingredient_name,quantity) VALUES (Kitfo,Ethiopian,beef tenderloin,500);
INSERT INTO recipe_has_ingredient (recipe_name,recipe_cuisine_name,ingredient_name,quantity) VALUES (Coq au Vin,French,chicken,1200);
INSERT INTO recipe_has_ingredient (recipe_name,recipe_cuisine_name,ingredient_name,quantity) VALUES (Coq au Vin,French,red wine,497);
INSERT INTO recipe_has_ingredient (recipe_name,recipe_cuisine_name,ingredient_name,quantity) VALUES (Coq au Vin,French,bacon,200);
INSERT INTO recipe_has_ingredient (recipe_name,recipe_cuisine_name,ingredient_name,quantity) VALUES (Coq au Vin,French,white mushroom,250);
INSERT INTO recipe_has_ingredient (recipe_name,recipe_cuisine_name,ingredient_name,quantity) VALUES (Coq au Vin,French,onions,250);
INSERT INTO recipe_has_ingredient (recipe_name,recipe_cuisine_name,ingredient_name,quantity) VALUES (Coq au Vin,French,garlic,6);
INSERT INTO recipe_has_ingredient (recipe_name,recipe_cuisine_name,ingredient_name,quantity) VALUES (Coq au Vin,French,butter,42);
INSERT INTO recipe_has_ingredient (recipe_name,recipe_cuisine_name,ingredient_name,quantity) VALUES (Coq au Vin,French,flour,15);
INSERT INTO recipe_has_ingredient (recipe_name,recipe_cuisine_name,ingredient_name,quantity) VALUES (Coq au Vin,French,dried thyme,1);
INSERT INTO recipe_has_ingredient (recipe_name,recipe_cuisine_name,ingredient_name,quantity) VALUES (Coq au Vin,French,bay leaf,1);
INSERT INTO recipe_has_ingredient (recipe_name,recipe_cuisine_name,ingredient_name,quantity) VALUES (Coq au Vin,French,salt,14);
INSERT INTO recipe_has_ingredient (recipe_name,recipe_cuisine_name,ingredient_name,quantity) VALUES (Crème Brûlée,French,heavy whipping cream,503);
INSERT INTO recipe_has_ingredient (recipe_name,recipe_cuisine_name,ingredient_name,quantity) VALUES (Crème Brûlée,French,vanilla extract,5);
INSERT INTO recipe_has_ingredient (recipe_name,recipe_cuisine_name,ingredient_name,quantity) VALUES (Crème Brûlée,French,egg yolk,80);
INSERT INTO recipe_has_ingredient (recipe_name,recipe_cuisine_name,ingredient_name,quantity) VALUES (Crème Brûlée,French,sugar,100);
INSERT INTO recipe_has_ingredient (recipe_name,recipe_cuisine_name,ingredient_name,quantity) VALUES (Crème Brûlée,French,water,0);
INSERT INTO recipe_has_ingredient (recipe_name,recipe_cuisine_name,ingredient_name,quantity) VALUES (French Onion Soup,French,onions,750);
INSERT INTO recipe_has_ingredient (recipe_name,recipe_cuisine_name,ingredient_name,quantity) VALUES (French Onion Soup,French,beef broth,1014);
INSERT INTO recipe_has_ingredient (recipe_name,recipe_cuisine_name,ingredient_name,quantity) VALUES (French Onion Soup,French,garlic,6);
INSERT INTO recipe_has_ingredient (recipe_name,recipe_cuisine_name,ingredient_name,quantity) VALUES (French Onion Soup,French,baguette,300);
INSERT INTO recipe_has_ingredient (recipe_name,recipe_cuisine_name,ingredient_name,quantity) VALUES (French Onion Soup,French,gruyere cheese,100);
INSERT INTO recipe_has_ingredient (recipe_name,recipe_cuisine_name,ingredient_name,quantity) VALUES (French Onion Soup,French,butter,28);
INSERT INTO recipe_has_ingredient (recipe_name,recipe_cuisine_name,ingredient_name,quantity) VALUES (French Onion Soup,French,dried thyme,1);
INSERT INTO recipe_has_ingredient (recipe_name,recipe_cuisine_name,ingredient_name,quantity) VALUES (French Onion Soup,French,bay leaf,1);
INSERT INTO recipe_has_ingredient (recipe_name,recipe_cuisine_name,ingredient_name,quantity) VALUES (French Onion Soup,French,salt,13);
INSERT INTO recipe_has_ingredient (recipe_name,recipe_cuisine_name,ingredient_name,quantity) VALUES (Black Forest Cake,German,sponge cake,189);
INSERT INTO recipe_has_ingredient (recipe_name,recipe_cuisine_name,ingredient_name,quantity) VALUES (Black Forest Cake,German,heavy whipping cream,503);
INSERT INTO recipe_has_ingredient (recipe_name,recipe_cuisine_name,ingredient_name,quantity) VALUES (Black Forest Cake,German,sugar,50);
INSERT INTO recipe_has_ingredient (recipe_name,recipe_cuisine_name,ingredient_name,quantity) VALUES (Black Forest Cake,German,vanilla extract,4);
INSERT INTO recipe_has_ingredient (recipe_name,recipe_cuisine_name,ingredient_name,quantity) VALUES (Black Forest Cake,German,cherries,200);
INSERT INTO recipe_has_ingredient (recipe_name,recipe_cuisine_name,ingredient_name,quantity) VALUES (Black Forest Cake,German,chocolate,0);
INSERT INTO recipe_has_ingredient (recipe_name,recipe_cuisine_name,ingredient_name,quantity) VALUES (Pretzels,German,unbleached flour,500);
INSERT INTO recipe_has_ingredient (recipe_name,recipe_cuisine_name,ingredient_name,quantity) VALUES (Pretzels,German,yeast,10);
INSERT INTO recipe_has_ingredient (recipe_name,recipe_cuisine_name,ingredient_name,quantity) VALUES (Pretzels,German,water,300);
INSERT INTO recipe_has_ingredient (recipe_name,recipe_cuisine_name,ingredient_name,quantity) VALUES (Pretzels,German,sugar,10);
INSERT INTO recipe_has_ingredient (recipe_name,recipe_cuisine_name,ingredient_name,quantity) VALUES (Pretzels,German,salt,10);
INSERT INTO recipe_has_ingredient (recipe_name,recipe_cuisine_name,ingredient_name,quantity) VALUES (Pretzels,German,baking soda,3);
INSERT INTO recipe_has_ingredient (recipe_name,recipe_cuisine_name,ingredient_name,quantity) VALUES (Pretzels,German,kosher salt,4);
INSERT INTO recipe_has_ingredient (recipe_name,recipe_cuisine_name,ingredient_name,quantity) VALUES (Sauerbraten,German,beef roast,1000);
INSERT INTO recipe_has_ingredient (recipe_name,recipe_cuisine_name,ingredient_name,quantity) VALUES (Sauerbraten,German,red wine,497);
INSERT INTO recipe_has_ingredient (recipe_name,recipe_cuisine_name,ingredient_name,quantity) VALUES (Sauerbraten,German,red wine vinegar,505);
INSERT INTO recipe_has_ingredient (recipe_name,recipe_cuisine_name,ingredient_name,quantity) VALUES (Sauerbraten,German,onions,250);
INSERT INTO recipe_has_ingredient (recipe_name,recipe_cuisine_name,ingredient_name,quantity) VALUES (Sauerbraten,German,carrots,122);
INSERT INTO recipe_has_ingredient (recipe_name,recipe_cuisine_name,ingredient_name,quantity) VALUES (Sauerbraten,German,leek,89);
INSERT INTO recipe_has_ingredient (recipe_name,recipe_cuisine_name,ingredient_name,quantity) VALUES (Sauerbraten,German,juniper berries,50);
INSERT INTO recipe_has_ingredient (recipe_name,recipe_cuisine_name,ingredient_name,quantity) VALUES (Sauerbraten,German,cloves,0);
INSERT INTO recipe_has_ingredient (recipe_name,recipe_cuisine_name,ingredient_name,quantity) VALUES (Sauerbraten,German,black pepper,7);
INSERT INTO recipe_has_ingredient (recipe_name,recipe_cuisine_name,ingredient_name,quantity) VALUES (Sauerbraten,German,bay leaf,1);
INSERT INTO recipe_has_ingredient (recipe_name,recipe_cuisine_name,ingredient_name,quantity) VALUES (Sauerbraten,German,gingersnaps,100);
INSERT INTO recipe_has_ingredient (recipe_name,recipe_cuisine_name,ingredient_name,quantity) VALUES (Sauerbraten,German,salt,15);
INSERT INTO recipe_has_ingredient (recipe_name,recipe_cuisine_name,ingredient_name,quantity) VALUES (Sauerbraten,German,oil,35);
INSERT INTO recipe_has_ingredient (recipe_name,recipe_cuisine_name,ingredient_name,quantity) VALUES (Baklava,Greek,phyllo dough,400);
INSERT INTO recipe_has_ingredient (recipe_name,recipe_cuisine_name,ingredient_name,quantity) VALUES (Baklava,Greek,nuts,300);
INSERT INTO recipe_has_ingredient (recipe_name,recipe_cuisine_name,ingredient_name,quantity) VALUES (Baklava,Greek,butter,200);
INSERT INTO recipe_has_ingredient (recipe_name,recipe_cuisine_name,ingredient_name,quantity) VALUES (Baklava,Greek,sugar,200);
INSERT INTO recipe_has_ingredient (recipe_name,recipe_cuisine_name,ingredient_name,quantity) VALUES (Baklava,Greek,water,236);
INSERT INTO recipe_has_ingredient (recipe_name,recipe_cuisine_name,ingredient_name,quantity) VALUES (Baklava,Greek,honey,169);
INSERT INTO recipe_has_ingredient (recipe_name,recipe_cuisine_name,ingredient_name,quantity) VALUES (Baklava,Greek,cinnamon,2);
INSERT INTO recipe_has_ingredient (recipe_name,recipe_cuisine_name,ingredient_name,quantity) VALUES (Baklava,Greek,cloves,2);
INSERT INTO recipe_has_ingredient (recipe_name,recipe_cuisine_name,ingredient_name,quantity) VALUES (Greek Salad (Horiatiki),Greek,cucumber,480);
INSERT INTO recipe_has_ingredient (recipe_name,recipe_cuisine_name,ingredient_name,quantity) VALUES (Greek Salad (Horiatiki),Greek,tomato,492);
INSERT INTO recipe_has_ingredient (recipe_name,recipe_cuisine_name,ingredient_name,quantity) VALUES (Greek Salad (Horiatiki),Greek,onions,125);
INSERT INTO recipe_has_ingredient (recipe_name,recipe_cuisine_name,ingredient_name,quantity) VALUES (Greek Salad (Horiatiki),Greek,feta cheese,200);
INSERT INTO recipe_has_ingredient (recipe_name,recipe_cuisine_name,ingredient_name,quantity) VALUES (Greek Salad (Horiatiki),Greek,black olives,100);
INSERT INTO recipe_has_ingredient (recipe_name,recipe_cuisine_name,ingredient_name,quantity) VALUES (Greek Salad (Horiatiki),Greek,olive oil,18);
INSERT INTO recipe_has_ingredient (recipe_name,recipe_cuisine_name,ingredient_name,quantity) VALUES (Greek Salad (Horiatiki),Greek,dried oregano,0);
INSERT INTO recipe_has_ingredient (recipe_name,recipe_cuisine_name,ingredient_name,quantity) VALUES (Moussaka,Greek,eggplant,2055);
INSERT INTO recipe_has_ingredient (recipe_name,recipe_cuisine_name,ingredient_name,quantity) VALUES (Moussaka,Greek,ground lamb,500);
INSERT INTO recipe_has_ingredient (recipe_name,recipe_cuisine_name,ingredient_name,quantity) VALUES (Moussaka,Greek,onions,125);
INSERT INTO recipe_has_ingredient (recipe_name,recipe_cuisine_name,ingredient_name,quantity) VALUES (Moussaka,Greek,garlic,6);
INSERT INTO recipe_has_ingredient (recipe_name,recipe_cuisine_name,ingredient_name,quantity) VALUES (Moussaka,Greek,canned ripe red tomatoes,400);
INSERT INTO recipe_has_ingredient (recipe_name,recipe_cuisine_name,ingredient_name,quantity) VALUES (Moussaka,Greek,butter,41);
INSERT INTO recipe_has_ingredient (recipe_name,recipe_cuisine_name,ingredient_name,quantity) VALUES (Moussaka,Greek,flour,27);
INSERT INTO recipe_has_ingredient (recipe_name,recipe_cuisine_name,ingredient_name,quantity) VALUES (Moussaka,Greek,whole milk,0);
INSERT INTO recipe_has_ingredient (recipe_name,recipe_cuisine_name,ingredient_name,quantity) VALUES (Moussaka,Greek,nutmeg,0);
INSERT INTO recipe_has_ingredient (recipe_name,recipe_cuisine_name,ingredient_name,quantity) VALUES (Moussaka,Greek,olive oil,41);
INSERT INTO recipe_has_ingredient (recipe_name,recipe_cuisine_name,ingredient_name,quantity) VALUES (Chicken Biryani,Indian,chicken,500);
INSERT INTO recipe_has_ingredient (recipe_name,recipe_cuisine_name,ingredient_name,quantity) VALUES (Chicken Biryani,Indian,basmati rice,300);
INSERT INTO recipe_has_ingredient (recipe_name,recipe_cuisine_name,ingredient_name,quantity) VALUES (Chicken Biryani,Indian,yogurt,200);
INSERT INTO recipe_has_ingredient (recipe_name,recipe_cuisine_name,ingredient_name,quantity) VALUES (Chicken Biryani,Indian,onions,300);
INSERT INTO recipe_has_ingredient (recipe_name,recipe_cuisine_name,ingredient_name,quantity) VALUES (Chicken Biryani,Indian,garlic,16);
INSERT INTO recipe_has_ingredient (recipe_name,recipe_cuisine_name,ingredient_name,quantity) VALUES (Chicken Biryani,Indian,saffron,0);
INSERT INTO recipe_has_ingredient (recipe_name,recipe_cuisine_name,ingredient_name,quantity) VALUES (Chicken Biryani,Indian,whole milk,51);
INSERT INTO recipe_has_ingredient (recipe_name,recipe_cuisine_name,ingredient_name,quantity) VALUES (Chicken Biryani,Indian,cinnamon,4);
INSERT INTO recipe_has_ingredient (recipe_name,recipe_cuisine_name,ingredient_name,quantity) VALUES (Chicken Biryani,Indian,coriander,6);
INSERT INTO recipe_has_ingredient (recipe_name,recipe_cuisine_name,ingredient_name,quantity) VALUES (Chicken Biryani,Indian,cumin,2);
INSERT INTO recipe_has_ingredient (recipe_name,recipe_cuisine_name,ingredient_name,quantity) VALUES (Chicken Biryani,Indian,five spice,0);
INSERT INTO recipe_has_ingredient (recipe_name,recipe_cuisine_name,ingredient_name,quantity) VALUES (Chicken Biryani,Indian,salt,8);
INSERT INTO recipe_has_ingredient (recipe_name,recipe_cuisine_name,ingredient_name,quantity) VALUES (Chicken Biryani,Indian,oil,18);
INSERT INTO recipe_has_ingredient (recipe_name,recipe_cuisine_name,ingredient_name,quantity) VALUES (Mango Lassi,Indian,mangos,672);
INSERT INTO recipe_has_ingredient (recipe_name,recipe_cuisine_name,ingredient_name,quantity) VALUES (Mango Lassi,Indian,yogurt,200);
INSERT INTO recipe_has_ingredient (recipe_name,recipe_cuisine_name,ingredient_name,quantity) VALUES (Mango Lassi,Indian,whole milk,103);
INSERT INTO recipe_has_ingredient (recipe_name,recipe_cuisine_name,ingredient_name,quantity) VALUES (Mango Lassi,Indian,sugar,24);
INSERT INTO recipe_has_ingredient (recipe_name,recipe_cuisine_name,ingredient_name,quantity) VALUES (Mango Lassi,Indian,cardamom,0);
INSERT INTO recipe_has_ingredient (recipe_name,recipe_cuisine_name,ingredient_name,quantity) VALUES (Palak Paneer,Indian,spinach,500);
INSERT INTO recipe_has_ingredient (recipe_name,recipe_cuisine_name,ingredient_name,quantity) VALUES (Palak Paneer,Indian,cottage cheese,200);
INSERT INTO recipe_has_ingredient (recipe_name,recipe_cuisine_name,ingredient_name,quantity) VALUES (Palak Paneer,Indian,onions,125);
INSERT INTO recipe_has_ingredient (recipe_name,recipe_cuisine_name,ingredient_name,quantity) VALUES (Palak Paneer,Indian,tomato,246);
INSERT INTO recipe_has_ingredient (recipe_name,recipe_cuisine_name,ingredient_name,quantity) VALUES (Palak Paneer,Indian,ginger,2);
INSERT INTO recipe_has_ingredient (recipe_name,recipe_cuisine_name,ingredient_name,quantity) VALUES (Palak Paneer,Indian,garlic,2);
INSERT INTO recipe_has_ingredient (recipe_name,recipe_cuisine_name,ingredient_name,quantity) VALUES (Palak Paneer,Indian,five spice,1);
INSERT INTO recipe_has_ingredient (recipe_name,recipe_cuisine_name,ingredient_name,quantity) VALUES (Palak Paneer,Indian,turmeric,1);
INSERT INTO recipe_has_ingredient (recipe_name,recipe_cuisine_name,ingredient_name,quantity) VALUES (Palak Paneer,Indian,cumin,1);
INSERT INTO recipe_has_ingredient (recipe_name,recipe_cuisine_name,ingredient_name,quantity) VALUES (Palak Paneer,Indian,salt,6);
INSERT INTO recipe_has_ingredient (recipe_name,recipe_cuisine_name,ingredient_name,quantity) VALUES (Palak Paneer,Indian,oil,14);
INSERT INTO recipe_has_ingredient (recipe_name,recipe_cuisine_name,ingredient_name,quantity) VALUES (Osso Buco,Italian,veal shank,2000);
INSERT INTO recipe_has_ingredient (recipe_name,recipe_cuisine_name,ingredient_name,quantity) VALUES (Osso Buco,Italian,onions,125);
INSERT INTO recipe_has_ingredient (recipe_name,recipe_cuisine_name,ingredient_name,quantity) VALUES (Osso Buco,Italian,carrots,122);
INSERT INTO recipe_has_ingredient (recipe_name,recipe_cuisine_name,ingredient_name,quantity) VALUES (Osso Buco,Italian,celery,80);
INSERT INTO recipe_has_ingredient (recipe_name,recipe_cuisine_name,ingredient_name,quantity) VALUES (Osso Buco,Italian,beef broth,507);
INSERT INTO recipe_has_ingredient (recipe_name,recipe_cuisine_name,ingredient_name,quantity) VALUES (Osso Buco,Italian,white wine,198);
INSERT INTO recipe_has_ingredient (recipe_name,recipe_cuisine_name,ingredient_name,quantity) VALUES (Osso Buco,Italian,flour,50);
INSERT INTO recipe_has_ingredient (recipe_name,recipe_cuisine_name,ingredient_name,quantity) VALUES (Osso Buco,Italian,olive oil,41);
INSERT INTO recipe_has_ingredient (recipe_name,recipe_cuisine_name,ingredient_name,quantity) VALUES (Osso Buco,Italian,salt,18);
INSERT INTO recipe_has_ingredient (recipe_name,recipe_cuisine_name,ingredient_name,quantity) VALUES (Osso Buco,Italian,black pepper,9);
INSERT INTO recipe_has_ingredient (recipe_name,recipe_cuisine_name,ingredient_name,quantity) VALUES (Spaghetti Carbonara,Italian,pasta,400);
INSERT INTO recipe_has_ingredient (recipe_name,recipe_cuisine_name,ingredient_name,quantity) VALUES (Spaghetti Carbonara,Italian,pancetta,200);
INSERT INTO recipe_has_ingredient (recipe_name,recipe_cuisine_name,ingredient_name,quantity) VALUES (Spaghetti Carbonara,Italian,egg,150);
INSERT INTO recipe_has_ingredient (recipe_name,recipe_cuisine_name,ingredient_name,quantity) VALUES (Spaghetti Carbonara,Italian,parmesan cheese,100);
INSERT INTO recipe_has_ingredient (recipe_name,recipe_cuisine_name,ingredient_name,quantity) VALUES (Spaghetti Carbonara,Italian,salt,5);
INSERT INTO recipe_has_ingredient (recipe_name,recipe_cuisine_name,ingredient_name,quantity) VALUES (Spaghetti Carbonara,Italian,black pepper,2);
INSERT INTO recipe_has_ingredient (recipe_name,recipe_cuisine_name,ingredient_name,quantity) VALUES (Tiramisu,Italian,egg yolk,40);
INSERT INTO recipe_has_ingredient (recipe_name,recipe_cuisine_name,ingredient_name,quantity) VALUES (Tiramisu,Italian,sugar,100);
INSERT INTO recipe_has_ingredient (recipe_name,recipe_cuisine_name,ingredient_name,quantity) VALUES (Tiramisu,Italian,mascarpone cheese,250);
INSERT INTO recipe_has_ingredient (recipe_name,recipe_cuisine_name,ingredient_name,quantity) VALUES (Tiramisu,Italian,ladyfingers,264);
INSERT INTO recipe_has_ingredient (recipe_name,recipe_cuisine_name,ingredient_name,quantity) VALUES (Tiramisu,Italian,coffee,300);
INSERT INTO recipe_has_ingredient (recipe_name,recipe_cuisine_name,ingredient_name,quantity) VALUES (Tiramisu,Italian,liqueur,0);
INSERT INTO recipe_has_ingredient (recipe_name,recipe_cuisine_name,ingredient_name,quantity) VALUES (Tiramisu,Italian,unsweetened cocoa powder,0);
INSERT INTO recipe_has_ingredient (recipe_name,recipe_cuisine_name,ingredient_name,quantity) VALUES (Matcha Ice Cream,Japanese,heavy whipping cream,503);
INSERT INTO recipe_has_ingredient (recipe_name,recipe_cuisine_name,ingredient_name,quantity) VALUES (Matcha Ice Cream,Japanese,whole milk,257);
INSERT INTO recipe_has_ingredient (recipe_name,recipe_cuisine_name,ingredient_name,quantity) VALUES (Matcha Ice Cream,Japanese,sugar,120);
INSERT INTO recipe_has_ingredient (recipe_name,recipe_cuisine_name,ingredient_name,quantity) VALUES (Matcha Ice Cream,Japanese,matcha,4);
INSERT INTO recipe_has_ingredient (recipe_name,recipe_cuisine_name,ingredient_name,quantity) VALUES (Ramen,Japanese,ramen noodle,400);
INSERT INTO recipe_has_ingredient (recipe_name,recipe_cuisine_name,ingredient_name,quantity) VALUES (Ramen,Japanese,vegetable stock ,959);
INSERT INTO recipe_has_ingredient (recipe_name,recipe_cuisine_name,ingredient_name,quantity) VALUES (Ramen,Japanese,pork belly,200);
INSERT INTO recipe_has_ingredient (recipe_name,recipe_cuisine_name,ingredient_name,quantity) VALUES (Ramen,Japanese,egg,86);
INSERT INTO recipe_has_ingredient (recipe_name,recipe_cuisine_name,ingredient_name,quantity) VALUES (Ramen,Japanese,bamboo shoots,50);
INSERT INTO recipe_has_ingredient (recipe_name,recipe_cuisine_name,ingredient_name,quantity) VALUES (Ramen,Japanese,green onions,27);
INSERT INTO recipe_has_ingredient (recipe_name,recipe_cuisine_name,ingredient_name,quantity) VALUES (Ramen,Japanese,soy sauce,16);
INSERT INTO recipe_has_ingredient (recipe_name,recipe_cuisine_name,ingredient_name,quantity) VALUES (Ramen,Japanese,miso,17);
INSERT INTO recipe_has_ingredient (recipe_name,recipe_cuisine_name,ingredient_name,quantity) VALUES (Ramen,Japanese,onions,125);
INSERT INTO recipe_has_ingredient (recipe_name,recipe_cuisine_name,ingredient_name,quantity) VALUES (Ramen,Japanese,garlic,6);
INSERT INTO recipe_has_ingredient (recipe_name,recipe_cuisine_name,ingredient_name,quantity) VALUES (Ramen,Japanese,ginger,60);
INSERT INTO recipe_has_ingredient (recipe_name,recipe_cuisine_name,ingredient_name,quantity) VALUES (Ramen,Japanese,salt,11);
INSERT INTO recipe_has_ingredient (recipe_name,recipe_cuisine_name,ingredient_name,quantity) VALUES (Sushi Rolls (Maki Sushi),Japanese,rice,390);
INSERT INTO recipe_has_ingredient (recipe_name,recipe_cuisine_name,ingredient_name,quantity) VALUES (Sushi Rolls (Maki Sushi),Japanese,seasoned rice vinegar,44);
INSERT INTO recipe_has_ingredient (recipe_name,recipe_cuisine_name,ingredient_name,quantity) VALUES (Sushi Rolls (Maki Sushi),Japanese,nori,13);
INSERT INTO recipe_has_ingredient (recipe_name,recipe_cuisine_name,ingredient_name,quantity) VALUES (Sushi Rolls (Maki Sushi),Japanese,cucumber,301);
INSERT INTO recipe_has_ingredient (recipe_name,recipe_cuisine_name,ingredient_name,quantity) VALUES (Sushi Rolls (Maki Sushi),Japanese,avocado,201);
INSERT INTO recipe_has_ingredient (recipe_name,recipe_cuisine_name,ingredient_name,quantity) VALUES (Sushi Rolls (Maki Sushi),Japanese,salmon,200);
INSERT INTO recipe_has_ingredient (recipe_name,recipe_cuisine_name,ingredient_name,quantity) VALUES (Sushi Rolls (Maki Sushi),Japanese,soy sauce,16);
INSERT INTO recipe_has_ingredient (recipe_name,recipe_cuisine_name,ingredient_name,quantity) VALUES (Sushi Rolls (Maki Sushi),Japanese,wasabi,5);
INSERT INTO recipe_has_ingredient (recipe_name,recipe_cuisine_name,ingredient_name,quantity) VALUES (Beshbarmak,Kazakh,beef,1000);
INSERT INTO recipe_has_ingredient (recipe_name,recipe_cuisine_name,ingredient_name,quantity) VALUES (Beshbarmak,Kazakh,flour,500);
INSERT INTO recipe_has_ingredient (recipe_name,recipe_cuisine_name,ingredient_name,quantity) VALUES (Beshbarmak,Kazakh,egg,86);
INSERT INTO recipe_has_ingredient (recipe_name,recipe_cuisine_name,ingredient_name,quantity) VALUES (Beshbarmak,Kazakh,water,0);
INSERT INTO recipe_has_ingredient (recipe_name,recipe_cuisine_name,ingredient_name,quantity) VALUES (Beshbarmak,Kazakh,salt,9);
INSERT INTO recipe_has_ingredient (recipe_name,recipe_cuisine_name,ingredient_name,quantity) VALUES (Beshbarmak,Kazakh,parsley,60);
INSERT INTO recipe_has_ingredient (recipe_name,recipe_cuisine_name,ingredient_name,quantity) VALUES (Kazy,Kazakh,ribs,1000);
INSERT INTO recipe_has_ingredient (recipe_name,recipe_cuisine_name,ingredient_name,quantity) VALUES (Kazy,Kazakh,horse meat,200);
INSERT INTO recipe_has_ingredient (recipe_name,recipe_cuisine_name,ingredient_name,quantity) VALUES (Kazy,Kazakh,garlic,6);
INSERT INTO recipe_has_ingredient (recipe_name,recipe_cuisine_name,ingredient_name,quantity) VALUES (Kazy,Kazakh,salt,7);
INSERT INTO recipe_has_ingredient (recipe_name,recipe_cuisine_name,ingredient_name,quantity) VALUES (Kurt,Kazakh,whole milk,1000);
INSERT INTO recipe_has_ingredient (recipe_name,recipe_cuisine_name,ingredient_name,quantity) VALUES (Kurt,Kazakh,salt,18);
INSERT INTO recipe_has_ingredient (recipe_name,recipe_cuisine_name,ingredient_name,quantity) VALUES (Nyama Choma,Kenyan,goat,1000);
INSERT INTO recipe_has_ingredient (recipe_name,recipe_cuisine_name,ingredient_name,quantity) VALUES (Nyama Choma,Kenyan,lemon,84);
INSERT INTO recipe_has_ingredient (recipe_name,recipe_cuisine_name,ingredient_name,quantity) VALUES (Nyama Choma,Kenyan,garlic,12);
INSERT INTO recipe_has_ingredient (recipe_name,recipe_cuisine_name,ingredient_name,quantity) VALUES (Nyama Choma,Kenyan,ginger,15);
INSERT INTO recipe_has_ingredient (recipe_name,recipe_cuisine_name,ingredient_name,quantity) VALUES (Nyama Choma,Kenyan,salt,6);
INSERT INTO recipe_has_ingredient (recipe_name,recipe_cuisine_name,ingredient_name,quantity) VALUES (Sukuma Wiki,Kenyan,collard greens,36);
INSERT INTO recipe_has_ingredient (recipe_name,recipe_cuisine_name,ingredient_name,quantity) VALUES (Sukuma Wiki,Kenyan,onions,150);
INSERT INTO recipe_has_ingredient (recipe_name,recipe_cuisine_name,ingredient_name,quantity) VALUES (Sukuma Wiki,Kenyan,garlic,6);
INSERT INTO recipe_has_ingredient (recipe_name,recipe_cuisine_name,ingredient_name,quantity) VALUES (Sukuma Wiki,Kenyan,vegetable oil,28);
INSERT INTO recipe_has_ingredient (recipe_name,recipe_cuisine_name,ingredient_name,quantity) VALUES (Sukuma Wiki,Kenyan,salt,1);
INSERT INTO recipe_has_ingredient (recipe_name,recipe_cuisine_name,ingredient_name,quantity) VALUES (Sukuma Wiki,Kenyan,cayenne pepper,0);
INSERT INTO recipe_has_ingredient (recipe_name,recipe_cuisine_name,ingredient_name,quantity) VALUES (Ugali,Kenyan,cornmeal,314);
INSERT INTO recipe_has_ingredient (recipe_name,recipe_cuisine_name,ingredient_name,quantity) VALUES (Ugali,Kenyan,water,946);
INSERT INTO recipe_has_ingredient (recipe_name,recipe_cuisine_name,ingredient_name,quantity) VALUES (Ugali,Kenyan,salt,7);
INSERT INTO recipe_has_ingredient (recipe_name,recipe_cuisine_name,ingredient_name,quantity) VALUES (Bibimbap,Korean,rice,390);
INSERT INTO recipe_has_ingredient (recipe_name,recipe_cuisine_name,ingredient_name,quantity) VALUES (Bibimbap,Korean,beef,100);
INSERT INTO recipe_has_ingredient (recipe_name,recipe_cuisine_name,ingredient_name,quantity) VALUES (Bibimbap,Korean,carrots,61);
INSERT INTO recipe_has_ingredient (recipe_name,recipe_cuisine_name,ingredient_name,quantity) VALUES (Bibimbap,Korean,zucchini,196);
INSERT INTO recipe_has_ingredient (recipe_name,recipe_cuisine_name,ingredient_name,quantity) VALUES (Bibimbap,Korean,spinach,200);
INSERT INTO recipe_has_ingredient (recipe_name,recipe_cuisine_name,ingredient_name,quantity) VALUES (Bibimbap,Korean,daikon,253);
INSERT INTO recipe_has_ingredient (recipe_name,recipe_cuisine_name,ingredient_name,quantity) VALUES (Bibimbap,Korean,bean sprout,200);
INSERT INTO recipe_has_ingredient (recipe_name,recipe_cuisine_name,ingredient_name,quantity) VALUES (Bibimbap,Korean,egg,43);
INSERT INTO recipe_has_ingredient (recipe_name,recipe_cuisine_name,ingredient_name,quantity) VALUES (Bibimbap,Korean,soy sauce,32);
INSERT INTO recipe_has_ingredient (recipe_name,recipe_cuisine_name,ingredient_name,quantity) VALUES (Bibimbap,Korean,garlic,3);
INSERT INTO recipe_has_ingredient (recipe_name,recipe_cuisine_name,ingredient_name,quantity) VALUES (Bibimbap,Korean,sesame oil,27);
INSERT INTO recipe_has_ingredient (recipe_name,recipe_cuisine_name,ingredient_name,quantity) VALUES (Bibimbap,Korean,gochujang,0);
INSERT INTO recipe_has_ingredient (recipe_name,recipe_cuisine_name,ingredient_name,quantity) VALUES (Hoddeok,Korean,unbleached flour,250);
INSERT INTO recipe_has_ingredient (recipe_name,recipe_cuisine_name,ingredient_name,quantity) VALUES (Hoddeok,Korean,sugar,50);
INSERT INTO recipe_has_ingredient (recipe_name,recipe_cuisine_name,ingredient_name,quantity) VALUES (Hoddeok,Korean,whole milk,122);
INSERT INTO recipe_has_ingredient (recipe_name,recipe_cuisine_name,ingredient_name,quantity) VALUES (Hoddeok,Korean,yeast,4);
INSERT INTO recipe_has_ingredient (recipe_name,recipe_cuisine_name,ingredient_name,quantity) VALUES (Hoddeok,Korean,brown sugar,145);
INSERT INTO recipe_has_ingredient (recipe_name,recipe_cuisine_name,ingredient_name,quantity) VALUES (Hoddeok,Korean,walnuts,58);
INSERT INTO recipe_has_ingredient (recipe_name,recipe_cuisine_name,ingredient_name,quantity) VALUES (Hoddeok,Korean,cinnamon,2);
INSERT INTO recipe_has_ingredient (recipe_name,recipe_cuisine_name,ingredient_name,quantity) VALUES (Kimchi Jjigae,Korean,kimchi,200);
INSERT INTO recipe_has_ingredient (recipe_name,recipe_cuisine_name,ingredient_name,quantity) VALUES (Kimchi Jjigae,Korean,pork belly,150);
INSERT INTO recipe_has_ingredient (recipe_name,recipe_cuisine_name,ingredient_name,quantity) VALUES (Kimchi Jjigae,Korean,tofu,324);
INSERT INTO recipe_has_ingredient (recipe_name,recipe_cuisine_name,ingredient_name,quantity) VALUES (Kimchi Jjigae,Korean,gochujang,17);
INSERT INTO recipe_has_ingredient (recipe_name,recipe_cuisine_name,ingredient_name,quantity) VALUES (Kimchi Jjigae,Korean,soy sauce,16);
INSERT INTO recipe_has_ingredient (recipe_name,recipe_cuisine_name,ingredient_name,quantity) VALUES (Kimchi Jjigae,Korean,water,500);
INSERT INTO recipe_has_ingredient (recipe_name,recipe_cuisine_name,ingredient_name,quantity) VALUES (Kimchi Jjigae,Korean,green onions,27);
INSERT INTO recipe_has_ingredient (recipe_name,recipe_cuisine_name,ingredient_name,quantity) VALUES (Chiles en Nogada,Mexican,red chili,270);
INSERT INTO recipe_has_ingredient (recipe_name,recipe_cuisine_name,ingredient_name,quantity) VALUES (Chiles en Nogada,Mexican,ground pork,500);
INSERT INTO recipe_has_ingredient (recipe_name,recipe_cuisine_name,ingredient_name,quantity) VALUES (Chiles en Nogada,Mexican,tomato,246);
INSERT INTO recipe_has_ingredient (recipe_name,recipe_cuisine_name,ingredient_name,quantity) VALUES (Chiles en Nogada,Mexican,apple,182);
INSERT INTO recipe_has_ingredient (recipe_name,recipe_cuisine_name,ingredient_name,quantity) VALUES (Chiles en Nogada,Mexican,pears,186);
INSERT INTO recipe_has_ingredient (recipe_name,recipe_cuisine_name,ingredient_name,quantity) VALUES (Chiles en Nogada,Mexican,peaches,153);
INSERT INTO recipe_has_ingredient (recipe_name,recipe_cuisine_name,ingredient_name,quantity) VALUES (Chiles en Nogada,Mexican,walnuts,100);
INSERT INTO recipe_has_ingredient (recipe_name,recipe_cuisine_name,ingredient_name,quantity) VALUES (Chiles en Nogada,Mexican,whole milk,257);
INSERT INTO recipe_has_ingredient (recipe_name,recipe_cuisine_name,ingredient_name,quantity) VALUES (Chiles en Nogada,Mexican,sugar,50);
INSERT INTO recipe_has_ingredient (recipe_name,recipe_cuisine_name,ingredient_name,quantity) VALUES (Chiles en Nogada,Mexican,sherry,29);
INSERT INTO recipe_has_ingredient (recipe_name,recipe_cuisine_name,ingredient_name,quantity) VALUES (Chiles en Nogada,Mexican,pomegranates,0);
INSERT INTO recipe_has_ingredient (recipe_name,recipe_cuisine_name,ingredient_name,quantity) VALUES (Chiles en Nogada,Mexican,parsley,19);
INSERT INTO recipe_has_ingredient (recipe_name,recipe_cuisine_name,ingredient_name,quantity) VALUES (Chiles en Nogada,Mexican,salt,11);
INSERT INTO recipe_has_ingredient (recipe_name,recipe_cuisine_name,ingredient_name,quantity) VALUES (Flan,Mexican,sugar,200);
INSERT INTO recipe_has_ingredient (recipe_name,recipe_cuisine_name,ingredient_name,quantity) VALUES (Flan,Mexican,egg,129);
INSERT INTO recipe_has_ingredient (recipe_name,recipe_cuisine_name,ingredient_name,quantity) VALUES (Flan,Mexican,sweetened condensed milk,396);
INSERT INTO recipe_has_ingredient (recipe_name,recipe_cuisine_name,ingredient_name,quantity) VALUES (Flan,Mexican,evaporated milk,340);
INSERT INTO recipe_has_ingredient (recipe_name,recipe_cuisine_name,ingredient_name,quantity) VALUES (Flan,Mexican,vanilla extract,4);
INSERT INTO recipe_has_ingredient (recipe_name,recipe_cuisine_name,ingredient_name,quantity) VALUES (Tacos al Pastor,Mexican,pork shoulder,1000);
INSERT INTO recipe_has_ingredient (recipe_name,recipe_cuisine_name,ingredient_name,quantity) VALUES (Tacos al Pastor,Mexican,red chili,180);
INSERT INTO recipe_has_ingredient (recipe_name,recipe_cuisine_name,ingredient_name,quantity) VALUES (Tacos al Pastor,Mexican,garlic,12);
INSERT INTO recipe_has_ingredient (recipe_name,recipe_cuisine_name,ingredient_name,quantity) VALUES (Tacos al Pastor,Mexican,pineapple juice,264);
INSERT INTO recipe_has_ingredient (recipe_name,recipe_cuisine_name,ingredient_name,quantity) VALUES (Tacos al Pastor,Mexican,pineapple,678);
INSERT INTO recipe_has_ingredient (recipe_name,recipe_cuisine_name,ingredient_name,quantity) VALUES (Tacos al Pastor,Mexican,onions,150);
INSERT INTO recipe_has_ingredient (recipe_name,recipe_cuisine_name,ingredient_name,quantity) VALUES (Tacos al Pastor,Mexican,cilantro,22);
INSERT INTO recipe_has_ingredient (recipe_name,recipe_cuisine_name,ingredient_name,quantity) VALUES (Tacos al Pastor,Mexican,limes,8);
INSERT INTO recipe_has_ingredient (recipe_name,recipe_cuisine_name,ingredient_name,quantity) VALUES (Tacos al Pastor,Mexican,corn tortillas,0);
INSERT INTO recipe_has_ingredient (recipe_name,recipe_cuisine_name,ingredient_name,quantity) VALUES (Tacos al Pastor,Mexican,salt,13);
INSERT INTO recipe_has_ingredient (recipe_name,recipe_cuisine_name,ingredient_name,quantity) VALUES (Baklava,Turkish,phyllo dough,400);
INSERT INTO recipe_has_ingredient (recipe_name,recipe_cuisine_name,ingredient_name,quantity) VALUES (Baklava,Turkish,nuts,300);
INSERT INTO recipe_has_ingredient (recipe_name,recipe_cuisine_name,ingredient_name,quantity) VALUES (Baklava,Turkish,butter,200);
INSERT INTO recipe_has_ingredient (recipe_name,recipe_cuisine_name,ingredient_name,quantity) VALUES (Baklava,Turkish,sugar,200);
INSERT INTO recipe_has_ingredient (recipe_name,recipe_cuisine_name,ingredient_name,quantity) VALUES (Baklava,Turkish,water,236);
INSERT INTO recipe_has_ingredient (recipe_name,recipe_cuisine_name,ingredient_name,quantity) VALUES (Baklava,Turkish,honey,169);
INSERT INTO recipe_has_ingredient (recipe_name,recipe_cuisine_name,ingredient_name,quantity) VALUES (Baklava,Turkish,cinnamon,2);
INSERT INTO recipe_has_ingredient (recipe_name,recipe_cuisine_name,ingredient_name,quantity) VALUES (Baklava,Turkish,cloves,2);
INSERT INTO recipe_has_ingredient (recipe_name,recipe_cuisine_name,ingredient_name,quantity) VALUES (İskender Kebab,Turkish,lamb,500);
INSERT INTO recipe_has_ingredient (recipe_name,recipe_cuisine_name,ingredient_name,quantity) VALUES (İskender Kebab,Turkish,pita bread,184);
INSERT INTO recipe_has_ingredient (recipe_name,recipe_cuisine_name,ingredient_name,quantity) VALUES (İskender Kebab,Turkish,tomato sauce,490);
INSERT INTO recipe_has_ingredient (recipe_name,recipe_cuisine_name,ingredient_name,quantity) VALUES (İskender Kebab,Turkish,butter,100);
INSERT INTO recipe_has_ingredient (recipe_name,recipe_cuisine_name,ingredient_name,quantity) VALUES (İskender Kebab,Turkish,yogurt,245);
INSERT INTO recipe_has_ingredient (recipe_name,recipe_cuisine_name,ingredient_name,quantity) VALUES (İskender Kebab,Turkish,salt,9);
INSERT INTO recipe_has_ingredient (recipe_name,recipe_cuisine_name,ingredient_name,quantity) VALUES (Lahmacun,Turkish,beef,400);
INSERT INTO recipe_has_ingredient (recipe_name,recipe_cuisine_name,ingredient_name,quantity) VALUES (Lahmacun,Turkish,unbleached flour,500);
INSERT INTO recipe_has_ingredient (recipe_name,recipe_cuisine_name,ingredient_name,quantity) VALUES (Lahmacun,Turkish,water,236);
INSERT INTO recipe_has_ingredient (recipe_name,recipe_cuisine_name,ingredient_name,quantity) VALUES (Lahmacun,Turkish,yeast,4);
INSERT INTO recipe_has_ingredient (recipe_name,recipe_cuisine_name,ingredient_name,quantity) VALUES (Lahmacun,Turkish,red bell pepper,119);
INSERT INTO recipe_has_ingredient (recipe_name,recipe_cuisine_name,ingredient_name,quantity) VALUES (Lahmacun,Turkish,tomato,246);
INSERT INTO recipe_has_ingredient (recipe_name,recipe_cuisine_name,ingredient_name,quantity) VALUES (Lahmacun,Turkish,onions,125);
INSERT INTO recipe_has_ingredient (recipe_name,recipe_cuisine_name,ingredient_name,quantity) VALUES (Lahmacun,Turkish,parsley,30);
INSERT INTO recipe_has_ingredient (recipe_name,recipe_cuisine_name,ingredient_name,quantity) VALUES (Lahmacun,Turkish,paprika,4);
INSERT INTO recipe_has_ingredient (recipe_name,recipe_cuisine_name,ingredient_name,quantity) VALUES (Lahmacun,Turkish,salt,10);
INSERT INTO recipe_has_ingredient (recipe_name,recipe_cuisine_name,ingredient_name,quantity) VALUES (Lahmacun,Turkish,lemon,7);
INSERT INTO recipe_has_ingredient (recipe_name,recipe_cuisine_name,ingredient_name,quantity) VALUES (Gutap,Turkmen,flour,300);
INSERT INTO recipe_has_ingredient (recipe_name,recipe_cuisine_name,ingredient_name,quantity) VALUES (Gutap,Turkmen,spinach,200);
INSERT INTO recipe_has_ingredient (recipe_name,recipe_cuisine_name,ingredient_name,quantity) VALUES (Gutap,Turkmen,dried thyme,100);
INSERT INTO recipe_has_ingredient (recipe_name,recipe_cuisine_name,ingredient_name,quantity) VALUES (Gutap,Turkmen,cheddar cheese,50);
INSERT INTO recipe_has_ingredient (recipe_name,recipe_cuisine_name,ingredient_name,quantity) VALUES (Gutap,Turkmen,water,0);
INSERT INTO recipe_has_ingredient (recipe_name,recipe_cuisine_name,ingredient_name,quantity) VALUES (Gutap,Turkmen,salt,3);
INSERT INTO recipe_has_ingredient (recipe_name,recipe_cuisine_name,ingredient_name,quantity) VALUES (Gutap,Turkmen,oil,8);
INSERT INTO recipe_has_ingredient (recipe_name,recipe_cuisine_name,ingredient_name,quantity) VALUES (Palaw,Turkmen,lamb,500);
INSERT INTO recipe_has_ingredient (recipe_name,recipe_cuisine_name,ingredient_name,quantity) VALUES (Palaw,Turkmen,long grain rice,370);
INSERT INTO recipe_has_ingredient (recipe_name,recipe_cuisine_name,ingredient_name,quantity) VALUES (Palaw,Turkmen,carrots,183);
INSERT INTO recipe_has_ingredient (recipe_name,recipe_cuisine_name,ingredient_name,quantity) VALUES (Palaw,Turkmen,onions,250);
INSERT INTO recipe_has_ingredient (recipe_name,recipe_cuisine_name,ingredient_name,quantity) VALUES (Palaw,Turkmen,saffron,0);
INSERT INTO recipe_has_ingredient (recipe_name,recipe_cuisine_name,ingredient_name,quantity) VALUES (Palaw,Turkmen,salt,7);
INSERT INTO recipe_has_ingredient (recipe_name,recipe_cuisine_name,ingredient_name,quantity) VALUES (Palaw,Turkmen,oil,17);
INSERT INTO recipe_has_ingredient (recipe_name,recipe_cuisine_name,ingredient_name,quantity) VALUES (Shurpa,Turkmen,lamb,500);
INSERT INTO recipe_has_ingredient (recipe_name,recipe_cuisine_name,ingredient_name,quantity) VALUES (Shurpa,Turkmen,potato,639);
INSERT INTO recipe_has_ingredient (recipe_name,recipe_cuisine_name,ingredient_name,quantity) VALUES (Shurpa,Turkmen,carrots,122);
INSERT INTO recipe_has_ingredient (recipe_name,recipe_cuisine_name,ingredient_name,quantity) VALUES (Shurpa,Turkmen,onions,125);
INSERT INTO recipe_has_ingredient (recipe_name,recipe_cuisine_name,ingredient_name,quantity) VALUES (Shurpa,Turkmen,red bell pepper,119);
INSERT INTO recipe_has_ingredient (recipe_name,recipe_cuisine_name,ingredient_name,quantity) VALUES (Shurpa,Turkmen,dried thyme,7);
INSERT INTO recipe_has_ingredient (recipe_name,recipe_cuisine_name,ingredient_name,quantity) VALUES (Shurpa,Turkmen,salt,9);
INSERT INTO recipe_has_ingredient (recipe_name,recipe_cuisine_name,ingredient_name,quantity) VALUES (Shurpa,Turkmen,water,0);
INSERT INTO recipe_has_ingredient (recipe_name,recipe_cuisine_name,ingredient_name,quantity) VALUES (Bara Brith,Welsh,dried peach,300);
INSERT INTO recipe_has_ingredient (recipe_name,recipe_cuisine_name,ingredient_name,quantity) VALUES (Bara Brith,Welsh,black tea,250);
INSERT INTO recipe_has_ingredient (recipe_name,recipe_cuisine_name,ingredient_name,quantity) VALUES (Bara Brith,Welsh,flour,225);
INSERT INTO recipe_has_ingredient (recipe_name,recipe_cuisine_name,ingredient_name,quantity) VALUES (Bara Brith,Welsh,brown sugar,100);
INSERT INTO recipe_has_ingredient (recipe_name,recipe_cuisine_name,ingredient_name,quantity) VALUES (Bara Brith,Welsh,dried thyme,1);
INSERT INTO recipe_has_ingredient (recipe_name,recipe_cuisine_name,ingredient_name,quantity) VALUES (Bara Brith,Welsh,egg,43);
INSERT INTO recipe_has_ingredient (recipe_name,recipe_cuisine_name,ingredient_name,quantity) VALUES (Cawl,Welsh,lamb shoulder,500);
INSERT INTO recipe_has_ingredient (recipe_name,recipe_cuisine_name,ingredient_name,quantity) VALUES (Cawl,Welsh,potato,1107);
INSERT INTO recipe_has_ingredient (recipe_name,recipe_cuisine_name,ingredient_name,quantity) VALUES (Cawl,Welsh,carrots,122);
INSERT INTO recipe_has_ingredient (recipe_name,recipe_cuisine_name,ingredient_name,quantity) VALUES (Cawl,Welsh,leek,178);
INSERT INTO recipe_has_ingredient (recipe_name,recipe_cuisine_name,ingredient_name,quantity) VALUES (Cawl,Welsh,onions,125);
INSERT INTO recipe_has_ingredient (recipe_name,recipe_cuisine_name,ingredient_name,quantity) VALUES (Cawl,Welsh,water,0);
INSERT INTO recipe_has_ingredient (recipe_name,recipe_cuisine_name,ingredient_name,quantity) VALUES (Cawl,Welsh,salt,12);
INSERT INTO recipe_has_ingredient (recipe_name,recipe_cuisine_name,ingredient_name,quantity) VALUES (Cawl,Welsh,parsley,20);
INSERT INTO recipe_has_ingredient (recipe_name,recipe_cuisine_name,ingredient_name,quantity) VALUES (Welsh Rarebit,Welsh,butter,28);
INSERT INTO recipe_has_ingredient (recipe_name,recipe_cuisine_name,ingredient_name,quantity) VALUES (Welsh Rarebit,Welsh,flour,15);
INSERT INTO recipe_has_ingredient (recipe_name,recipe_cuisine_name,ingredient_name,quantity) VALUES (Welsh Rarebit,Welsh,stout,118);
INSERT INTO recipe_has_ingredient (recipe_name,recipe_cuisine_name,ingredient_name,quantity) VALUES (Welsh Rarebit,Welsh,cheddar cheese,198);
INSERT INTO recipe_has_ingredient (recipe_name,recipe_cuisine_name,ingredient_name,quantity) VALUES (Welsh Rarebit,Welsh,mustard,5);
INSERT INTO recipe_has_ingredient (recipe_name,recipe_cuisine_name,ingredient_name,quantity) VALUES (Welsh Rarebit,Welsh,worcestershire sauce,5);
INSERT INTO recipe_has_ingredient (recipe_name,recipe_cuisine_name,ingredient_name,quantity) VALUES (Welsh Rarebit,Welsh,salt,2);
INSERT INTO recipe_has_ingredient (recipe_name,recipe_cuisine_name,ingredient_name,quantity) VALUES (Welsh Rarebit,Welsh,bread,116);
INSERT INTO recipe_has_ingredient (recipe_name,recipe_cuisine_name,ingredient_name,quantity) VALUES (Tavë Kosi,Albanian,lamb,500);
INSERT INTO recipe_has_ingredient (recipe_name,recipe_cuisine_name,ingredient_name,quantity) VALUES (Tavë Kosi,Albanian,rice,195);
INSERT INTO recipe_has_ingredient (recipe_name,recipe_cuisine_name,ingredient_name,quantity) VALUES (Tavë Kosi,Albanian,water,473);
INSERT INTO recipe_has_ingredient (recipe_name,recipe_cuisine_name,ingredient_name,quantity) VALUES (Tavë Kosi,Albanian,yogurt,490);
INSERT INTO recipe_has_ingredient (recipe_name,recipe_cuisine_name,ingredient_name,quantity) VALUES (Tavë Kosi,Albanian,egg,129);
INSERT INTO recipe_has_ingredient (recipe_name,recipe_cuisine_name,ingredient_name,quantity) VALUES (Tavë Kosi,Albanian,flour,15);
INSERT INTO recipe_has_ingredient (recipe_name,recipe_cuisine_name,ingredient_name,quantity) VALUES (Tavë Kosi,Albanian,salt,10);
INSERT INTO recipe_has_ingredient (recipe_name,recipe_cuisine_name,ingredient_name,quantity) VALUES (Tavë Kosi,Albanian,olive oil,24);
INSERT INTO recipe_has_ingredient (recipe_name,recipe_cuisine_name,ingredient_name,quantity) VALUES (Bakllasarem,Albanian,phyllo dough,400);
INSERT INTO recipe_has_ingredient (recipe_name,recipe_cuisine_name,ingredient_name,quantity) VALUES (Bakllasarem,Albanian,walnuts,234);
INSERT INTO recipe_has_ingredient (recipe_name,recipe_cuisine_name,ingredient_name,quantity) VALUES (Bakllasarem,Albanian,sugar,200);
INSERT INTO recipe_has_ingredient (recipe_name,recipe_cuisine_name,ingredient_name,quantity) VALUES (Bakllasarem,Albanian,cinnamon,2);
INSERT INTO recipe_has_ingredient (recipe_name,recipe_cuisine_name,ingredient_name,quantity) VALUES (Bakllasarem,Albanian,butter,227);
INSERT INTO recipe_has_ingredient (recipe_name,recipe_cuisine_name,ingredient_name,quantity) VALUES (Bakllasarem,Albanian,water,236);
INSERT INTO recipe_has_ingredient (recipe_name,recipe_cuisine_name,ingredient_name,quantity) VALUES (Bakllasarem,Albanian,lemon juice,15);
INSERT INTO recipe_has_ingredient (recipe_name,recipe_cuisine_name,ingredient_name,quantity) VALUES (Fërgesë,Albanian,red bell pepper,238);
INSERT INTO recipe_has_ingredient (recipe_name,recipe_cuisine_name,ingredient_name,quantity) VALUES (Fërgesë,Albanian,onions,125);
INSERT INTO recipe_has_ingredient (recipe_name,recipe_cuisine_name,ingredient_name,quantity) VALUES (Fërgesë,Albanian,tomato,246);
INSERT INTO recipe_has_ingredient (recipe_name,recipe_cuisine_name,ingredient_name,quantity) VALUES (Fërgesë,Albanian,cottage cheese,200);
INSERT INTO recipe_has_ingredient (recipe_name,recipe_cuisine_name,ingredient_name,quantity) VALUES (Fërgesë,Albanian,salt,4);
INSERT INTO recipe_has_ingredient (recipe_name,recipe_cuisine_name,ingredient_name,quantity) VALUES (Fërgesë,Albanian,olive oil,11);
INSERT INTO recipe_has_ingredient (recipe_name,recipe_cuisine_name,ingredient_name,quantity) VALUES (Speca të mbushur,Albanian,red bell pepper,476);
INSERT INTO recipe_has_ingredient (recipe_name,recipe_cuisine_name,ingredient_name,quantity) VALUES (Speca të mbushur,Albanian,rice,195);
INSERT INTO recipe_has_ingredient (recipe_name,recipe_cuisine_name,ingredient_name,quantity) VALUES (Speca të mbushur,Albanian,canned shrimp,128);
INSERT INTO recipe_has_ingredient (recipe_name,recipe_cuisine_name,ingredient_name,quantity) VALUES (Speca të mbushur,Albanian,garlic,6);
INSERT INTO recipe_has_ingredient (recipe_name,recipe_cuisine_name,ingredient_name,quantity) VALUES (Speca të mbushur,Albanian,dried thyme,8);
INSERT INTO recipe_has_ingredient (recipe_name,recipe_cuisine_name,ingredient_name,quantity) VALUES (Speca të mbushur,Albanian,salt,4);
INSERT INTO recipe_has_ingredient (recipe_name,recipe_cuisine_name,ingredient_name,quantity) VALUES (Speca të mbushur,Albanian,lemon,7);
INSERT INTO recipe_has_ingredient (recipe_name,recipe_cuisine_name,ingredient_name,quantity) VALUES (Byrek me Spinaq,Albanian,phyllo dough,400);
INSERT INTO recipe_has_ingredient (recipe_name,recipe_cuisine_name,ingredient_name,quantity) VALUES (Byrek me Spinaq,Albanian,spinach,500);
INSERT INTO recipe_has_ingredient (recipe_name,recipe_cuisine_name,ingredient_name,quantity) VALUES (Byrek me Spinaq,Albanian,feta cheese,200);
INSERT INTO recipe_has_ingredient (recipe_name,recipe_cuisine_name,ingredient_name,quantity) VALUES (Byrek me Spinaq,Albanian,egg,129);
INSERT INTO recipe_has_ingredient (recipe_name,recipe_cuisine_name,ingredient_name,quantity) VALUES (Byrek me Spinaq,Albanian,olive oil,16);
INSERT INTO recipe_has_ingredient (recipe_name,recipe_cuisine_name,ingredient_name,quantity) VALUES (Jani me fasule,Albanian,white bean,453);
INSERT INTO recipe_has_ingredient (recipe_name,recipe_cuisine_name,ingredient_name,quantity) VALUES (Jani me fasule,Albanian,onions,150);
INSERT INTO recipe_has_ingredient (recipe_name,recipe_cuisine_name,ingredient_name,quantity) VALUES (Jani me fasule,Albanian,garlic,6);
INSERT INTO recipe_has_ingredient (recipe_name,recipe_cuisine_name,ingredient_name,quantity) VALUES (Jani me fasule,Albanian,tomato,246);
INSERT INTO recipe_has_ingredient (recipe_name,recipe_cuisine_name,ingredient_name,quantity) VALUES (Jani me fasule,Albanian,salt,5);
INSERT INTO recipe_has_ingredient (recipe_name,recipe_cuisine_name,ingredient_name,quantity) VALUES (Jani me fasule,Albanian,chili powder,0);
INSERT INTO recipe_has_ingredient (recipe_name,recipe_cuisine_name,ingredient_name,quantity) VALUES (Jani me fasule,Albanian,olive oil,11);
INSERT INTO recipe_has_ingredient (recipe_name,recipe_cuisine_name,ingredient_name,quantity) VALUES (Shëndetli,Albanian,walnuts,80);
INSERT INTO recipe_has_ingredient (recipe_name,recipe_cuisine_name,ingredient_name,quantity) VALUES (Shëndetli,Albanian,sugar,200);
INSERT INTO recipe_has_ingredient (recipe_name,recipe_cuisine_name,ingredient_name,quantity) VALUES (Shëndetli,Albanian,egg,172);
INSERT INTO recipe_has_ingredient (recipe_name,recipe_cuisine_name,ingredient_name,quantity) VALUES (Shëndetli,Albanian,water,236);
INSERT INTO recipe_has_ingredient (recipe_name,recipe_cuisine_name,ingredient_name,quantity) VALUES (Shëndetli,Albanian,lemon juice,15);
INSERT INTO recipe_has_ingredient (recipe_name,recipe_cuisine_name,ingredient_name,quantity) VALUES (Qifqi,Albanian,rice,195);
INSERT INTO recipe_has_ingredient (recipe_name,recipe_cuisine_name,ingredient_name,quantity) VALUES (Qifqi,Albanian,egg,86);
INSERT INTO recipe_has_ingredient (recipe_name,recipe_cuisine_name,ingredient_name,quantity) VALUES (Qifqi,Albanian,mint,0);
INSERT INTO recipe_has_ingredient (recipe_name,recipe_cuisine_name,ingredient_name,quantity) VALUES (Qifqi,Albanian,salt,1);
INSERT INTO recipe_has_ingredient (recipe_name,recipe_cuisine_name,ingredient_name,quantity) VALUES (Qifqi,Albanian,vegetable oil,3);
INSERT INTO recipe_has_ingredient (recipe_name,recipe_cuisine_name,ingredient_name,quantity) VALUES (Përime në zgare,Albanian,zucchini,196);
INSERT INTO recipe_has_ingredient (recipe_name,recipe_cuisine_name,ingredient_name,quantity) VALUES (Përime në zgare,Albanian,red bell pepper,238);
INSERT INTO recipe_has_ingredient (recipe_name,recipe_cuisine_name,ingredient_name,quantity) VALUES (Përime në zgare,Albanian,eggplant,548);
INSERT INTO recipe_has_ingredient (recipe_name,recipe_cuisine_name,ingredient_name,quantity) VALUES (Përime në zgare,Albanian,tomato,246);
INSERT INTO recipe_has_ingredient (recipe_name,recipe_cuisine_name,ingredient_name,quantity) VALUES (Përime në zgare,Albanian,olive oil,16);
INSERT INTO recipe_has_ingredient (recipe_name,recipe_cuisine_name,ingredient_name,quantity) VALUES (Përime në zgare,Albanian,garlic,3);
INSERT INTO recipe_has_ingredient (recipe_name,recipe_cuisine_name,ingredient_name,quantity) VALUES (Përime në zgare,Albanian,parsley,12);
INSERT INTO recipe_has_ingredient (recipe_name,recipe_cuisine_name,ingredient_name,quantity) VALUES (Përime në zgare,Albanian,salt,7);
INSERT INTO recipe_has_ingredient (recipe_name,recipe_cuisine_name,ingredient_name,quantity) VALUES (Mish me midhje,Albanian,mussels,1000);
INSERT INTO recipe_has_ingredient (recipe_name,recipe_cuisine_name,ingredient_name,quantity) VALUES (Mish me midhje,Albanian,garlic,6);
INSERT INTO recipe_has_ingredient (recipe_name,recipe_cuisine_name,ingredient_name,quantity) VALUES (Mish me midhje,Albanian,white wine,235);
INSERT INTO recipe_has_ingredient (recipe_name,recipe_cuisine_name,ingredient_name,quantity) VALUES (Mish me midhje,Albanian,parsley,12);
INSERT INTO recipe_has_ingredient (recipe_name,recipe_cuisine_name,ingredient_name,quantity) VALUES (Mish me midhje,Albanian,olive oil,16);
INSERT INTO recipe_has_ingredient (recipe_name,recipe_cuisine_name,ingredient_name,quantity) VALUES (Mish me midhje,Albanian,salt,7);
INSERT INTO recipe_has_ingredient (recipe_name,recipe_cuisine_name,ingredient_name,quantity) VALUES (Cheeseburger,American,ground beef,453);
INSERT INTO recipe_has_ingredient (recipe_name,recipe_cuisine_name,ingredient_name,quantity) VALUES (Cheeseburger,American,cheddar cheese,112);
INSERT INTO recipe_has_ingredient (recipe_name,recipe_cuisine_name,ingredient_name,quantity) VALUES (Cheeseburger,American,hamburger buns,176);
INSERT INTO recipe_has_ingredient (recipe_name,recipe_cuisine_name,ingredient_name,quantity) VALUES (Cheeseburger,American,lettuce,5);
INSERT INTO recipe_has_ingredient (recipe_name,recipe_cuisine_name,ingredient_name,quantity) VALUES (Cheeseburger,American,tomato,123);
INSERT INTO recipe_has_ingredient (recipe_name,recipe_cuisine_name,ingredient_name,quantity) VALUES (Cheeseburger,American,onions,125);
INSERT INTO recipe_has_ingredient (recipe_name,recipe_cuisine_name,ingredient_name,quantity) VALUES (Cheeseburger,American,pickle,0);
INSERT INTO recipe_has_ingredient (recipe_name,recipe_cuisine_name,ingredient_name,quantity) VALUES (Cheeseburger,American,salt,5);
INSERT INTO recipe_has_ingredient (recipe_name,recipe_cuisine_name,ingredient_name,quantity) VALUES (Apple Pie,American,unbleached flour,250);
INSERT INTO recipe_has_ingredient (recipe_name,recipe_cuisine_name,ingredient_name,quantity) VALUES (Apple Pie,American,butter,113);
INSERT INTO recipe_has_ingredient (recipe_name,recipe_cuisine_name,ingredient_name,quantity) VALUES (Apple Pie,American,apple,728);
INSERT INTO recipe_has_ingredient (recipe_name,recipe_cuisine_name,ingredient_name,quantity) VALUES (Apple Pie,American,sugar,150);
INSERT INTO recipe_has_ingredient (recipe_name,recipe_cuisine_name,ingredient_name,quantity) VALUES (Apple Pie,American,cinnamon,2);
INSERT INTO recipe_has_ingredient (recipe_name,recipe_cuisine_name,ingredient_name,quantity) VALUES (Apple Pie,American,water,0);
INSERT INTO recipe_has_ingredient (recipe_name,recipe_cuisine_name,ingredient_name,quantity) VALUES (Apple Pie,American,salt,7);
INSERT INTO recipe_has_ingredient (recipe_name,recipe_cuisine_name,ingredient_name,quantity) VALUES (Fried Chicken,American,chicken,715);
INSERT INTO recipe_has_ingredient (recipe_name,recipe_cuisine_name,ingredient_name,quantity) VALUES (Fried Chicken,American,flour,250);
INSERT INTO recipe_has_ingredient (recipe_name,recipe_cuisine_name,ingredient_name,quantity) VALUES (Fried Chicken,American,egg,43);
INSERT INTO recipe_has_ingredient (recipe_name,recipe_cuisine_name,ingredient_name,quantity) VALUES (Fried Chicken,American,paprika,2);
INSERT INTO recipe_has_ingredient (recipe_name,recipe_cuisine_name,ingredient_name,quantity) VALUES (Fried Chicken,American,garlic powder,3);
INSERT INTO recipe_has_ingredient (recipe_name,recipe_cuisine_name,ingredient_name,quantity) VALUES (Fried Chicken,American,salt,6);
INSERT INTO recipe_has_ingredient (recipe_name,recipe_cuisine_name,ingredient_name,quantity) VALUES (Fried Chicken,American,oil,13);
INSERT INTO recipe_has_ingredient (recipe_name,recipe_cuisine_name,ingredient_name,quantity) VALUES (Macaroni and Cheese,American,pasta,210);
INSERT INTO recipe_has_ingredient (recipe_name,recipe_cuisine_name,ingredient_name,quantity) VALUES (Macaroni and Cheese,American,butter,28);
INSERT INTO recipe_has_ingredient (recipe_name,recipe_cuisine_name,ingredient_name,quantity) VALUES (Macaroni and Cheese,American,unbleached flour,15);
INSERT INTO recipe_has_ingredient (recipe_name,recipe_cuisine_name,ingredient_name,quantity) VALUES (Macaroni and Cheese,American,whole milk,488);
INSERT INTO recipe_has_ingredient (recipe_name,recipe_cuisine_name,ingredient_name,quantity) VALUES (Macaroni and Cheese,American,cheddar cheese,264);
INSERT INTO recipe_has_ingredient (recipe_name,recipe_cuisine_name,ingredient_name,quantity) VALUES (Macaroni and Cheese,American,salt,6);
INSERT INTO recipe_has_ingredient (recipe_name,recipe_cuisine_name,ingredient_name,quantity) VALUES (Macaroni and Cheese,American,breadcrumbs,54);
INSERT INTO recipe_has_ingredient (recipe_name,recipe_cuisine_name,ingredient_name,quantity) VALUES (Barbecue Ribs,American,ribs,2594);
INSERT INTO recipe_has_ingredient (recipe_name,recipe_cuisine_name,ingredient_name,quantity) VALUES (Barbecue Ribs,American,paprika,13);
INSERT INTO recipe_has_ingredient (recipe_name,recipe_cuisine_name,ingredient_name,quantity) VALUES (Barbecue Ribs,American,garlic powder,9);
INSERT INTO recipe_has_ingredient (recipe_name,recipe_cuisine_name,ingredient_name,quantity) VALUES (Barbecue Ribs,American,brown sugar,18);
INSERT INTO recipe_has_ingredient (recipe_name,recipe_cuisine_name,ingredient_name,quantity) VALUES (Barbecue Ribs,American,salt,15);
INSERT INTO recipe_has_ingredient (recipe_name,recipe_cuisine_name,ingredient_name,quantity) VALUES (Barbecue Ribs,American,barbecue sauce,0);
INSERT INTO recipe_has_ingredient (recipe_name,recipe_cuisine_name,ingredient_name,quantity) VALUES (Pancakes,American,unbleached flour,125);
INSERT INTO recipe_has_ingredient (recipe_name,recipe_cuisine_name,ingredient_name,quantity) VALUES (Pancakes,American,sugar,24);
INSERT INTO recipe_has_ingredient (recipe_name,recipe_cuisine_name,ingredient_name,quantity) VALUES (Pancakes,American,baking powder,9);
INSERT INTO recipe_has_ingredient (recipe_name,recipe_cuisine_name,ingredient_name,quantity) VALUES (Pancakes,American,salt,3);
INSERT INTO recipe_has_ingredient (recipe_name,recipe_cuisine_name,ingredient_name,quantity) VALUES (Pancakes,American,whole milk,244);
INSERT INTO recipe_has_ingredient (recipe_name,recipe_cuisine_name,ingredient_name,quantity) VALUES (Pancakes,American,egg,43);
INSERT INTO recipe_has_ingredient (recipe_name,recipe_cuisine_name,ingredient_name,quantity) VALUES (Pancakes,American,butter,28);
INSERT INTO recipe_has_ingredient (recipe_name,recipe_cuisine_name,ingredient_name,quantity) VALUES (Pancakes,American,maple syrup,83);
INSERT INTO recipe_has_ingredient (recipe_name,recipe_cuisine_name,ingredient_name,quantity) VALUES (Chocolate Chip Cookies,American,unbleached flour,281);
INSERT INTO recipe_has_ingredient (recipe_name,recipe_cuisine_name,ingredient_name,quantity) VALUES (Chocolate Chip Cookies,American,baking soda,2);
INSERT INTO recipe_has_ingredient (recipe_name,recipe_cuisine_name,ingredient_name,quantity) VALUES (Chocolate Chip Cookies,American,butter,227);
INSERT INTO recipe_has_ingredient (recipe_name,recipe_cuisine_name,ingredient_name,quantity) VALUES (Chocolate Chip Cookies,American,sugar,100);
INSERT INTO recipe_has_ingredient (recipe_name,recipe_cuisine_name,ingredient_name,quantity) VALUES (Chocolate Chip Cookies,American,brown sugar,220);
INSERT INTO recipe_has_ingredient (recipe_name,recipe_cuisine_name,ingredient_name,quantity) VALUES (Chocolate Chip Cookies,American,vanilla extract,8);
INSERT INTO recipe_has_ingredient (recipe_name,recipe_cuisine_name,ingredient_name,quantity) VALUES (Chocolate Chip Cookies,American,egg,86);
INSERT INTO recipe_has_ingredient (recipe_name,recipe_cuisine_name,ingredient_name,quantity) VALUES (Chocolate Chip Cookies,American,chocolate chip,448);
INSERT INTO recipe_has_ingredient (recipe_name,recipe_cuisine_name,ingredient_name,quantity) VALUES (BLT Sandwich,American,bacon,232);
INSERT INTO recipe_has_ingredient (recipe_name,recipe_cuisine_name,ingredient_name,quantity) VALUES (BLT Sandwich,American,bread,116);
INSERT INTO recipe_has_ingredient (recipe_name,recipe_cuisine_name,ingredient_name,quantity) VALUES (BLT Sandwich,American,lettuce,5);
INSERT INTO recipe_has_ingredient (recipe_name,recipe_cuisine_name,ingredient_name,quantity) VALUES (BLT Sandwich,American,tomato,123);
INSERT INTO recipe_has_ingredient (recipe_name,recipe_cuisine_name,ingredient_name,quantity) VALUES (BLT Sandwich,American,mayonnaise,0);
INSERT INTO recipe_has_ingredient (recipe_name,recipe_cuisine_name,ingredient_name,quantity) VALUES (Clam Chowder,American,bacon,116);
INSERT INTO recipe_has_ingredient (recipe_name,recipe_cuisine_name,ingredient_name,quantity) VALUES (Clam Chowder,American,onions,125);
INSERT INTO recipe_has_ingredient (recipe_name,recipe_cuisine_name,ingredient_name,quantity) VALUES (Clam Chowder,American,celery,80);
INSERT INTO recipe_has_ingredient (recipe_name,recipe_cuisine_name,ingredient_name,quantity) VALUES (Clam Chowder,American,potato,426);
INSERT INTO recipe_has_ingredient (recipe_name,recipe_cuisine_name,ingredient_name,quantity) VALUES (Clam Chowder,American,clams,600);
INSERT INTO recipe_has_ingredient (recipe_name,recipe_cuisine_name,ingredient_name,quantity) VALUES (Clam Chowder,American,water,236);
INSERT INTO recipe_has_ingredient (recipe_name,recipe_cuisine_name,ingredient_name,quantity) VALUES (Clam Chowder,American,cream,238);
INSERT INTO recipe_has_ingredient (recipe_name,recipe_cuisine_name,ingredient_name,quantity) VALUES (Clam Chowder,American,salt,11);
INSERT INTO recipe_has_ingredient (recipe_name,recipe_cuisine_name,ingredient_name,quantity) VALUES (Clam Chowder,American,saltine crackers,15);
INSERT INTO recipe_has_ingredient (recipe_name,recipe_cuisine_name,ingredient_name,quantity) VALUES (Brownies,American,butter,113);
INSERT INTO recipe_has_ingredient (recipe_name,recipe_cuisine_name,ingredient_name,quantity) VALUES (Brownies,American,chocolate,173);
INSERT INTO recipe_has_ingredient (recipe_name,recipe_cuisine_name,ingredient_name,quantity) VALUES (Brownies,American,sugar,200);
INSERT INTO recipe_has_ingredient (recipe_name,recipe_cuisine_name,ingredient_name,quantity) VALUES (Brownies,American,egg,86);
INSERT INTO recipe_has_ingredient (recipe_name,recipe_cuisine_name,ingredient_name,quantity) VALUES (Brownies,American,vanilla extract,4);
INSERT INTO recipe_has_ingredient (recipe_name,recipe_cuisine_name,ingredient_name,quantity) VALUES (Brownies,American,unbleached flour,93);
INSERT INTO recipe_has_ingredient (recipe_name,recipe_cuisine_name,ingredient_name,quantity) VALUES (Brownies,American,unsweetened cocoa powder,21);
INSERT INTO recipe_has_ingredient (recipe_name,recipe_cuisine_name,ingredient_name,quantity) VALUES (Brownies,American,salt,3);
INSERT INTO recipe_has_ingredient (recipe_name,recipe_cuisine_name,ingredient_name,quantity) VALUES (Shopska Salata,Bulgarian,tomato,369);
INSERT INTO recipe_has_ingredient (recipe_name,recipe_cuisine_name,ingredient_name,quantity) VALUES (Shopska Salata,Bulgarian,cucumber,301);
INSERT INTO recipe_has_ingredient (recipe_name,recipe_cuisine_name,ingredient_name,quantity) VALUES (Shopska Salata,Bulgarian,onions,125);
INSERT INTO recipe_has_ingredient (recipe_name,recipe_cuisine_name,ingredient_name,quantity) VALUES (Shopska Salata,Bulgarian,cheddar cheese,200);
INSERT INTO recipe_has_ingredient (recipe_name,recipe_cuisine_name,ingredient_name,quantity) VALUES (Shopska Salata,Bulgarian,olive oil,13);
INSERT INTO recipe_has_ingredient (recipe_name,recipe_cuisine_name,ingredient_name,quantity) VALUES (Shopska Salata,Bulgarian,salt,5);
INSERT INTO recipe_has_ingredient (recipe_name,recipe_cuisine_name,ingredient_name,quantity) VALUES (Shopska Salata,Bulgarian,parsley,9);
INSERT INTO recipe_has_ingredient (recipe_name,recipe_cuisine_name,ingredient_name,quantity) VALUES (Kavarma,Bulgarian,pork,500);
INSERT INTO recipe_has_ingredient (recipe_name,recipe_cuisine_name,ingredient_name,quantity) VALUES (Kavarma,Bulgarian,onions,250);
INSERT INTO recipe_has_ingredient (recipe_name,recipe_cuisine_name,ingredient_name,quantity) VALUES (Kavarma,Bulgarian,red bell pepper,119);
INSERT INTO recipe_has_ingredient (recipe_name,recipe_cuisine_name,ingredient_name,quantity) VALUES (Kavarma,Bulgarian,white mushroom,200);
INSERT INTO recipe_has_ingredient (recipe_name,recipe_cuisine_name,ingredient_name,quantity) VALUES (Kavarma,Bulgarian,paprika,6);
INSERT INTO recipe_has_ingredient (recipe_name,recipe_cuisine_name,ingredient_name,quantity) VALUES (Kavarma,Bulgarian,white wine,99);
INSERT INTO recipe_has_ingredient (recipe_name,recipe_cuisine_name,ingredient_name,quantity) VALUES (Kavarma,Bulgarian,tomato paste,32);
INSERT INTO recipe_has_ingredient (recipe_name,recipe_cuisine_name,ingredient_name,quantity) VALUES (Kavarma,Bulgarian,salt,7);
INSERT INTO recipe_has_ingredient (recipe_name,recipe_cuisine_name,ingredient_name,quantity) VALUES (Kavarma,Bulgarian,parsley,12);
INSERT INTO recipe_has_ingredient (recipe_name,recipe_cuisine_name,ingredient_name,quantity) VALUES (Banitsa,Bulgarian,phyllo dough,400);
INSERT INTO recipe_has_ingredient (recipe_name,recipe_cuisine_name,ingredient_name,quantity) VALUES (Banitsa,Bulgarian,egg,258);
INSERT INTO recipe_has_ingredient (recipe_name,recipe_cuisine_name,ingredient_name,quantity) VALUES (Banitsa,Bulgarian,cheddar cheese,300);
INSERT INTO recipe_has_ingredient (recipe_name,recipe_cuisine_name,ingredient_name,quantity) VALUES (Banitsa,Bulgarian,yogurt,245);
INSERT INTO recipe_has_ingredient (recipe_name,recipe_cuisine_name,ingredient_name,quantity) VALUES (Banitsa,Bulgarian,butter,100);
INSERT INTO recipe_has_ingredient (recipe_name,recipe_cuisine_name,ingredient_name,quantity) VALUES (Mekitsa,Bulgarian,flour,500);
INSERT INTO recipe_has_ingredient (recipe_name,recipe_cuisine_name,ingredient_name,quantity) VALUES (Mekitsa,Bulgarian,yeast,7);
INSERT INTO recipe_has_ingredient (recipe_name,recipe_cuisine_name,ingredient_name,quantity) VALUES (Mekitsa,Bulgarian,yogurt,245);
INSERT INTO recipe_has_ingredient (recipe_name,recipe_cuisine_name,ingredient_name,quantity) VALUES (Mekitsa,Bulgarian,water,0);
INSERT INTO recipe_has_ingredient (recipe_name,recipe_cuisine_name,ingredient_name,quantity) VALUES (Mekitsa,Bulgarian,oil,10);
INSERT INTO recipe_has_ingredient (recipe_name,recipe_cuisine_name,ingredient_name,quantity) VALUES (Mekitsa,Bulgarian,powdered sugar,3);
INSERT INTO recipe_has_ingredient (recipe_name,recipe_cuisine_name,ingredient_name,quantity) VALUES (Musaka,Bulgarian,potato,1476);
INSERT INTO recipe_has_ingredient (recipe_name,recipe_cuisine_name,ingredient_name,quantity) VALUES (Musaka,Bulgarian,beef,500);
INSERT INTO recipe_has_ingredient (recipe_name,recipe_cuisine_name,ingredient_name,quantity) VALUES (Musaka,Bulgarian,egg,86);
INSERT INTO recipe_has_ingredient (recipe_name,recipe_cuisine_name,ingredient_name,quantity) VALUES (Musaka,Bulgarian,yogurt,200);
INSERT INTO recipe_has_ingredient (recipe_name,recipe_cuisine_name,ingredient_name,quantity) VALUES (Musaka,Bulgarian,salt,13);
INSERT INTO recipe_has_ingredient (recipe_name,recipe_cuisine_name,ingredient_name,quantity) VALUES (Tarator,Bulgarian,yogurt,500);
INSERT INTO recipe_has_ingredient (recipe_name,recipe_cuisine_name,ingredient_name,quantity) VALUES (Tarator,Bulgarian,cucumber,301);
INSERT INTO recipe_has_ingredient (recipe_name,recipe_cuisine_name,ingredient_name,quantity) VALUES (Tarator,Bulgarian,garlic,6);
INSERT INTO recipe_has_ingredient (recipe_name,recipe_cuisine_name,ingredient_name,quantity) VALUES (Tarator,Bulgarian,dill weed,1);
INSERT INTO recipe_has_ingredient (recipe_name,recipe_cuisine_name,ingredient_name,quantity) VALUES (Tarator,Bulgarian,walnuts,50);
INSERT INTO recipe_has_ingredient (recipe_name,recipe_cuisine_name,ingredient_name,quantity) VALUES (Tarator,Bulgarian,water,0);
INSERT INTO recipe_has_ingredient (recipe_name,recipe_cuisine_name,ingredient_name,quantity) VALUES (Tarator,Bulgarian,salt,5);
INSERT INTO recipe_has_ingredient (recipe_name,recipe_cuisine_name,ingredient_name,quantity) VALUES (Tarator,Bulgarian,olive oil,11);
INSERT INTO recipe_has_ingredient (recipe_name,recipe_cuisine_name,ingredient_name,quantity) VALUES (Kadaif,Bulgarian,dough,500);
INSERT INTO recipe_has_ingredient (recipe_name,recipe_cuisine_name,ingredient_name,quantity) VALUES (Kadaif,Bulgarian,nuts,200);
INSERT INTO recipe_has_ingredient (recipe_name,recipe_cuisine_name,ingredient_name,quantity) VALUES (Kadaif,Bulgarian,butter,100);
INSERT INTO recipe_has_ingredient (recipe_name,recipe_cuisine_name,ingredient_name,quantity) VALUES (Kadaif,Bulgarian,sugar,400);
INSERT INTO recipe_has_ingredient (recipe_name,recipe_cuisine_name,ingredient_name,quantity) VALUES (Kadaif,Bulgarian,water,236);
INSERT INTO recipe_has_ingredient (recipe_name,recipe_cuisine_name,ingredient_name,quantity) VALUES (Kadaif,Bulgarian,lemon,84);
INSERT INTO recipe_has_ingredient (recipe_name,recipe_cuisine_name,ingredient_name,quantity) VALUES (Bulgarian Cheese Toast,Bulgarian,bread,116);
INSERT INTO recipe_has_ingredient (recipe_name,recipe_cuisine_name,ingredient_name,quantity) VALUES (Bulgarian Cheese Toast,Bulgarian,cheddar cheese,200);
INSERT INTO recipe_has_ingredient (recipe_name,recipe_cuisine_name,ingredient_name,quantity) VALUES (Bulgarian Cheese Toast,Bulgarian,egg,86);
INSERT INTO recipe_has_ingredient (recipe_name,recipe_cuisine_name,ingredient_name,quantity) VALUES (Bulgarian Cheese Toast,Bulgarian,butter,5);
INSERT INTO recipe_has_ingredient (recipe_name,recipe_cuisine_name,ingredient_name,quantity) VALUES (Garash Cake,Bulgarian,egg white,158);
INSERT INTO recipe_has_ingredient (recipe_name,recipe_cuisine_name,ingredient_name,quantity) VALUES (Garash Cake,Bulgarian,sugar,150);
INSERT INTO recipe_has_ingredient (recipe_name,recipe_cuisine_name,ingredient_name,quantity) VALUES (Garash Cake,Bulgarian,walnuts,150);
INSERT INTO recipe_has_ingredient (recipe_name,recipe_cuisine_name,ingredient_name,quantity) VALUES (Garash Cake,Bulgarian,flour,50);
INSERT INTO recipe_has_ingredient (recipe_name,recipe_cuisine_name,ingredient_name,quantity) VALUES (Garash Cake,Bulgarian,dark chocolate,200);
INSERT INTO recipe_has_ingredient (recipe_name,recipe_cuisine_name,ingredient_name,quantity) VALUES (Garash Cake,Bulgarian,heavy whipping cream,201);
INSERT INTO recipe_has_ingredient (recipe_name,recipe_cuisine_name,ingredient_name,quantity) VALUES (Sarmi,Bulgarian,cabbage,952);
INSERT INTO recipe_has_ingredient (recipe_name,recipe_cuisine_name,ingredient_name,quantity) VALUES (Sarmi,Bulgarian,beef,500);
INSERT INTO recipe_has_ingredient (recipe_name,recipe_cuisine_name,ingredient_name,quantity) VALUES (Sarmi,Bulgarian,rice,195);
INSERT INTO recipe_has_ingredient (recipe_name,recipe_cuisine_name,ingredient_name,quantity) VALUES (Sarmi,Bulgarian,onions,125);
INSERT INTO recipe_has_ingredient (recipe_name,recipe_cuisine_name,ingredient_name,quantity) VALUES (Sarmi,Bulgarian,tomato sauce,490);
INSERT INTO recipe_has_ingredient (recipe_name,recipe_cuisine_name,ingredient_name,quantity) VALUES (Sarmi,Bulgarian,dried thyme,22);
INSERT INTO recipe_has_ingredient (recipe_name,recipe_cuisine_name,ingredient_name,quantity) VALUES (Sarmi,Bulgarian,salt,13);
INSERT INTO recipe_has_ingredient (recipe_name,recipe_cuisine_name,ingredient_name,quantity) VALUES (Beef Stroganoff,Russian,sirloin steak,500);
INSERT INTO recipe_has_ingredient (recipe_name,recipe_cuisine_name,ingredient_name,quantity) VALUES (Beef Stroganoff,Russian,onions,125);
INSERT INTO recipe_has_ingredient (recipe_name,recipe_cuisine_name,ingredient_name,quantity) VALUES (Beef Stroganoff,Russian,mustard,31);
INSERT INTO recipe_has_ingredient (recipe_name,recipe_cuisine_name,ingredient_name,quantity) VALUES (Beef Stroganoff,Russian,beef broth,202);
INSERT INTO recipe_has_ingredient (recipe_name,recipe_cuisine_name,ingredient_name,quantity) VALUES (Beef Stroganoff,Russian,sour cream,194);
INSERT INTO recipe_has_ingredient (recipe_name,recipe_cuisine_name,ingredient_name,quantity) VALUES (Beef Stroganoff,Russian,salt,6);
INSERT INTO recipe_has_ingredient (recipe_name,recipe_cuisine_name,ingredient_name,quantity) VALUES (Beef Stroganoff,Russian,vegetable oil,28);
INSERT INTO recipe_has_ingredient (recipe_name,recipe_cuisine_name,ingredient_name,quantity) VALUES (Medovik,Russian,honey,63);
INSERT INTO recipe_has_ingredient (recipe_name,recipe_cuisine_name,ingredient_name,quantity) VALUES (Medovik,Russian,sugar,150);
INSERT INTO recipe_has_ingredient (recipe_name,recipe_cuisine_name,ingredient_name,quantity) VALUES (Medovik,Russian,egg,129);
INSERT INTO recipe_has_ingredient (recipe_name,recipe_cuisine_name,ingredient_name,quantity) VALUES (Medovik,Russian,baking soda,4);
INSERT INTO recipe_has_ingredient (recipe_name,recipe_cuisine_name,ingredient_name,quantity) VALUES (Medovik,Russian,flour,375);
INSERT INTO recipe_has_ingredient (recipe_name,recipe_cuisine_name,ingredient_name,quantity) VALUES (Medovik,Russian,sour cream,486);
INSERT INTO recipe_has_ingredient (recipe_name,recipe_cuisine_name,ingredient_name,quantity) VALUES (Medovik,Russian,vanilla extract,4);
INSERT INTO recipe_has_ingredient (recipe_name,recipe_cuisine_name,ingredient_name,quantity) VALUES (Borscht,Russian,beets,246);
INSERT INTO recipe_has_ingredient (recipe_name,recipe_cuisine_name,ingredient_name,quantity) VALUES (Borscht,Russian,onions,150);
INSERT INTO recipe_has_ingredient (recipe_name,recipe_cuisine_name,ingredient_name,quantity) VALUES (Borscht,Russian,carrots,122);
INSERT INTO recipe_has_ingredient (recipe_name,recipe_cuisine_name,ingredient_name,quantity) VALUES (Borscht,Russian,cabbage,476);
INSERT INTO recipe_has_ingredient (recipe_name,recipe_cuisine_name,ingredient_name,quantity) VALUES (Borscht,Russian,potato,738);
INSERT INTO recipe_has_ingredient (recipe_name,recipe_cuisine_name,ingredient_name,quantity) VALUES (Borscht,Russian,white vinegar,14);
INSERT INTO recipe_has_ingredient (recipe_name,recipe_cuisine_name,ingredient_name,quantity) VALUES (Borscht,Russian,sugar,4);
INSERT INTO recipe_has_ingredient (recipe_name,recipe_cuisine_name,ingredient_name,quantity) VALUES (Borscht,Russian,salt,10);
INSERT INTO recipe_has_ingredient (recipe_name,recipe_cuisine_name,ingredient_name,quantity) VALUES (Borscht,Russian,sour cream,0);
INSERT INTO recipe_has_ingredient (recipe_name,recipe_cuisine_name,ingredient_name,quantity) VALUES (Borscht,Russian,dill weed,0);
INSERT INTO recipe_has_ingredient (recipe_name,recipe_cuisine_name,ingredient_name,quantity) VALUES (Pelmeni,Russian,flour,250);
INSERT INTO recipe_has_ingredient (recipe_name,recipe_cuisine_name,ingredient_name,quantity) VALUES (Pelmeni,Russian,egg,43);
INSERT INTO recipe_has_ingredient (recipe_name,recipe_cuisine_name,ingredient_name,quantity) VALUES (Pelmeni,Russian,water,118);
INSERT INTO recipe_has_ingredient (recipe_name,recipe_cuisine_name,ingredient_name,quantity) VALUES (Pelmeni,Russian,salt,6);
INSERT INTO recipe_has_ingredient (recipe_name,recipe_cuisine_name,ingredient_name,quantity) VALUES (Pelmeni,Russian,pork,300);
INSERT INTO recipe_has_ingredient (recipe_name,recipe_cuisine_name,ingredient_name,quantity) VALUES (Pelmeni,Russian,beef,300);
INSERT INTO recipe_has_ingredient (recipe_name,recipe_cuisine_name,ingredient_name,quantity) VALUES (Pelmeni,Russian,onions,125);
INSERT INTO recipe_has_ingredient (recipe_name,recipe_cuisine_name,ingredient_name,quantity) VALUES (Pelmeni,Russian,black pepper,3);
INSERT INTO recipe_has_ingredient (recipe_name,recipe_cuisine_name,ingredient_name,quantity) VALUES (Syrniki,Russian,cheddar cheese,250);
INSERT INTO recipe_has_ingredient (recipe_name,recipe_cuisine_name,ingredient_name,quantity) VALUES (Syrniki,Russian,egg,86);
INSERT INTO recipe_has_ingredient (recipe_name,recipe_cuisine_name,ingredient_name,quantity) VALUES (Syrniki,Russian,flour,23);
INSERT INTO recipe_has_ingredient (recipe_name,recipe_cuisine_name,ingredient_name,quantity) VALUES (Syrniki,Russian,sugar,24);
INSERT INTO recipe_has_ingredient (recipe_name,recipe_cuisine_name,ingredient_name,quantity) VALUES (Syrniki,Russian,vanilla extract,4);
INSERT INTO recipe_has_ingredient (recipe_name,recipe_cuisine_name,ingredient_name,quantity) VALUES (Kasha,Russian,buckwheat groat,164);
INSERT INTO recipe_has_ingredient (recipe_name,recipe_cuisine_name,ingredient_name,quantity) VALUES (Kasha,Russian,water,473);
INSERT INTO recipe_has_ingredient (recipe_name,recipe_cuisine_name,ingredient_name,quantity) VALUES (Kasha,Russian,salt,3);
INSERT INTO recipe_has_ingredient (recipe_name,recipe_cuisine_name,ingredient_name,quantity) VALUES (Kasha,Russian,whole milk,0);
INSERT INTO recipe_has_ingredient (recipe_name,recipe_cuisine_name,ingredient_name,quantity) VALUES (Pryaniki,Russian,honey,339);
INSERT INTO recipe_has_ingredient (recipe_name,recipe_cuisine_name,ingredient_name,quantity) VALUES (Pryaniki,Russian,sugar,100);
INSERT INTO recipe_has_ingredient (recipe_name,recipe_cuisine_name,ingredient_name,quantity) VALUES (Pryaniki,Russian,egg,86);
INSERT INTO recipe_has_ingredient (recipe_name,recipe_cuisine_name,ingredient_name,quantity) VALUES (Pryaniki,Russian,butter,113);
INSERT INTO recipe_has_ingredient (recipe_name,recipe_cuisine_name,ingredient_name,quantity) VALUES (Pryaniki,Russian,flour,375);
INSERT INTO recipe_has_ingredient (recipe_name,recipe_cuisine_name,ingredient_name,quantity) VALUES (Pryaniki,Russian,ginger,2);
INSERT INTO recipe_has_ingredient (recipe_name,recipe_cuisine_name,ingredient_name,quantity) VALUES (Pryaniki,Russian,cloves,2);
INSERT INTO recipe_has_ingredient (recipe_name,recipe_cuisine_name,ingredient_name,quantity) VALUES (Pryaniki,Russian,powdered sugar,12);
INSERT INTO recipe_has_ingredient (recipe_name,recipe_cuisine_name,ingredient_name,quantity) VALUES (Pryaniki,Russian,lemon juice,0);
INSERT INTO recipe_has_ingredient (recipe_name,recipe_cuisine_name,ingredient_name,quantity) VALUES (Zefir,Russian,apple,728);
INSERT INTO recipe_has_ingredient (recipe_name,recipe_cuisine_name,ingredient_name,quantity) VALUES (Zefir,Russian,sugar,200);
INSERT INTO recipe_has_ingredient (recipe_name,recipe_cuisine_name,ingredient_name,quantity) VALUES (Zefir,Russian,egg white,52);
INSERT INTO recipe_has_ingredient (recipe_name,recipe_cuisine_name,ingredient_name,quantity) VALUES (Olivier Salad,Russian,potato,426);
INSERT INTO recipe_has_ingredient (recipe_name,recipe_cuisine_name,ingredient_name,quantity) VALUES (Olivier Salad,Russian,carrots,122);
INSERT INTO recipe_has_ingredient (recipe_name,recipe_cuisine_name,ingredient_name,quantity) VALUES (Olivier Salad,Russian,egg,172);
INSERT INTO recipe_has_ingredient (recipe_name,recipe_cuisine_name,ingredient_name,quantity) VALUES (Olivier Salad,Russian,pickle,0);
INSERT INTO recipe_has_ingredient (recipe_name,recipe_cuisine_name,ingredient_name,quantity) VALUES (Olivier Salad,Russian,green peas,145);
INSERT INTO recipe_has_ingredient (recipe_name,recipe_cuisine_name,ingredient_name,quantity) VALUES (Olivier Salad,Russian,cooked chicken,280);
INSERT INTO recipe_has_ingredient (recipe_name,recipe_cuisine_name,ingredient_name,quantity) VALUES (Olivier Salad,Russian,mayonnaise,231);
INSERT INTO recipe_has_ingredient (recipe_name,recipe_cuisine_name,ingredient_name,quantity) VALUES (Olivier Salad,Russian,salt,8);
INSERT INTO recipe_has_ingredient (recipe_name,recipe_cuisine_name,ingredient_name,quantity) VALUES (Shchi,Russian,onions,125);
INSERT INTO recipe_has_ingredient (recipe_name,recipe_cuisine_name,ingredient_name,quantity) VALUES (Shchi,Russian,carrots,122);
INSERT INTO recipe_has_ingredient (recipe_name,recipe_cuisine_name,ingredient_name,quantity) VALUES (Shchi,Russian,beef,500);
INSERT INTO recipe_has_ingredient (recipe_name,recipe_cuisine_name,ingredient_name,quantity) VALUES (Shchi,Russian,cabbage,476);
INSERT INTO recipe_has_ingredient (recipe_name,recipe_cuisine_name,ingredient_name,quantity) VALUES (Shchi,Russian,potato,639);
INSERT INTO recipe_has_ingredient (recipe_name,recipe_cuisine_name,ingredient_name,quantity) VALUES (Shchi,Russian,salt,11);
INSERT INTO recipe_has_ingredient (recipe_name,recipe_cuisine_name,ingredient_name,quantity) VALUES (Shchi,Russian,bay leaf,5);
INSERT INTO recipe_has_ingredient (recipe_name,recipe_cuisine_name,ingredient_name,quantity) VALUES (Shchi,Russian,dill weed,0);
INSERT INTO recipe_has_ingredient (recipe_name,recipe_cuisine_name,ingredient_name,quantity) VALUES (Shchi,Russian,sour cream,0);
INSERT INTO theme (name,description,image_id) VALUES (Taco Fiesta,A vibrant and festive theme featuring a taco bar,3001);
INSERT INTO theme (name,description,image_id) VALUES (Mediterranean Delight,A theme inspired by the flavors of the Mediterranean,3002);
INSERT INTO theme (name,description,image_id) VALUES (Italian Trattoria,Classic Italian fare with a cozy trattoria ambiance,3003);
INSERT INTO theme (name,description,image_id) VALUES (BBQ Bash,A hearty barbecue feast with grilled meats,3004);
INSERT INTO theme (name,description,image_id) VALUES (Asian Fusion,A mix of popular dishes from different Asian cuisines,3005);
INSERT INTO theme (name,description,image_id) VALUES (Farm-to-Table,A theme centered around fresh locally-sourced ingredients,3006);
INSERT INTO theme (name,description,image_id) VALUES (Seafood Extravaganza,A feast for seafood lovers,3007);
INSERT INTO theme (name,description,image_id) VALUES (French Bistro,Elegant and classic French dishes,3008);
INSERT INTO theme (name,description,image_id) VALUES (Southern Comfort,Comfort food from the American South,3009);
INSERT INTO theme (name,description,image_id) VALUES (Street Food Festival,An array of street food from around the world,3010);
INSERT INTO recipe_has_theme (recipe_name,recipe_cuisine_name,theme_name) VALUES (Ghapama,Armenian,Street Food Festival);
INSERT INTO recipe_has_theme (recipe_name,recipe_cuisine_name,theme_name) VALUES (Harissa,Armenian,Asian Fusion);
INSERT INTO recipe_has_theme (recipe_name,recipe_cuisine_name,theme_name) VALUES (Lahmajoun,Armenian,Farm-to-Table);
INSERT INTO recipe_has_theme (recipe_name,recipe_cuisine_name,theme_name) VALUES (Beef and Broccoli,Chinese,Mediterranean Delight);
INSERT INTO recipe_has_theme (recipe_name,recipe_cuisine_name,theme_name) VALUES (Egg Drop Soup,Chinese,Italian Trattoria);
INSERT INTO recipe_has_theme (recipe_name,recipe_cuisine_name,theme_name) VALUES (Kung Pao Chicken,Chinese,Asian Fusion);
INSERT INTO recipe_has_theme (recipe_name,recipe_cuisine_name,theme_name) VALUES (Doro Wat,Ethiopian,Mediterranean Delight);
INSERT INTO recipe_has_theme (recipe_name,recipe_cuisine_name,theme_name) VALUES (Injera,Ethiopian,Farm-to-Table);
INSERT INTO recipe_has_theme (recipe_name,recipe_cuisine_name,theme_name) VALUES (Kitfo,Ethiopian,Mediterranean Delight);
INSERT INTO recipe_has_theme (recipe_name,recipe_cuisine_name,theme_name) VALUES (Coq au Vin,French,French Bistro);
INSERT INTO recipe_has_theme (recipe_name,recipe_cuisine_name,theme_name) VALUES (Crème Brûlée,French,Street Food Festival);
INSERT INTO recipe_has_theme (recipe_name,recipe_cuisine_name,theme_name) VALUES (French Onion Soup,French,Southern Comfort);
INSERT INTO recipe_has_theme (recipe_name,recipe_cuisine_name,theme_name) VALUES (Black Forest Cake,German,BBQ Bash);
INSERT INTO recipe_has_theme (recipe_name,recipe_cuisine_name,theme_name) VALUES (Pretzels,German,Mediterranean Delight);
INSERT INTO recipe_has_theme (recipe_name,recipe_cuisine_name,theme_name) VALUES (Sauerbraten,German,Asian Fusion);
INSERT INTO recipe_has_theme (recipe_name,recipe_cuisine_name,theme_name) VALUES (Baklava,Greek,Farm-to-Table);
INSERT INTO recipe_has_theme (recipe_name,recipe_cuisine_name,theme_name) VALUES (Baklava,Turkish,Italian Trattoria);
INSERT INTO recipe_has_theme (recipe_name,recipe_cuisine_name,theme_name) VALUES (Greek Salad (Horiatiki),Greek,Asian Fusion);
INSERT INTO recipe_has_theme (recipe_name,recipe_cuisine_name,theme_name) VALUES (Moussaka,Greek,BBQ Bash);
INSERT INTO recipe_has_theme (recipe_name,recipe_cuisine_name,theme_name) VALUES (Chicken Biryani,Indian,Asian Fusion);
INSERT INTO recipe_has_theme (recipe_name,recipe_cuisine_name,theme_name) VALUES (Mango Lassi,Indian,BBQ Bash);
INSERT INTO recipe_has_theme (recipe_name,recipe_cuisine_name,theme_name) VALUES (Palak Paneer,Indian,Taco Fiesta);
INSERT INTO recipe_has_theme (recipe_name,recipe_cuisine_name,theme_name) VALUES (Osso Buco,Italian,Mediterranean Delight);
INSERT INTO recipe_has_theme (recipe_name,recipe_cuisine_name,theme_name) VALUES (Spaghetti Carbonara,Italian,Taco Fiesta);
INSERT INTO recipe_has_theme (recipe_name,recipe_cuisine_name,theme_name) VALUES (Tiramisu,Italian,Asian Fusion);
INSERT INTO recipe_has_theme (recipe_name,recipe_cuisine_name,theme_name) VALUES (Matcha Ice Cream,Japanese,Farm-to-Table);
INSERT INTO recipe_has_theme (recipe_name,recipe_cuisine_name,theme_name) VALUES (Ramen,Japanese,Mediterranean Delight);
INSERT INTO recipe_has_theme (recipe_name,recipe_cuisine_name,theme_name) VALUES (Sushi Rolls (Maki Sushi),Japanese,Mediterranean Delight);
INSERT INTO recipe_has_theme (recipe_name,recipe_cuisine_name,theme_name) VALUES (Beshbarmak,Kazakh,Street Food Festival);
INSERT INTO recipe_has_theme (recipe_name,recipe_cuisine_name,theme_name) VALUES (Kazy,Kazakh,Street Food Festival);
INSERT INTO recipe_has_theme (recipe_name,recipe_cuisine_name,theme_name) VALUES (Kurt,Kazakh,Mediterranean Delight);
INSERT INTO recipe_has_theme (recipe_name,recipe_cuisine_name,theme_name) VALUES (Nyama Choma,Kenyan,Taco Fiesta);
INSERT INTO recipe_has_theme (recipe_name,recipe_cuisine_name,theme_name) VALUES (Sukuma Wiki,Kenyan,Street Food Festival);
INSERT INTO recipe_has_theme (recipe_name,recipe_cuisine_name,theme_name) VALUES (Ugali,Kenyan,BBQ Bash);
INSERT INTO recipe_has_theme (recipe_name,recipe_cuisine_name,theme_name) VALUES (Bibimbap,Korean,Taco Fiesta);
INSERT INTO recipe_has_theme (recipe_name,recipe_cuisine_name,theme_name) VALUES (Hoddeok,Korean,French Bistro);
INSERT INTO recipe_has_theme (recipe_name,recipe_cuisine_name,theme_name) VALUES (Kimchi Jjigae,Korean,Mediterranean Delight);
INSERT INTO recipe_has_theme (recipe_name,recipe_cuisine_name,theme_name) VALUES (Chiles en Nogada,Mexican,Taco Fiesta);
INSERT INTO recipe_has_theme (recipe_name,recipe_cuisine_name,theme_name) VALUES (Flan,Mexican,Seafood Extravaganza);
INSERT INTO recipe_has_theme (recipe_name,recipe_cuisine_name,theme_name) VALUES (Tacos al Pastor,Mexican,Farm-to-Table);
INSERT INTO recipe_has_theme (recipe_name,recipe_cuisine_name,theme_name) VALUES (İskender Kebab,Turkish,Farm-to-Table);
INSERT INTO recipe_has_theme (recipe_name,recipe_cuisine_name,theme_name) VALUES (Lahmacun,Turkish,Street Food Festival);
INSERT INTO recipe_has_theme (recipe_name,recipe_cuisine_name,theme_name) VALUES (Gutap,Turkmen,French Bistro);
INSERT INTO recipe_has_theme (recipe_name,recipe_cuisine_name,theme_name) VALUES (Palaw,Turkmen,Taco Fiesta);
INSERT INTO recipe_has_theme (recipe_name,recipe_cuisine_name,theme_name) VALUES (Shurpa,Turkmen,French Bistro);
INSERT INTO recipe_has_theme (recipe_name,recipe_cuisine_name,theme_name) VALUES (Bara Brith,Welsh,Farm-to-Table);
INSERT INTO recipe_has_theme (recipe_name,recipe_cuisine_name,theme_name) VALUES (Cawl,Welsh,Mediterranean Delight);
INSERT INTO recipe_has_theme (recipe_name,recipe_cuisine_name,theme_name) VALUES (Welsh Rarebit,Welsh,Street Food Festival);
INSERT INTO recipe_has_theme (recipe_name,recipe_cuisine_name,theme_name) VALUES (Tavë Kosi,Albanian,Southern Comfort);
INSERT INTO recipe_has_theme (recipe_name,recipe_cuisine_name,theme_name) VALUES (Bakllasarem,Albanian,Farm-to-Table);
INSERT INTO recipe_has_theme (recipe_name,recipe_cuisine_name,theme_name) VALUES (Fërgesë,Albanian,Asian Fusion);
INSERT INTO recipe_has_theme (recipe_name,recipe_cuisine_name,theme_name) VALUES (Speca të mbushur,Albanian,Street Food Festival);
INSERT INTO recipe_has_theme (recipe_name,recipe_cuisine_name,theme_name) VALUES (Byrek me Spinaq,Albanian,French Bistro);
INSERT INTO recipe_has_theme (recipe_name,recipe_cuisine_name,theme_name) VALUES (Jani me fasule,Albanian,Seafood Extravaganza);
INSERT INTO recipe_has_theme (recipe_name,recipe_cuisine_name,theme_name) VALUES (Shëndetli,Albanian,Southern Comfort);
INSERT INTO recipe_has_theme (recipe_name,recipe_cuisine_name,theme_name) VALUES (Qifqi,Albanian,Taco Fiesta);
INSERT INTO recipe_has_theme (recipe_name,recipe_cuisine_name,theme_name) VALUES (Përime në zgare,Albanian,Taco Fiesta);
INSERT INTO recipe_has_theme (recipe_name,recipe_cuisine_name,theme_name) VALUES (Mish me midhje,Albanian,Street Food Festival);
INSERT INTO recipe_has_theme (recipe_name,recipe_cuisine_name,theme_name) VALUES (Cheeseburger,American,Farm-to-Table);
INSERT INTO recipe_has_theme (recipe_name,recipe_cuisine_name,theme_name) VALUES (Apple Pie,American,Street Food Festival);
INSERT INTO recipe_has_theme (recipe_name,recipe_cuisine_name,theme_name) VALUES (Fried Chicken,American,Street Food Festival);
INSERT INTO recipe_has_theme (recipe_name,recipe_cuisine_name,theme_name) VALUES (Macaroni and Cheese,American,Italian Trattoria);
INSERT INTO recipe_has_theme (recipe_name,recipe_cuisine_name,theme_name) VALUES (Barbecue Ribs,American,Taco Fiesta);
INSERT INTO recipe_has_theme (recipe_name,recipe_cuisine_name,theme_name) VALUES (Pancakes,American,Italian Trattoria);
INSERT INTO recipe_has_theme (recipe_name,recipe_cuisine_name,theme_name) VALUES (Chocolate Chip Cookies,American,Taco Fiesta);
INSERT INTO recipe_has_theme (recipe_name,recipe_cuisine_name,theme_name) VALUES (BLT Sandwich,American,French Bistro);
INSERT INTO recipe_has_theme (recipe_name,recipe_cuisine_name,theme_name) VALUES (Clam Chowder,American,Asian Fusion);
INSERT INTO recipe_has_theme (recipe_name,recipe_cuisine_name,theme_name) VALUES (Brownies,American,Seafood Extravaganza);
INSERT INTO recipe_has_theme (recipe_name,recipe_cuisine_name,theme_name) VALUES (Shopska Salata,Bulgarian,French Bistro);
INSERT INTO recipe_has_theme (recipe_name,recipe_cuisine_name,theme_name) VALUES (Kavarma,Bulgarian,French Bistro);
INSERT INTO recipe_has_theme (recipe_name,recipe_cuisine_name,theme_name) VALUES (Banitsa,Bulgarian,Taco Fiesta);
INSERT INTO recipe_has_theme (recipe_name,recipe_cuisine_name,theme_name) VALUES (Mekitsa,Bulgarian,BBQ Bash);
INSERT INTO recipe_has_theme (recipe_name,recipe_cuisine_name,theme_name) VALUES (Musaka,Bulgarian,Asian Fusion);
INSERT INTO recipe_has_theme (recipe_name,recipe_cuisine_name,theme_name) VALUES (Tarator,Bulgarian,Farm-to-Table);
INSERT INTO recipe_has_theme (recipe_name,recipe_cuisine_name,theme_name) VALUES (Kadaif,Bulgarian,French Bistro);
INSERT INTO recipe_has_theme (recipe_name,recipe_cuisine_name,theme_name) VALUES (Bulgarian Cheese Toast,Bulgarian,Seafood Extravaganza);
INSERT INTO recipe_has_theme (recipe_name,recipe_cuisine_name,theme_name) VALUES (Garash Cake,Bulgarian,BBQ Bash);
INSERT INTO recipe_has_theme (recipe_name,recipe_cuisine_name,theme_name) VALUES (Sarmi,Bulgarian,BBQ Bash);
INSERT INTO recipe_has_theme (recipe_name,recipe_cuisine_name,theme_name) VALUES (Beef Stroganoff,Russian,Seafood Extravaganza);
INSERT INTO recipe_has_theme (recipe_name,recipe_cuisine_name,theme_name) VALUES (Medovik,Russian,Mediterranean Delight);
INSERT INTO recipe_has_theme (recipe_name,recipe_cuisine_name,theme_name) VALUES (Borscht,Russian,BBQ Bash);
INSERT INTO recipe_has_theme (recipe_name,recipe_cuisine_name,theme_name) VALUES (Pelmeni,Russian,French Bistro);
INSERT INTO recipe_has_theme (recipe_name,recipe_cuisine_name,theme_name) VALUES (Syrniki,Russian,BBQ Bash);
INSERT INTO recipe_has_theme (recipe_name,recipe_cuisine_name,theme_name) VALUES (Kasha,Russian,Seafood Extravaganza);
INSERT INTO recipe_has_theme (recipe_name,recipe_cuisine_name,theme_name) VALUES (Pryaniki,Russian,BBQ Bash);
INSERT INTO recipe_has_theme (recipe_name,recipe_cuisine_name,theme_name) VALUES (Zefir,Russian,Asian Fusion);
INSERT INTO recipe_has_theme (recipe_name,recipe_cuisine_name,theme_name) VALUES (Olivier Salad,Russian,BBQ Bash);
INSERT INTO recipe_has_theme (recipe_name,recipe_cuisine_name,theme_name) VALUES (Shchi,Russian,Street Food Festival);
INSERT INTO step (number,description,recipe_name,recipe_cuisine_name) VALUES (1,Hollow out a medium-sized pumpkin, removing seeds and fibers.,Ghapama,Armenian);
INSERT INTO step (number,description,recipe_name,recipe_cuisine_name) VALUES (2,In a bowl, mix cooked rice with chopped dried fruits (apricots, prunes, raisins), nuts (almonds, walnuts), and honey.,Ghapama,Armenian);
INSERT INTO step (number,description,recipe_name,recipe_cuisine_name) VALUES (3,Fill the pumpkin with the rice mixture and place a lid cut from the top.,Ghapama,Armenian);
INSERT INTO step (number,description,recipe_name,recipe_cuisine_name) VALUES (4,Bake in a preheated oven at 375°F (190°C) until the pumpkin is tender and the filling is heated through.,Ghapama,Armenian);
INSERT INTO step (number,description,recipe_name,recipe_cuisine_name) VALUES (5,Serve hot, cutting the pumpkin into wedges to expose the sweet, fragrant stuffing.,Ghapama,Armenian);
INSERT INTO step (number,description,recipe_name,recipe_cuisine_name) VALUES (1,Cook chicken in water with salt until tender and the meat falls off the bones.,Harissa,Armenian);
INSERT INTO step (number,description,recipe_name,recipe_cuisine_name) VALUES (2,Remove the chicken, debone, and shred the meat.,Harissa,Armenian);
INSERT INTO step (number,description,recipe_name,recipe_cuisine_name) VALUES (3,Add washed khorasan wheat to the chicken broth and cook until the wheat is soft and begins to break down.,Harissa,Armenian);
INSERT INTO step (number,description,recipe_name,recipe_cuisine_name) VALUES (4,Add the shredded chicken back to the pot, continue to cook, stirring frequently, until the mixture becomes porridge-like.,Harissa,Armenian);
INSERT INTO step (number,description,recipe_name,recipe_cuisine_name) VALUES (5,Serve hot, topped with melted butter and a sprinkle of cinnamon.,Harissa,Armenian);
INSERT INTO step (number,description,recipe_name,recipe_cuisine_name) VALUES (1,Prepare the dough from flour, yeast, warm water, and salt, and let it rise until doubled in size.,Lahmajoun,Armenian);
INSERT INTO step (number,description,recipe_name,recipe_cuisine_name) VALUES (2,Mix finely ground lamb or beef with finely diced tomatoes, bell peppers, onion, parsley, and spices.,Lahmajoun,Armenian);
INSERT INTO step (number,description,recipe_name,recipe_cuisine_name) VALUES (3,Roll the dough into very thin circles, spread the meat mixture thinly on top.,Lahmajoun,Armenian);
INSERT INTO step (number,description,recipe_name,recipe_cuisine_name) VALUES (4,Bake in a very hot oven for about 5 minutes until the edges are crisp and the topping is cooked.,Lahmajoun,Armenian);
INSERT INTO step (number,description,recipe_name,recipe_cuisine_name) VALUES (5,Serve hot with a squeeze of lemon and fresh parsley.,Lahmajoun,Armenian);
INSERT INTO step (number,description,recipe_name,recipe_cuisine_name) VALUES (1,Blanch broccoli florets in boiling water for 2 minutes, then drain.,Beef and Broccoli,Chinese);
INSERT INTO step (number,description,recipe_name,recipe_cuisine_name) VALUES (2,Marinate beef slices in a mixture of soy sauce, cornstarch, and a little oil.,Beef and Broccoli,Chinese);
INSERT INTO step (number,description,recipe_name,recipe_cuisine_name) VALUES (3,Heat oil in a wok, add minced garlic, and stir-fry briefly until fragrant.,Beef and Broccoli,Chinese);
INSERT INTO step (number,description,recipe_name,recipe_cuisine_name) VALUES (4,Add the marinated beef and stir-fry until it starts to brown.,Beef and Broccoli,Chinese);
INSERT INTO step (number,description,recipe_name,recipe_cuisine_name) VALUES (5,Add broccoli and stir-fry for another 2 minutes.,Beef and Broccoli,Chinese);
INSERT INTO step (number,description,recipe_name,recipe_cuisine_name) VALUES (6,Pour in a mixture of beef stock, oyster sauce, and a splash of soy sauce, and cook until the sauce thickens.,Beef and Broccoli,Chinese);
INSERT INTO step (number,description,recipe_name,recipe_cuisine_name) VALUES (7,Serve hot.,Beef and Broccoli,Chinese);
INSERT INTO step (number,description,recipe_name,recipe_cuisine_name) VALUES (1,Bring chicken broth to a simmer in a pot.,Egg Drop Soup,Chinese);
INSERT INTO step (number,description,recipe_name,recipe_cuisine_name) VALUES (2,Season the broth with soy sauce, salt, and white pepper.,Egg Drop Soup,Chinese);
INSERT INTO step (number,description,recipe_name,recipe_cuisine_name) VALUES (3,Slowly pour beaten eggs into the simmering broth, stirring gently to form ribbons.,Egg Drop Soup,Chinese);
INSERT INTO step (number,description,recipe_name,recipe_cuisine_name) VALUES (4,Garnish with chopped green onions and a few drops of sesame oil.,Egg Drop Soup,Chinese);
INSERT INTO step (number,description,recipe_name,recipe_cuisine_name) VALUES (5,Serve hot.,Egg Drop Soup,Chinese);
INSERT INTO step (number,description,recipe_name,recipe_cuisine_name) VALUES (1,Marinate chicken pieces in soy sauce and cornstarch.,Kung Pao Chicken,Chinese);
INSERT INTO step (number,description,recipe_name,recipe_cuisine_name) VALUES (2,Heat oil in a wok and fry dried chilies until just beginning to blacken.,Kung Pao Chicken,Chinese);
INSERT INTO step (number,description,recipe_name,recipe_cuisine_name) VALUES (3,Add chicken to the wok and stir-fry until it turns white.,Kung Pao Chicken,Chinese);
INSERT INTO step (number,description,recipe_name,recipe_cuisine_name) VALUES (4,Add chopped bell peppers and scallions, stir-fry for a few minutes.,Kung Pao Chicken,Chinese);
INSERT INTO step (number,description,recipe_name,recipe_cuisine_name) VALUES (5,Pour in the sauce mixture of soy sauce, vinegar, sugar, and water, and cook until thickened.,Kung Pao Chicken,Chinese);
INSERT INTO step (number,description,recipe_name,recipe_cuisine_name) VALUES (6,Stir in roasted peanuts and serve.,Kung Pao Chicken,Chinese);
INSERT INTO step (number,description,recipe_name,recipe_cuisine_name) VALUES (1,Marinate chicken pieces in lemon juice and salt.,Doro Wat,Ethiopian);
INSERT INTO step (number,description,recipe_name,recipe_cuisine_name) VALUES (2,Cook onions in a dry pot until golden, then add berbere spice and oil, cooking into a paste.,Doro Wat,Ethiopian);
INSERT INTO step (number,description,recipe_name,recipe_cuisine_name) VALUES (3,Add garlic and ginger, then the marinated chicken, stirring to coat with the spice mixture.,Doro Wat,Ethiopian);
INSERT INTO step (number,description,recipe_name,recipe_cuisine_name) VALUES (4,Add enough water to cover, bring to a boil, then simmer until the chicken is tender.,Doro Wat,Ethiopian);
INSERT INTO step (number,description,recipe_name,recipe_cuisine_name) VALUES (5,Add hard-boiled eggs to the stew in the last 10 minutes.,Doro Wat,Ethiopian);
INSERT INTO step (number,description,recipe_name,recipe_cuisine_name) VALUES (6,Serve hot with injera.,Doro Wat,Ethiopian);
INSERT INTO step (number,description,recipe_name,recipe_cuisine_name) VALUES (1,Mix teff flour with water in a bowl until smooth, then cover and let ferment for 1-3 days.,Injera,Ethiopian);
INSERT INTO step (number,description,recipe_name,recipe_cuisine_name) VALUES (2,After fermentation, stir the batter well and add salt.,Injera,Ethiopian);
INSERT INTO step (number,description,recipe_name,recipe_cuisine_name) VALUES (3,Heat a non-stick pan or griddle over medium heat.,Injera,Ethiopian);
INSERT INTO step (number,description,recipe_name,recipe_cuisine_name) VALUES (4,Pour a ladleful of batter into the pan and quickly swirl to spread in a thin layer.,Injera,Ethiopian);
INSERT INTO step (number,description,recipe_name,recipe_cuisine_name) VALUES (5,Cover and cook for a few minutes until holes form on the surface and edges lift from the pan.,Injera,Ethiopian);
INSERT INTO step (number,description,recipe_name,recipe_cuisine_name) VALUES (6,Remove injera and let cool on a clean cloth. Repeat with remaining batter.,Injera,Ethiopian);
INSERT INTO step (number,description,recipe_name,recipe_cuisine_name) VALUES (1,Finely chop or grind fresh, lean beef.,Kitfo,Ethiopian);
INSERT INTO step (number,description,recipe_name,recipe_cuisine_name) VALUES (2,Melt niter kibbeh in a pan and mix with mitmita.,Kitfo,Ethiopian);
INSERT INTO step (number,description,recipe_name,recipe_cuisine_name) VALUES (3,Combine the spiced butter with the raw beef, mixing thoroughly.,Kitfo,Ethiopian);
INSERT INTO step (number,description,recipe_name,recipe_cuisine_name) VALUES (4,Serve immediately with injera and optional ayib (fresh cottage cheese).,Kitfo,Ethiopian);
INSERT INTO step (number,description,recipe_name,recipe_cuisine_name) VALUES (1,Brown the chicken pieces in a large dutch oven.,Coq au Vin,French);
INSERT INTO step (number,description,recipe_name,recipe_cuisine_name) VALUES (2,Remove chicken and sauté onions, mushrooms, and bacon in the same pot.,Coq au Vin,French);
INSERT INTO step (number,description,recipe_name,recipe_cuisine_name) VALUES (3,Deglaze the pot with red wine and return the chicken to the pot.,Coq au Vin,French);
INSERT INTO step (number,description,recipe_name,recipe_cuisine_name) VALUES (4,Add garlic, thyme, and bay leaf. Simmer until the chicken is tender.,Coq au Vin,French);
INSERT INTO step (number,description,recipe_name,recipe_cuisine_name) VALUES (5,Thicken the sauce with a butter-flour mixture before serving.,Coq au Vin,French);
INSERT INTO step (number,description,recipe_name,recipe_cuisine_name) VALUES (1,Heat cream with vanilla bean until just hot.,Crème Brûlée,French);
INSERT INTO step (number,description,recipe_name,recipe_cuisine_name) VALUES (2,Whisk yolks with sugar until pale, then slowly add the hot cream.,Crème Brûlée,French);
INSERT INTO step (number,description,recipe_name,recipe_cuisine_name) VALUES (3,Strain the mixture into ramekins.,Crème Brûlée,French);
INSERT INTO step (number,description,recipe_name,recipe_cuisine_name) VALUES (4,Bake in a water bath until set but still trembling in the center.,Crème Brûlée,French);
INSERT INTO step (number,description,recipe_name,recipe_cuisine_name) VALUES (5,Cool, then sprinkle sugar on top and torch until caramelized.,Crème Brûlée,French);
INSERT INTO step (number,description,recipe_name,recipe_cuisine_name) VALUES (1,Caramelize the sliced onions in a large pot.,French Onion Soup,French);
INSERT INTO step (number,description,recipe_name,recipe_cuisine_name) VALUES (2,Add beef broth and bring to a simmer.,French Onion Soup,French);
INSERT INTO step (number,description,recipe_name,recipe_cuisine_name) VALUES (3,Season with thyme and bay leaves.,French Onion Soup,French);
INSERT INTO step (number,description,recipe_name,recipe_cuisine_name) VALUES (4,Toast baguette slices topped with grated cheese under a broiler until melted and golden.,French Onion Soup,French);
INSERT INTO step (number,description,recipe_name,recipe_cuisine_name) VALUES (5,Serve the soup hot with the toasted baguette.,French Onion Soup,French);
INSERT INTO step (number,description,recipe_name,recipe_cuisine_name) VALUES (1,Bake chocolate sponge cakes and let them cool.,Black Forest Cake,German);
INSERT INTO step (number,description,recipe_name,recipe_cuisine_name) VALUES (2,Cut the cakes into layers and sprinkle each with cherry schnapps.,Black Forest Cake,German);
INSERT INTO step (number,description,recipe_name,recipe_cuisine_name) VALUES (3,Whip cream with sugar and vanilla until stiff peaks form.,Black Forest Cake,German);
INSERT INTO step (number,description,recipe_name,recipe_cuisine_name) VALUES (4,Assemble the cake by alternating layers of cake with whipped cream and cherries.,Black Forest Cake,German);
INSERT INTO step (number,description,recipe_name,recipe_cuisine_name) VALUES (5,Decorate the top with whipped cream, chocolate shavings, and whole cherries.,Black Forest Cake,German);
INSERT INTO step (number,description,recipe_name,recipe_cuisine_name) VALUES (6,Chill before serving.,Black Forest Cake,German);
INSERT INTO step (number,description,recipe_name,recipe_cuisine_name) VALUES (1,Prepare the dough from flour, yeast, water, salt, and a bit of sugar.,Pretzels,German);
INSERT INTO step (number,description,recipe_name,recipe_cuisine_name) VALUES (2,Let the dough rise until doubled.,Pretzels,German);
INSERT INTO step (number,description,recipe_name,recipe_cuisine_name) VALUES (3,Divide the dough and roll each piece into a long rope, then twist into the traditional pretzel shape.,Pretzels,German);
INSERT INTO step (number,description,recipe_name,recipe_cuisine_name) VALUES (4,Dip each pretzel in a baking soda bath before baking to develop a golden and shiny crust.,Pretzels,German);
INSERT INTO step (number,description,recipe_name,recipe_cuisine_name) VALUES (5,Bake until golden brown and sprinkle with coarse salt while still warm.,Pretzels,German);
INSERT INTO step (number,description,recipe_name,recipe_cuisine_name) VALUES (1,Marinate the beef roast in a mixture of red wine, vinegar, onions, carrots, and spices for 2-3 days.,Sauerbraten,German);
INSERT INTO step (number,description,recipe_name,recipe_cuisine_name) VALUES (2,Remove the beef from the marinade, pat dry, and brown in hot oil in a heavy pot.,Sauerbraten,German);
INSERT INTO step (number,description,recipe_name,recipe_cuisine_name) VALUES (3,Strain the marinade and add it to the pot with the beef.,Sauerbraten,German);
INSERT INTO step (number,description,recipe_name,recipe_cuisine_name) VALUES (4,Add crushed ginger snaps to thicken and sweeten the sauce.,Sauerbraten,German);
INSERT INTO step (number,description,recipe_name,recipe_cuisine_name) VALUES (5,Simmer the roast slowly until it is tender.,Sauerbraten,German);
INSERT INTO step (number,description,recipe_name,recipe_cuisine_name) VALUES (6,Slice and serve the roast with the sauce poured over it.,Sauerbraten,German);
INSERT INTO step (number,description,recipe_name,recipe_cuisine_name) VALUES (1,Preheat oven and grease the baking dish.,Baklava,Greek);
INSERT INTO step (number,description,recipe_name,recipe_cuisine_name) VALUES (2,Layer the filo dough with melted butter and chopped nuts.,Baklava,Greek);
INSERT INTO step (number,description,recipe_name,recipe_cuisine_name) VALUES (3,Cut into diamond shapes before baking.,Baklava,Greek);
INSERT INTO step (number,description,recipe_name,recipe_cuisine_name) VALUES (4,Bake until golden and crisp.,Baklava,Greek);
INSERT INTO step (number,description,recipe_name,recipe_cuisine_name) VALUES (5,Pour cooled syrup over the hot baklava immediately after baking.,Baklava,Greek);
INSERT INTO step (number,description,recipe_name,recipe_cuisine_name) VALUES (1,Chop the cucumbers, tomatoes, and red onion.,Greek Salad (Horiatiki),Greek);
INSERT INTO step (number,description,recipe_name,recipe_cuisine_name) VALUES (2,Combine vegetables in a large bowl.,Greek Salad (Horiatiki),Greek);
INSERT INTO step (number,description,recipe_name,recipe_cuisine_name) VALUES (3,Top with Kalamata olives and crumbled feta cheese.,Greek Salad (Horiatiki),Greek);
INSERT INTO step (number,description,recipe_name,recipe_cuisine_name) VALUES (4,Drizzle with olive oil and sprinkle oregano.,Greek Salad (Horiatiki),Greek);
INSERT INTO step (number,description,recipe_name,recipe_cuisine_name) VALUES (1,Slice and salt eggplants, then fry until golden.,Moussaka,Greek);
INSERT INTO step (number,description,recipe_name,recipe_cuisine_name) VALUES (2,Cook ground meat with onions, garlic, and tomatoes.,Moussaka,Greek);
INSERT INTO step (number,description,recipe_name,recipe_cuisine_name) VALUES (3,Layer eggplant and meat mixture in a baking dish.,Moussaka,Greek);
INSERT INTO step (number,description,recipe_name,recipe_cuisine_name) VALUES (4,Prepare béchamel sauce and spread over the top.,Moussaka,Greek);
INSERT INTO step (number,description,recipe_name,recipe_cuisine_name) VALUES (5,Bake until the surface is golden and bubbly.,Moussaka,Greek);
INSERT INTO step (number,description,recipe_name,recipe_cuisine_name) VALUES (1,Marinate chicken in yogurt, garlic, ginger, and spices for at least 2 hours.,Chicken Biryani,Indian);
INSERT INTO step (number,description,recipe_name,recipe_cuisine_name) VALUES (2,Cook rice until it's 70% done, then drain.,Chicken Biryani,Indian);
INSERT INTO step (number,description,recipe_name,recipe_cuisine_name) VALUES (3,Fry onions until golden, then set aside.,Chicken Biryani,Indian);
INSERT INTO step (number,description,recipe_name,recipe_cuisine_name) VALUES (4,Layer the marinated chicken and partially cooked rice in a pot.,Chicken Biryani,Indian);
INSERT INTO step (number,description,recipe_name,recipe_cuisine_name) VALUES (5,Add saffron infused in warm milk for color.,Chicken Biryani,Indian);
INSERT INTO step (number,description,recipe_name,recipe_cuisine_name) VALUES (6,Cover and cook on low heat until the rice is fully cooked and the chicken is tender.,Chicken Biryani,Indian);
INSERT INTO step (number,description,recipe_name,recipe_cuisine_name) VALUES (7,Garnish with fried onions, nuts, and fresh cilantro.,Chicken Biryani,Indian);
INSERT INTO step (number,description,recipe_name,recipe_cuisine_name) VALUES (1,Peel and chop fresh mangoes.,Mango Lassi,Indian);
INSERT INTO step (number,description,recipe_name,recipe_cuisine_name) VALUES (2,Blend mangoes with yogurt, milk, sugar, and cardamom until smooth.,Mango Lassi,Indian);
INSERT INTO step (number,description,recipe_name,recipe_cuisine_name) VALUES (3,Chill in the refrigerator for at least one hour.,Mango Lassi,Indian);
INSERT INTO step (number,description,recipe_name,recipe_cuisine_name) VALUES (4,Serve cold garnished with a sprinkle of cardamom powder or mint leaves.,Mango Lassi,Indian);
INSERT INTO step (number,description,recipe_name,recipe_cuisine_name) VALUES (1,Blanch spinach in hot water, then cool and blend into a fine paste.,Palak Paneer,Indian);
INSERT INTO step (number,description,recipe_name,recipe_cuisine_name) VALUES (2,Fry paneer cubes until golden, set aside.,Palak Paneer,Indian);
INSERT INTO step (number,description,recipe_name,recipe_cuisine_name) VALUES (3,In the same pan, sauté onions, tomatoes, garlic, and ginger until soft.,Palak Paneer,Indian);
INSERT INTO step (number,description,recipe_name,recipe_cuisine_name) VALUES (4,Add the spinach paste, spices, and a little water to the pan.,Palak Paneer,Indian);
INSERT INTO step (number,description,recipe_name,recipe_cuisine_name) VALUES (5,Simmer for 10 minutes, then add fried paneer.,Palak Paneer,Indian);
INSERT INTO step (number,description,recipe_name,recipe_cuisine_name) VALUES (6,Cook for another 5 minutes, then serve hot with naan or rice.,Palak Paneer,Indian);
INSERT INTO step (number,description,recipe_name,recipe_cuisine_name) VALUES (1,Season veal shanks with salt and pepper and dredge in flour.,Osso Buco,Italian);
INSERT INTO step (number,description,recipe_name,recipe_cuisine_name) VALUES (2,Brown the veal shanks in a heavy pot with some olive oil.,Osso Buco,Italian);
INSERT INTO step (number,description,recipe_name,recipe_cuisine_name) VALUES (3,Remove shanks and sauté onions, carrots, and celery until softened.,Osso Buco,Italian);
INSERT INTO step (number,description,recipe_name,recipe_cuisine_name) VALUES (4,Deglaze the pot with white wine, then return the shanks to the pot.,Osso Buco,Italian);
INSERT INTO step (number,description,recipe_name,recipe_cuisine_name) VALUES (5,Add broth until the shanks are nearly covered, bring to a boil, then reduce to a simmer.,Osso Buco,Italian);
INSERT INTO step (number,description,recipe_name,recipe_cuisine_name) VALUES (6,Cover and cook slowly until the meat is tender, about 2 hours.,Osso Buco,Italian);
INSERT INTO step (number,description,recipe_name,recipe_cuisine_name) VALUES (7,Serve with gremolata on top.,Osso Buco,Italian);
INSERT INTO step (number,description,recipe_name,recipe_cuisine_name) VALUES (1,Cook spaghetti in salted boiling water until al dente.,Spaghetti Carbonara,Italian);
INSERT INTO step (number,description,recipe_name,recipe_cuisine_name) VALUES (2,Render pancetta in a pan until crispy.,Spaghetti Carbonara,Italian);
INSERT INTO step (number,description,recipe_name,recipe_cuisine_name) VALUES (3,Whisk eggs and Parmesan cheese together in a bowl.,Spaghetti Carbonara,Italian);
INSERT INTO step (number,description,recipe_name,recipe_cuisine_name) VALUES (4,Drain pasta and mix into the pan with pancetta, off the heat.,Spaghetti Carbonara,Italian);
INSERT INTO step (number,description,recipe_name,recipe_cuisine_name) VALUES (5,Quickly add egg and cheese mixture, stirring vigorously to create a creamy sauce.,Spaghetti Carbonara,Italian);
INSERT INTO step (number,description,recipe_name,recipe_cuisine_name) VALUES (6,Season with freshly cracked black pepper and serve immediately.,Spaghetti Carbonara,Italian);
INSERT INTO step (number,description,recipe_name,recipe_cuisine_name) VALUES (1,Mix egg yolks and sugar until pale and fluffy.,Tiramisu,Italian);
INSERT INTO step (number,description,recipe_name,recipe_cuisine_name) VALUES (2,Fold in mascarpone cheese gently.,Tiramisu,Italian);
INSERT INTO step (number,description,recipe_name,recipe_cuisine_name) VALUES (3,Dip ladyfingers in coffee mixed with a splash of coffee liqueur.,Tiramisu,Italian);
INSERT INTO step (number,description,recipe_name,recipe_cuisine_name) VALUES (4,Layer the ladyfingers in a dish, spread over a layer of mascarpone mixture.,Tiramisu,Italian);
INSERT INTO step (number,description,recipe_name,recipe_cuisine_name) VALUES (5,Repeat layering and refrigerate for at least 4 hours.,Tiramisu,Italian);
INSERT INTO step (number,description,recipe_name,recipe_cuisine_name) VALUES (6,Dust with cocoa powder before serving.,Tiramisu,Italian);
INSERT INTO step (number,description,recipe_name,recipe_cuisine_name) VALUES (1,Whisk together milk, cream, sugar, and matcha powder until the sugar dissolves.,Matcha Ice Cream,Japanese);
INSERT INTO step (number,description,recipe_name,recipe_cuisine_name) VALUES (2,Chill the mixture in the refrigerator for at least 2 hours.,Matcha Ice Cream,Japanese);
INSERT INTO step (number,description,recipe_name,recipe_cuisine_name) VALUES (3,Process in an ice cream maker according to the manufacturer's instructions.,Matcha Ice Cream,Japanese);
INSERT INTO step (number,description,recipe_name,recipe_cuisine_name) VALUES (4,Freeze the churned ice cream until firm, about 2-3 hours.,Matcha Ice Cream,Japanese);
INSERT INTO step (number,description,recipe_name,recipe_cuisine_name) VALUES (1,Prepare the broth by simmering chicken or pork bones with onions, garlic, and ginger.,Ramen,Japanese);
INSERT INTO step (number,description,recipe_name,recipe_cuisine_name) VALUES (2,Strain the broth and season with soy sauce, miso, or salt.,Ramen,Japanese);
INSERT INTO step (number,description,recipe_name,recipe_cuisine_name) VALUES (3,Cook ramen noodles separately until just tender.,Ramen,Japanese);
INSERT INTO step (number,description,recipe_name,recipe_cuisine_name) VALUES (4,In bowls, arrange cooked noodles, then pour hot broth over them.,Ramen,Japanese);
INSERT INTO step (number,description,recipe_name,recipe_cuisine_name) VALUES (5,Top with slices of pork belly, soft-boiled eggs, green onions, and bamboo shoots.,Ramen,Japanese);
INSERT INTO step (number,description,recipe_name,recipe_cuisine_name) VALUES (1,Cook sushi rice and season with sushi vinegar.,Sushi Rolls (Maki Sushi),Japanese);
INSERT INTO step (number,description,recipe_name,recipe_cuisine_name) VALUES (2,Spread the cooled rice on a sheet of nori laid out on a bamboo mat.,Sushi Rolls (Maki Sushi),Japanese);
INSERT INTO step (number,description,recipe_name,recipe_cuisine_name) VALUES (3,Place fillings like cucumber, avocado, and fish along the center of the rice.,Sushi Rolls (Maki Sushi),Japanese);
INSERT INTO step (number,description,recipe_name,recipe_cuisine_name) VALUES (4,Roll the nori tightly using the bamboo mat, pressing firmly.,Sushi Rolls (Maki Sushi),Japanese);
INSERT INTO step (number,description,recipe_name,recipe_cuisine_name) VALUES (5,Slice the roll into 6-8 pieces with a sharp knife.,Sushi Rolls (Maki Sushi),Japanese);
INSERT INTO step (number,description,recipe_name,recipe_cuisine_name) VALUES (1,Boil large cuts of meat until tender, then remove the meat and reserve the broth.,Beshbarmak,Kazakh);
INSERT INTO step (number,description,recipe_name,recipe_cuisine_name) VALUES (2,Hand-make pasta dough, roll it out thinly, and cut into squares.,Beshbarmak,Kazakh);
INSERT INTO step (number,description,recipe_name,recipe_cuisine_name) VALUES (3,Cook the pasta squares in the remaining broth until tender.,Beshbarmak,Kazakh);
INSERT INTO step (number,description,recipe_name,recipe_cuisine_name) VALUES (4,Slice the boiled meat into bite-sized pieces.,Beshbarmak,Kazakh);
INSERT INTO step (number,description,recipe_name,recipe_cuisine_name) VALUES (5,Layer the cooked pasta on a large serving platter, top with meat pieces, then ladle hot broth over the top.,Beshbarmak,Kazakh);
INSERT INTO step (number,description,recipe_name,recipe_cuisine_name) VALUES (6,Garnish with chopped parsley and serve.,Beshbarmak,Kazakh);
INSERT INTO step (number,description,recipe_name,recipe_cuisine_name) VALUES (1,Prepare the intestines by thoroughly cleaning and then soaking in cold water.,Kazy,Kazakh);
INSERT INTO step (number,description,recipe_name,recipe_cuisine_name) VALUES (2,Cut the horse meat and fat into strips, season with salt, pepper, and minced garlic.,Kazy,Kazakh);
INSERT INTO step (number,description,recipe_name,recipe_cuisine_name) VALUES (3,Stuff the seasoned meat and fat tightly into the intestines.,Kazy,Kazakh);
INSERT INTO step (number,description,recipe_name,recipe_cuisine_name) VALUES (4,Tie off the ends of the sausage and boil in water for an hour, or smoke for several hours until cooked through.,Kazy,Kazakh);
INSERT INTO step (number,description,recipe_name,recipe_cuisine_name) VALUES (5,Serve sliced with traditional sides of bread and onions.,Kazy,Kazakh);
INSERT INTO step (number,description,recipe_name,recipe_cuisine_name) VALUES (1,Drain the whey from sour milk or yogurt completely.,Kurt,Kazakh);
INSERT INTO step (number,description,recipe_name,recipe_cuisine_name) VALUES (2,Mix the curd with salt and press any remaining liquid out.,Kurt,Kazakh);
INSERT INTO step (number,description,recipe_name,recipe_cuisine_name) VALUES (3,Form the curd into small balls and cover them in cloth.,Kurt,Kazakh);
INSERT INTO step (number,description,recipe_name,recipe_cuisine_name) VALUES (4,Leave the balls to dry in a cool, ventilated area until hard.,Kurt,Kazakh);
INSERT INTO step (number,description,recipe_name,recipe_cuisine_name) VALUES (5,Store in a dry place until ready to consume.,Kurt,Kazakh);
INSERT INTO step (number,description,recipe_name,recipe_cuisine_name) VALUES (1,Marinate the meat in a mixture of lemon juice, garlic, ginger, and salt for at least 1 hour.,Nyama Choma,Kenyan);
INSERT INTO step (number,description,recipe_name,recipe_cuisine_name) VALUES (2,Prepare a charcoal grill or preheat a gas grill.,Nyama Choma,Kenyan);
INSERT INTO step (number,description,recipe_name,recipe_cuisine_name) VALUES (3,Grill the meat over medium heat, turning regularly, until well browned and cooked to desired doneness.,Nyama Choma,Kenyan);
INSERT INTO step (number,description,recipe_name,recipe_cuisine_name) VALUES (4,Rest the meat for 10 minutes before slicing.,Nyama Choma,Kenyan);
INSERT INTO step (number,description,recipe_name,recipe_cuisine_name) VALUES (5,Serve with kachumbari (a fresh tomato and onion salad) and Ugali.,Nyama Choma,Kenyan);
INSERT INTO step (number,description,recipe_name,recipe_cuisine_name) VALUES (1,Heat oil in a pan over medium heat. Add onions and sauté until translucent.,Sukuma Wiki,Kenyan);
INSERT INTO step (number,description,recipe_name,recipe_cuisine_name) VALUES (2,Add minced garlic and continue to sauté for about 1 minute.,Sukuma Wiki,Kenyan);
INSERT INTO step (number,description,recipe_name,recipe_cuisine_name) VALUES (3,Add the chopped collard greens, stirring to combine with the onions and garlic.,Sukuma Wiki,Kenyan);
INSERT INTO step (number,description,recipe_name,recipe_cuisine_name) VALUES (4,Season with salt, pepper, and a pinch of cayenne for heat.,Sukuma Wiki,Kenyan);
INSERT INTO step (number,description,recipe_name,recipe_cuisine_name) VALUES (5,Cover and simmer over low heat until the greens are tender, adding a little water if necessary.,Sukuma Wiki,Kenyan);
INSERT INTO step (number,description,recipe_name,recipe_cuisine_name) VALUES (6,Serve hot with Ugali or as a side dish to any meal.,Sukuma Wiki,Kenyan);
INSERT INTO step (number,description,recipe_name,recipe_cuisine_name) VALUES (1,Bring water to a boil in a large pot.,Ugali,Kenyan);
INSERT INTO step (number,description,recipe_name,recipe_cuisine_name) VALUES (2,Slowly pour the cornmeal into the boiling water, stirring continuously with a wooden spoon.,Ugali,Kenyan);
INSERT INTO step (number,description,recipe_name,recipe_cuisine_name) VALUES (3,Continue to cook and stir until the mixture thickens and pulls away from the sides of the pot.,Ugali,Kenyan);
INSERT INTO step (number,description,recipe_name,recipe_cuisine_name) VALUES (4,Turn out the Ugali onto a plate and mold into a round shape.,Ugali,Kenyan);
INSERT INTO step (number,description,recipe_name,recipe_cuisine_name) VALUES (5,Serve hot with a stew or vegetables.,Ugali,Kenyan);
INSERT INTO step (number,description,recipe_name,recipe_cuisine_name) VALUES (1,Cook the rice according to package instructions.,Bibimbap,Korean);
INSERT INTO step (number,description,recipe_name,recipe_cuisine_name) VALUES (2,Prepare and sauté each vegetable separately in a pan with a small amount of oil.,Bibimbap,Korean);
INSERT INTO step (number,description,recipe_name,recipe_cuisine_name) VALUES (3,Marinate beef slices in soy sauce, garlic, and sesame oil, then fry until cooked.,Bibimbap,Korean);
INSERT INTO step (number,description,recipe_name,recipe_cuisine_name) VALUES (4,Fry an egg, keeping the yolk runny.,Bibimbap,Korean);
INSERT INTO step (number,description,recipe_name,recipe_cuisine_name) VALUES (5,Assemble the dish by placing rice in a bowl, arranging the vegetables and beef on top, and placing the fried egg in the center.,Bibimbap,Korean);
INSERT INTO step (number,description,recipe_name,recipe_cuisine_name) VALUES (6,Serve with a dollop of gochujang on the side.,Bibimbap,Korean);
INSERT INTO step (number,description,recipe_name,recipe_cuisine_name) VALUES (1,Prepare the dough with flour, sugar, milk, and yeast. Let it rise until doubled in size.,Hoddeok,Korean);
INSERT INTO step (number,description,recipe_name,recipe_cuisine_name) VALUES (2,Mix brown sugar, chopped nuts, and cinnamon for the filling.,Hoddeok,Korean);
INSERT INTO step (number,description,recipe_name,recipe_cuisine_name) VALUES (3,Divide the dough into balls, flatten them, and place a spoonful of filling in the center.,Hoddeok,Korean);
INSERT INTO step (number,description,recipe_name,recipe_cuisine_name) VALUES (4,Seal the dough around the filling and flatten into a pancake shape.,Hoddeok,Korean);
INSERT INTO step (number,description,recipe_name,recipe_cuisine_name) VALUES (5,Fry each pancake in a lightly oiled pan until golden brown on both sides.,Hoddeok,Korean);
INSERT INTO step (number,description,recipe_name,recipe_cuisine_name) VALUES (6,Serve hot, allowing the syrupy filling to ooze out when bitten.,Hoddeok,Korean);
INSERT INTO step (number,description,recipe_name,recipe_cuisine_name) VALUES (1,In a pot, sauté pork belly until browned, then add chopped kimchi and cook until soft.,Kimchi Jjigae,Korean);
INSERT INTO step (number,description,recipe_name,recipe_cuisine_name) VALUES (2,Add water or stock and bring to a boil.,Kimchi Jjigae,Korean);
INSERT INTO step (number,description,recipe_name,recipe_cuisine_name) VALUES (3,Season with gochujang, gochugaru (Korean chili powder), and soy sauce.,Kimchi Jjigae,Korean);
INSERT INTO step (number,description,recipe_name,recipe_cuisine_name) VALUES (4,Add sliced tofu and simmer until all ingredients are well-cooked.,Kimchi Jjigae,Korean);
INSERT INTO step (number,description,recipe_name,recipe_cuisine_name) VALUES (5,Garnish with sliced green onions and serve hot with a bowl of rice.,Kimchi Jjigae,Korean);
INSERT INTO step (number,description,recipe_name,recipe_cuisine_name) VALUES (1,Roast poblano peppers, peel off the skin, and remove seeds.,Chiles en Nogada,Mexican);
INSERT INTO step (number,description,recipe_name,recipe_cuisine_name) VALUES (2,Prepare the picadillo by cooking ground meat with tomatoes, apples, pears, and peaches.,Chiles en Nogada,Mexican);
INSERT INTO step (number,description,recipe_name,recipe_cuisine_name) VALUES (3,Stuff the roasted chiles with the picadillo.,Chiles en Nogada,Mexican);
INSERT INTO step (number,description,recipe_name,recipe_cuisine_name) VALUES (4,Prepare a sauce by blending walnuts with milk, sugar, and sherry until smooth.,Chiles en Nogada,Mexican);
INSERT INTO step (number,description,recipe_name,recipe_cuisine_name) VALUES (5,Cover the stuffed chiles with the walnut cream sauce.,Chiles en Nogada,Mexican);
INSERT INTO step (number,description,recipe_name,recipe_cuisine_name) VALUES (6,Garnish with pomegranate seeds and parsley before serving.,Chiles en Nogada,Mexican);
INSERT INTO step (number,description,recipe_name,recipe_cuisine_name) VALUES (1,Preheat the oven to 350°F (175°C).,Flan,Mexican);
INSERT INTO step (number,description,recipe_name,recipe_cuisine_name) VALUES (2,Melt sugar in a pan until golden and pour into a round baking dish, swirling to coat the bottom.,Flan,Mexican);
INSERT INTO step (number,description,recipe_name,recipe_cuisine_name) VALUES (3,Blend eggs, condensed milk, evaporated milk, and vanilla extract until smooth.,Flan,Mexican);
INSERT INTO step (number,description,recipe_name,recipe_cuisine_name) VALUES (4,Pour the custard mixture over the caramelized sugar.,Flan,Mexican);
INSERT INTO step (number,description,recipe_name,recipe_cuisine_name) VALUES (5,Place the dish in a larger baking pan and fill the pan with hot water halfway up the sides of the dish.,Flan,Mexican);
INSERT INTO step (number,description,recipe_name,recipe_cuisine_name) VALUES (6,Bake in a water bath until set, about 45 minutes.,Flan,Mexican);
INSERT INTO step (number,description,recipe_name,recipe_cuisine_name) VALUES (7,Cool and refrigerate before serving. Invert onto a plate to serve.,Flan,Mexican);
INSERT INTO step (number,description,recipe_name,recipe_cuisine_name) VALUES (1,Marinate thinly sliced pork in a blend of chilies, achiote paste, garlic, and pineapple juice overnight.,Tacos al Pastor,Mexican);
INSERT INTO step (number,description,recipe_name,recipe_cuisine_name) VALUES (2,Cook the pork on a vertical spit or in a very hot skillet until charred and tender.,Tacos al Pastor,Mexican);
INSERT INTO step (number,description,recipe_name,recipe_cuisine_name) VALUES (3,Chop the cooked pork into small pieces.,Tacos al Pastor,Mexican);
INSERT INTO step (number,description,recipe_name,recipe_cuisine_name) VALUES (4,Warm small corn tortillas and fill with pork.,Tacos al Pastor,Mexican);
INSERT INTO step (number,description,recipe_name,recipe_cuisine_name) VALUES (5,Top with diced pineapple, chopped onions, and fresh cilantro.,Tacos al Pastor,Mexican);
INSERT INTO step (number,description,recipe_name,recipe_cuisine_name) VALUES (6,Serve with a squeeze of lime and salsa.,Tacos al Pastor,Mexican);
INSERT INTO step (number,description,recipe_name,recipe_cuisine_name) VALUES (1,Preheat the oven and grease the baking dish.,Baklava,Turkish);
INSERT INTO step (number,description,recipe_name,recipe_cuisine_name) VALUES (2,Layer the filo dough in the dish, brushing each sheet with melted butter and sprinkling chopped nuts between some of the layers.,Baklava,Turkish);
INSERT INTO step (number,description,recipe_name,recipe_cuisine_name) VALUES (3,Cut the layered pastry into diamond or square shapes before baking.,Baklava,Turkish);
INSERT INTO step (number,description,recipe_name,recipe_cuisine_name) VALUES (4,Bake until golden and crisp.,Baklava,Turkish);
INSERT INTO step (number,description,recipe_name,recipe_cuisine_name) VALUES (5,Immediately after baking, pour the prepared syrup evenly over the hot baklava.,Baklava,Turkish);
INSERT INTO step (number,description,recipe_name,recipe_cuisine_name) VALUES (6,Let cool to absorb the syrup before serving.,Baklava,Turkish);
INSERT INTO step (number,description,recipe_name,recipe_cuisine_name) VALUES (1,Grill seasoned lamb strips until well cooked.,İskender Kebab,Turkish);
INSERT INTO step (number,description,recipe_name,recipe_cuisine_name) VALUES (2,Toast pita bread lightly and cut into small pieces.,İskender Kebab,Turkish);
INSERT INTO step (number,description,recipe_name,recipe_cuisine_name) VALUES (3,Place the bread in a dish and cover with grilled lamb.,İskender Kebab,Turkish);
INSERT INTO step (number,description,recipe_name,recipe_cuisine_name) VALUES (4,Heat tomato sauce and pour over the meat.,İskender Kebab,Turkish);
INSERT INTO step (number,description,recipe_name,recipe_cuisine_name) VALUES (5,Melt butter and drizzle over the dish.,İskender Kebab,Turkish);
INSERT INTO step (number,description,recipe_name,recipe_cuisine_name) VALUES (6,Serve with a side of fresh yogurt.,İskender Kebab,Turkish);
INSERT INTO step (number,description,recipe_name,recipe_cuisine_name) VALUES (1,Prepare the dough from flour, water, yeast, and salt. Let it rise for an hour.,Lahmacun,Turkish);
INSERT INTO step (number,description,recipe_name,recipe_cuisine_name) VALUES (2,Mix minced meat with finely chopped bell peppers, tomatoes, onions, parsley, and spices.,Lahmacun,Turkish);
INSERT INTO step (number,description,recipe_name,recipe_cuisine_name) VALUES (3,Roll out the dough into thin circles and spread the meat mixture thinly on top.,Lahmacun,Turkish);
INSERT INTO step (number,description,recipe_name,recipe_cuisine_name) VALUES (4,Bake in a very hot oven until the edges are crisp and browned, about 5 minutes.,Lahmacun,Turkish);
INSERT INTO step (number,description,recipe_name,recipe_cuisine_name) VALUES (5,Serve hot, rolled up with a squeeze of lemon and optional garnishes like lettuce and sliced tomatoes.,Lahmacun,Turkish);
INSERT INTO step (number,description,recipe_name,recipe_cuisine_name) VALUES (1,Prepare the dough by mixing flour, water, salt, and a bit of oil into a smooth, elastic dough. Let it rest.,Gutap,Turkmen);
INSERT INTO step (number,description,recipe_name,recipe_cuisine_name) VALUES (2,For the filling, combine finely chopped spinach, green onions, dill, parsley, and optional cheese.,Gutap,Turkmen);
INSERT INTO step (number,description,recipe_name,recipe_cuisine_name) VALUES (3,Divide the dough into small balls, roll each out thinly, place a spoonful of filling in the center, then fold and seal the edges.,Gutap,Turkmen);
INSERT INTO step (number,description,recipe_name,recipe_cuisine_name) VALUES (4,Fry each pie in hot oil until golden brown on both sides.,Gutap,Turkmen);
INSERT INTO step (number,description,recipe_name,recipe_cuisine_name) VALUES (5,Drain on paper towels and serve warm.,Gutap,Turkmen);
INSERT INTO step (number,description,recipe_name,recipe_cuisine_name) VALUES (1,Heat oil in a large pot and brown the lamb pieces until golden.,Palaw,Turkmen);
INSERT INTO step (number,description,recipe_name,recipe_cuisine_name) VALUES (2,Add chopped onions and grated carrots to the pot and sauté until softened.,Palaw,Turkmen);
INSERT INTO step (number,description,recipe_name,recipe_cuisine_name) VALUES (3,Stir in rice, Turkmen saffron, and enough boiling water to cover the ingredients.,Palaw,Turkmen);
INSERT INTO step (number,description,recipe_name,recipe_cuisine_name) VALUES (4,Cook on low heat until the rice is fluffy and all the liquid is absorbed.,Palaw,Turkmen);
INSERT INTO step (number,description,recipe_name,recipe_cuisine_name) VALUES (5,Serve hot, garnished with fresh herbs.,Palaw,Turkmen);
INSERT INTO step (number,description,recipe_name,recipe_cuisine_name) VALUES (1,In a large pot, brown the lamb pieces to develop flavor.,Shurpa,Turkmen);
INSERT INTO step (number,description,recipe_name,recipe_cuisine_name) VALUES (2,Add water and bring to a boil, skimming off any foam that forms on the surface.,Shurpa,Turkmen);
INSERT INTO step (number,description,recipe_name,recipe_cuisine_name) VALUES (3,Add chopped potatoes, carrots, onions, and bell peppers to the pot.,Shurpa,Turkmen);
INSERT INTO step (number,description,recipe_name,recipe_cuisine_name) VALUES (4,Season with salt, pepper, and a bouquet garni of local herbs.,Shurpa,Turkmen);
INSERT INTO step (number,description,recipe_name,recipe_cuisine_name) VALUES (5,Simmer gently until the meat is tender and vegetables are cooked.,Shurpa,Turkmen);
INSERT INTO step (number,description,recipe_name,recipe_cuisine_name) VALUES (6,Serve hot, sprinkled with chopped herbs like dill and parsley.,Shurpa,Turkmen);
INSERT INTO step (number,description,recipe_name,recipe_cuisine_name) VALUES (1,Soak dried fruits in hot tea the night before baking to plump them up.,Bara Brith,Welsh);
INSERT INTO step (number,description,recipe_name,recipe_cuisine_name) VALUES (2,Mix flour, sugar, and spices in a bowl.,Bara Brith,Welsh);
INSERT INTO step (number,description,recipe_name,recipe_cuisine_name) VALUES (3,Add the soaked fruits with any remaining tea, followed by an egg, and mix to form a dough.,Bara Brith,Welsh);
INSERT INTO step (number,description,recipe_name,recipe_cuisine_name) VALUES (4,Pour the batter into a greased loaf pan.,Bara Brith,Welsh);
INSERT INTO step (number,description,recipe_name,recipe_cuisine_name) VALUES (5,Bake in a preheated oven at 350°F (175°C) for about 1.5 hours until risen and golden.,Bara Brith,Welsh);
INSERT INTO step (number,description,recipe_name,recipe_cuisine_name) VALUES (6,Cool in the pan, then turn out onto a wire rack.,Bara Brith,Welsh);
INSERT INTO step (number,description,recipe_name,recipe_cuisine_name) VALUES (7,Slice and serve with butter.,Bara Brith,Welsh);
INSERT INTO step (number,description,recipe_name,recipe_cuisine_name) VALUES (1,In a large pot, brown the lamb pieces, then remove and set aside.,Cawl,Welsh);
INSERT INTO step (number,description,recipe_name,recipe_cuisine_name) VALUES (2,In the same pot, sauté onions, carrots, and leeks until slightly softened.,Cawl,Welsh);
INSERT INTO step (number,description,recipe_name,recipe_cuisine_name) VALUES (3,Return the lamb to the pot, add potatoes, and cover with water or stock.,Cawl,Welsh);
INSERT INTO step (number,description,recipe_name,recipe_cuisine_name) VALUES (4,Bring to a boil, then reduce to a simmer, covering and cooking for at least 3 hours until the meat is tender and the vegetables are cooked.,Cawl,Welsh);
INSERT INTO step (number,description,recipe_name,recipe_cuisine_name) VALUES (5,Season with salt and pepper to taste, and add chopped parsley before serving.,Cawl,Welsh);
INSERT INTO step (number,description,recipe_name,recipe_cuisine_name) VALUES (6,Serve hot, with a side of crusty bread.,Cawl,Welsh);
INSERT INTO step (number,description,recipe_name,recipe_cuisine_name) VALUES (1,In a saucepan, melt butter and stir in the flour to make a roux.,Welsh Rarebit,Welsh);
INSERT INTO step (number,description,recipe_name,recipe_cuisine_name) VALUES (2,Gradually add beer to the roux while continuously stirring to create a smooth sauce.,Welsh Rarebit,Welsh);
INSERT INTO step (number,description,recipe_name,recipe_cuisine_name) VALUES (3,Add grated cheese to the saucepan, stirring until the cheese is melted.,Welsh Rarebit,Welsh);
INSERT INTO step (number,description,recipe_name,recipe_cuisine_name) VALUES (4,Season the cheese sauce with mustard, Worcestershire sauce, and a pinch of salt and pepper.,Welsh Rarebit,Welsh);
INSERT INTO step (number,description,recipe_name,recipe_cuisine_name) VALUES (5,Pour the hot cheese sauce over slices of toasted bread.,Welsh Rarebit,Welsh);
INSERT INTO step (number,description,recipe_name,recipe_cuisine_name) VALUES (6,Grill the topped bread under a broiler until bubbly and golden brown.,Welsh Rarebit,Welsh);
INSERT INTO step (number,description,recipe_name,recipe_cuisine_name) VALUES (7,Serve immediately.,Welsh Rarebit,Welsh);
INSERT INTO step (number,description,recipe_name,recipe_cuisine_name) VALUES (1,Brown lamb pieces in a skillet with a little oil.,Tavë Kosi,Albanian);
INSERT INTO step (number,description,recipe_name,recipe_cuisine_name) VALUES (2,Place lamb in a baking dish and cover with rice and water.,Tavë Kosi,Albanian);
INSERT INTO step (number,description,recipe_name,recipe_cuisine_name) VALUES (3,Bake in the oven at 375°F for 30 minutes.,Tavë Kosi,Albanian);
INSERT INTO step (number,description,recipe_name,recipe_cuisine_name) VALUES (4,Whisk together yogurt, eggs, and flour; pour over the lamb and rice.,Tavë Kosi,Albanian);
INSERT INTO step (number,description,recipe_name,recipe_cuisine_name) VALUES (5,Return to oven and bake until the topping is golden and set.,Tavë Kosi,Albanian);
INSERT INTO step (number,description,recipe_name,recipe_cuisine_name) VALUES (6,Serve hot.,Tavë Kosi,Albanian);
INSERT INTO step (number,description,recipe_name,recipe_cuisine_name) VALUES (1,Prepare phyllo dough and layer half in a greased baking dish.,Bakllasarem,Albanian);
INSERT INTO step (number,description,recipe_name,recipe_cuisine_name) VALUES (2,Mix chopped walnuts, sugar, and cinnamon; spread over the phyllo.,Bakllasarem,Albanian);
INSERT INTO step (number,description,recipe_name,recipe_cuisine_name) VALUES (3,Top with the remaining phyllo, brushing each layer with melted butter.,Bakllasarem,Albanian);
INSERT INTO step (number,description,recipe_name,recipe_cuisine_name) VALUES (4,Cut into diamonds and bake at 350°F until golden and crisp.,Bakllasarem,Albanian);
INSERT INTO step (number,description,recipe_name,recipe_cuisine_name) VALUES (5,Pour syrup made from sugar, water, and lemon juice over the hot pastry.,Bakllasarem,Albanian);
INSERT INTO step (number,description,recipe_name,recipe_cuisine_name) VALUES (6,Allow to cool before serving.,Bakllasarem,Albanian);
INSERT INTO step (number,description,recipe_name,recipe_cuisine_name) VALUES (1,Sauté chopped onions and bell peppers in olive oil until soft.,Fërgesë,Albanian);
INSERT INTO step (number,description,recipe_name,recipe_cuisine_name) VALUES (2,Add chopped tomatoes and simmer until the mixture thickens.,Fërgesë,Albanian);
INSERT INTO step (number,description,recipe_name,recipe_cuisine_name) VALUES (3,Stir in crumbled cottage cheese and season with salt and pepper.,Fërgesë,Albanian);
INSERT INTO step (number,description,recipe_name,recipe_cuisine_name) VALUES (4,Cook until everything is heated through.,Fërgesë,Albanian);
INSERT INTO step (number,description,recipe_name,recipe_cuisine_name) VALUES (5,Serve warm with crusty bread.,Fërgesë,Albanian);
INSERT INTO step (number,description,recipe_name,recipe_cuisine_name) VALUES (1,Prepare rice according to package instructions.,Speca të mbushur,Albanian);
INSERT INTO step (number,description,recipe_name,recipe_cuisine_name) VALUES (2,Mix cooked rice with chopped herbs, garlic, and precooked shrimp.,Speca të mbushur,Albanian);
INSERT INTO step (number,description,recipe_name,recipe_cuisine_name) VALUES (3,Cut tops off bell peppers and remove seeds.,Speca të mbushur,Albanian);
INSERT INTO step (number,description,recipe_name,recipe_cuisine_name) VALUES (4,Stuff peppers with rice mixture, place in a baking dish.,Speca të mbushur,Albanian);
INSERT INTO step (number,description,recipe_name,recipe_cuisine_name) VALUES (5,Bake at 375°F until peppers are soft and filling is hot.,Speca të mbushur,Albanian);
INSERT INTO step (number,description,recipe_name,recipe_cuisine_name) VALUES (6,Serve with lemon wedges.,Speca të mbushur,Albanian);
INSERT INTO step (number,description,recipe_name,recipe_cuisine_name) VALUES (1,Preheat oven to 350°F.,Byrek me Spinaq,Albanian);
INSERT INTO step (number,description,recipe_name,recipe_cuisine_name) VALUES (2,Sauté spinach until wilted, then mix with crumbled feta cheese and eggs.,Byrek me Spinaq,Albanian);
INSERT INTO step (number,description,recipe_name,recipe_cuisine_name) VALUES (3,Layer phyllo sheets in a greased baking pan, brushing each with oil.,Byrek me Spinaq,Albanian);
INSERT INTO step (number,description,recipe_name,recipe_cuisine_name) VALUES (4,Spread spinach mixture over phyllo, then cover with more phyllo sheets.,Byrek me Spinaq,Albanian);
INSERT INTO step (number,description,recipe_name,recipe_cuisine_name) VALUES (5,Bake until golden brown.,Byrek me Spinaq,Albanian);
INSERT INTO step (number,description,recipe_name,recipe_cuisine_name) VALUES (6,Cut into squares and serve.,Byrek me Spinaq,Albanian);
INSERT INTO step (number,description,recipe_name,recipe_cuisine_name) VALUES (1,Soak beans overnight, then drain and rinse.,Jani me fasule,Albanian);
INSERT INTO step (number,description,recipe_name,recipe_cuisine_name) VALUES (2,Sauté onions and garlic in a pot until translucent.,Jani me fasule,Albanian);
INSERT INTO step (number,description,recipe_name,recipe_cuisine_name) VALUES (3,Add beans, water, and chopped tomatoes. Bring to a boil, then reduce to a simmer.,Jani me fasule,Albanian);
INSERT INTO step (number,description,recipe_name,recipe_cuisine_name) VALUES (4,Cook covered on low heat for 2 hours until beans are tender.,Jani me fasule,Albanian);
INSERT INTO step (number,description,recipe_name,recipe_cuisine_name) VALUES (5,Season with salt, pepper, and a pinch of chili powder.,Jani me fasule,Albanian);
INSERT INTO step (number,description,recipe_name,recipe_cuisine_name) VALUES (6,Serve hot with bread.,Jani me fasule,Albanian);
INSERT INTO step (number,description,recipe_name,recipe_cuisine_name) VALUES (1,Preheat oven to 350°F.,Shëndetli,Albanian);
INSERT INTO step (number,description,recipe_name,recipe_cuisine_name) VALUES (2,Prepare cake batter with eggs, sugar, and ground walnuts.,Shëndetli,Albanian);
INSERT INTO step (number,description,recipe_name,recipe_cuisine_name) VALUES (3,Pour into a greased pan and bake until a toothpick comes out clean.,Shëndetli,Albanian);
INSERT INTO step (number,description,recipe_name,recipe_cuisine_name) VALUES (4,Simultaneously, prepare syrup with sugar, water, and lemon juice.,Shëndetli,Albanian);
INSERT INTO step (number,description,recipe_name,recipe_cuisine_name) VALUES (5,Pour hot syrup over the hot cake after removing from oven.,Shëndetli,Albanian);
INSERT INTO step (number,description,recipe_name,recipe_cuisine_name) VALUES (6,Let absorb and cool before serving.,Shëndetli,Albanian);
INSERT INTO step (number,description,recipe_name,recipe_cuisine_name) VALUES (1,Cook rice until tender, then mix with beaten eggs, chopped mint, and salt.,Qifqi,Albanian);
INSERT INTO step (number,description,recipe_name,recipe_cuisine_name) VALUES (2,Heat oil in a deep skillet.,Qifqi,Albanian);
INSERT INTO step (number,description,recipe_name,recipe_cuisine_name) VALUES (3,Form rice mixture into small balls and fry until golden and crispy.,Qifqi,Albanian);
INSERT INTO step (number,description,recipe_name,recipe_cuisine_name) VALUES (4,Drain on paper towels and serve hot.,Qifqi,Albanian);
INSERT INTO step (number,description,recipe_name,recipe_cuisine_name) VALUES (1,Slice zucchini, bell peppers, eggplants, and tomatoes into even pieces.,Përime në zgare,Albanian);
INSERT INTO step (number,description,recipe_name,recipe_cuisine_name) VALUES (2,Marinate with olive oil, garlic, and herbs.,Përime në zgare,Albanian);
INSERT INTO step (number,description,recipe_name,recipe_cuisine_name) VALUES (3,Grill on high heat until vegetables are tender and have grill marks.,Përime në zgare,Albanian);
INSERT INTO step (number,description,recipe_name,recipe_cuisine_name) VALUES (4,Serve hot or at room temperature, garnished with fresh basil.,Përime në zgare,Albanian);
INSERT INTO step (number,description,recipe_name,recipe_cuisine_name) VALUES (1,Clean mussels and discard any that are open and do not close when tapped.,Mish me midhje,Albanian);
INSERT INTO step (number,description,recipe_name,recipe_cuisine_name) VALUES (2,Heat olive oil in a large skillet, add minced garlic, and sauté until fragrant.,Mish me midhje,Albanian);
INSERT INTO step (number,description,recipe_name,recipe_cuisine_name) VALUES (3,Add mussels and cover with white wine, simmer until mussels open.,Mish me midhje,Albanian);
INSERT INTO step (number,description,recipe_name,recipe_cuisine_name) VALUES (4,Sprinkle with chopped parsley and serve hot.,Mish me midhje,Albanian);
INSERT INTO step (number,description,recipe_name,recipe_cuisine_name) VALUES (5,Serve with pasta or fresh bread.,Mish me midhje,Albanian);
INSERT INTO step (number,description,recipe_name,recipe_cuisine_name) VALUES (1,Form ground beef into patties and season with salt and pepper.,Cheeseburger,American);
INSERT INTO step (number,description,recipe_name,recipe_cuisine_name) VALUES (2,Grill patties on medium-high heat until desired doneness.,Cheeseburger,American);
INSERT INTO step (number,description,recipe_name,recipe_cuisine_name) VALUES (3,Place a slice of cheese on each patty in the last minute of cooking to melt.,Cheeseburger,American);
INSERT INTO step (number,description,recipe_name,recipe_cuisine_name) VALUES (4,Toast hamburger buns on the grill.,Cheeseburger,American);
INSERT INTO step (number,description,recipe_name,recipe_cuisine_name) VALUES (5,Assemble the burgers by placing lettuce, tomato, patty with cheese, onions, and pickles on the bun.,Cheeseburger,American);
INSERT INTO step (number,description,recipe_name,recipe_cuisine_name) VALUES (6,Serve with ketchup, mustard, or mayonnaise.,Cheeseburger,American);
INSERT INTO step (number,description,recipe_name,recipe_cuisine_name) VALUES (1,Prepare the pie crust and line a pie dish with one layer of crust.,Apple Pie,American);
INSERT INTO step (number,description,recipe_name,recipe_cuisine_name) VALUES (2,Mix sliced apples with sugar, cinnamon, and flour.,Apple Pie,American);
INSERT INTO step (number,description,recipe_name,recipe_cuisine_name) VALUES (3,Fill the pie crust with the apple mixture.,Apple Pie,American);
INSERT INTO step (number,description,recipe_name,recipe_cuisine_name) VALUES (4,Cover with the second layer of crust, seal edges, and cut small slits in the top.,Apple Pie,American);
INSERT INTO step (number,description,recipe_name,recipe_cuisine_name) VALUES (5,Bake at 375°F until the crust is golden and the filling is bubbly.,Apple Pie,American);
INSERT INTO step (number,description,recipe_name,recipe_cuisine_name) VALUES (6,Serve warm with vanilla ice cream.,Apple Pie,American);
INSERT INTO step (number,description,recipe_name,recipe_cuisine_name) VALUES (1,Combine flour, salt, pepper, paprika, and garlic powder in a bowl.,Fried Chicken,American);
INSERT INTO step (number,description,recipe_name,recipe_cuisine_name) VALUES (2,Dip chicken pieces in beaten eggs, then dredge in flour mixture.,Fried Chicken,American);
INSERT INTO step (number,description,recipe_name,recipe_cuisine_name) VALUES (3,Heat oil in a deep fryer or large skillet to 350°F.,Fried Chicken,American);
INSERT INTO step (number,description,recipe_name,recipe_cuisine_name) VALUES (4,Fry chicken until crispy and cooked through, about 10 minutes per side.,Fried Chicken,American);
INSERT INTO step (number,description,recipe_name,recipe_cuisine_name) VALUES (5,Drain on paper towels and serve.,Fried Chicken,American);
INSERT INTO step (number,description,recipe_name,recipe_cuisine_name) VALUES (1,Cook macaroni according to package instructions; drain.,Macaroni and Cheese,American);
INSERT INTO step (number,description,recipe_name,recipe_cuisine_name) VALUES (2,In a saucepan, melt butter and stir in flour to make a roux.,Macaroni and Cheese,American);
INSERT INTO step (number,description,recipe_name,recipe_cuisine_name) VALUES (3,Gradually add milk to the roux, stirring constantly until thickened.,Macaroni and Cheese,American);
INSERT INTO step (number,description,recipe_name,recipe_cuisine_name) VALUES (4,Remove from heat and mix in grated cheese until melted.,Macaroni and Cheese,American);
INSERT INTO step (number,description,recipe_name,recipe_cuisine_name) VALUES (5,Combine cheese sauce with macaroni, transfer to a baking dish, and bake at 375°F for 20 minutes.,Macaroni and Cheese,American);
INSERT INTO step (number,description,recipe_name,recipe_cuisine_name) VALUES (6,Optionally, top with breadcrumbs and bake until golden.,Macaroni and Cheese,American);
INSERT INTO step (number,description,recipe_name,recipe_cuisine_name) VALUES (1,Rub ribs with a mixture of paprika, garlic powder, salt, and sugar.,Barbecue Ribs,American);
INSERT INTO step (number,description,recipe_name,recipe_cuisine_name) VALUES (2,Wrap ribs in foil and bake at 275°F for 3 hours until tender.,Barbecue Ribs,American);
INSERT INTO step (number,description,recipe_name,recipe_cuisine_name) VALUES (3,Remove ribs from foil, brush with barbecue sauce, and grill for 10 minutes on each side.,Barbecue Ribs,American);
INSERT INTO step (number,description,recipe_name,recipe_cuisine_name) VALUES (4,Serve with extra barbecue sauce.,Barbecue Ribs,American);
INSERT INTO step (number,description,recipe_name,recipe_cuisine_name) VALUES (1,Mix flour, sugar, baking powder, and salt in a bowl.,Pancakes,American);
INSERT INTO step (number,description,recipe_name,recipe_cuisine_name) VALUES (2,In another bowl, whisk together milk, egg, and melted butter.,Pancakes,American);
INSERT INTO step (number,description,recipe_name,recipe_cuisine_name) VALUES (3,Combine the wet and dry ingredients until just mixed; some lumps are okay.,Pancakes,American);
INSERT INTO step (number,description,recipe_name,recipe_cuisine_name) VALUES (4,Heat a griddle or skillet over medium heat and pour batter to form pancakes.,Pancakes,American);
INSERT INTO step (number,description,recipe_name,recipe_cuisine_name) VALUES (5,Cook until bubbles form on the surface, then flip and cook until golden.,Pancakes,American);
INSERT INTO step (number,description,recipe_name,recipe_cuisine_name) VALUES (6,Serve with butter and maple syrup.,Pancakes,American);
INSERT INTO step (number,description,recipe_name,recipe_cuisine_name) VALUES (1,Cream together butter and sugars until fluffy.,Chocolate Chip Cookies,American);
INSERT INTO step (number,description,recipe_name,recipe_cuisine_name) VALUES (2,Beat in eggs and vanilla extract.,Chocolate Chip Cookies,American);
INSERT INTO step (number,description,recipe_name,recipe_cuisine_name) VALUES (3,Mix in flour, baking soda, and salt.,Chocolate Chip Cookies,American);
INSERT INTO step (number,description,recipe_name,recipe_cuisine_name) VALUES (4,Stir in chocolate chips.,Chocolate Chip Cookies,American);
INSERT INTO step (number,description,recipe_name,recipe_cuisine_name) VALUES (5,Drop spoonfuls of dough onto a baking sheet and bake at 350°F for 10 minutes or until golden.,Chocolate Chip Cookies,American);
INSERT INTO step (number,description,recipe_name,recipe_cuisine_name) VALUES (6,Cool on a wire rack before serving.,Chocolate Chip Cookies,American);
INSERT INTO step (number,description,recipe_name,recipe_cuisine_name) VALUES (1,Cook bacon until crispy.,BLT Sandwich,American);
INSERT INTO step (number,description,recipe_name,recipe_cuisine_name) VALUES (2,Toast slices of bread.,BLT Sandwich,American);
INSERT INTO step (number,description,recipe_name,recipe_cuisine_name) VALUES (3,Spread mayonnaise on one side of each slice of bread.,BLT Sandwich,American);
INSERT INTO step (number,description,recipe_name,recipe_cuisine_name) VALUES (4,Layer crispy bacon, sliced tomatoes, and lettuce leaves on one slice, then top with another slice of bread.,BLT Sandwich,American);
INSERT INTO step (number,description,recipe_name,recipe_cuisine_name) VALUES (5,Cut in half and serve.,BLT Sandwich,American);
INSERT INTO step (number,description,recipe_name,recipe_cuisine_name) VALUES (1,Cook chopped bacon until crisp; set aside.,Clam Chowder,American);
INSERT INTO step (number,description,recipe_name,recipe_cuisine_name) VALUES (2,In the same pot, sauté onions and celery until soft.,Clam Chowder,American);
INSERT INTO step (number,description,recipe_name,recipe_cuisine_name) VALUES (3,Add potatoes, clams with juice, water, and seasonings; simmer until potatoes are tender.,Clam Chowder,American);
INSERT INTO step (number,description,recipe_name,recipe_cuisine_name) VALUES (4,Stir in cream and heat through without boiling.,Clam Chowder,American);
INSERT INTO step (number,description,recipe_name,recipe_cuisine_name) VALUES (5,Serve garnished with crispy bacon and oyster crackers.,Clam Chowder,American);
INSERT INTO step (number,description,recipe_name,recipe_cuisine_name) VALUES (1,Melt butter and chocolate together.,Brownies,American);
INSERT INTO step (number,description,recipe_name,recipe_cuisine_name) VALUES (2,Stir in sugar, eggs, and vanilla extract.,Brownies,American);
INSERT INTO step (number,description,recipe_name,recipe_cuisine_name) VALUES (3,Mix in flour, cocoa powder, and salt.,Brownies,American);
INSERT INTO step (number,description,recipe_name,recipe_cuisine_name) VALUES (4,Fold in additional chocolate chunks.,Brownies,American);
INSERT INTO step (number,description,recipe_name,recipe_cuisine_name) VALUES (5,Pour batter into a greased baking pan and bake at 350°F for 25 minutes.,Brownies,American);
INSERT INTO step (number,description,recipe_name,recipe_cuisine_name) VALUES (6,Cool in pan before cutting into squares and serving.,Brownies,American);
INSERT INTO step (number,description,recipe_name,recipe_cuisine_name) VALUES (1,Chop tomatoes, cucumbers, and onions into bite-sized pieces.,Shopska Salata,Bulgarian);
INSERT INTO step (number,description,recipe_name,recipe_cuisine_name) VALUES (2,Combine in a bowl and season with salt and olive oil.,Shopska Salata,Bulgarian);
INSERT INTO step (number,description,recipe_name,recipe_cuisine_name) VALUES (3,Top with grated sirene cheese and a sprinkle of parsley before serving.,Shopska Salata,Bulgarian);
INSERT INTO step (number,description,recipe_name,recipe_cuisine_name) VALUES (1,Brown the meat in a pot with some oil.,Kavarma,Bulgarian);
INSERT INTO step (number,description,recipe_name,recipe_cuisine_name) VALUES (2,Add chopped onions, peppers, and mushrooms to the pot and sauté until soft.,Kavarma,Bulgarian);
INSERT INTO step (number,description,recipe_name,recipe_cuisine_name) VALUES (3,Stir in paprika, a splash of white wine, and tomato paste. Cover and simmer for an hour.,Kavarma,Bulgarian);
INSERT INTO step (number,description,recipe_name,recipe_cuisine_name) VALUES (4,Season with salt, pepper, and fresh herbs before serving.,Kavarma,Bulgarian);
INSERT INTO step (number,description,recipe_name,recipe_cuisine_name) VALUES (1,Mix beaten eggs with crumbled sirene cheese and yogurt.,Banitsa,Bulgarian);
INSERT INTO step (number,description,recipe_name,recipe_cuisine_name) VALUES (2,Layer sheets of phyllo dough in a greased baking dish, brushing each with melted butter.,Banitsa,Bulgarian);
INSERT INTO step (number,description,recipe_name,recipe_cuisine_name) VALUES (3,Spread the egg and cheese mixture between layers of phyllo.,Banitsa,Bulgarian);
INSERT INTO step (number,description,recipe_name,recipe_cuisine_name) VALUES (4,Bake at 375°F until golden brown and puffed.,Banitsa,Bulgarian);
INSERT INTO step (number,description,recipe_name,recipe_cuisine_name) VALUES (5,Cut into squares and serve hot.,Banitsa,Bulgarian);
INSERT INTO step (number,description,recipe_name,recipe_cuisine_name) VALUES (1,Mix flour, yeast, and yogurt to form a soft dough. Let it rise until doubled.,Mekitsa,Bulgarian);
INSERT INTO step (number,description,recipe_name,recipe_cuisine_name) VALUES (2,Heat oil in a deep fryer.,Mekitsa,Bulgarian);
INSERT INTO step (number,description,recipe_name,recipe_cuisine_name) VALUES (3,Roll out small pieces of dough and fry until golden brown on both sides.,Mekitsa,Bulgarian);
INSERT INTO step (number,description,recipe_name,recipe_cuisine_name) VALUES (4,Drain on paper towels and sprinkle with powdered sugar, or serve with honey or jam.,Mekitsa,Bulgarian);
INSERT INTO step (number,description,recipe_name,recipe_cuisine_name) VALUES (1,Layer thinly sliced potatoes and seasoned minced meat in a baking dish.,Musaka,Bulgarian);
INSERT INTO step (number,description,recipe_name,recipe_cuisine_name) VALUES (2,Mix eggs with yogurt and pour over the layers.,Musaka,Bulgarian);
INSERT INTO step (number,description,recipe_name,recipe_cuisine_name) VALUES (3,Bake at 350°F until the top is golden and the potatoes are tender.,Musaka,Bulgarian);
INSERT INTO step (number,description,recipe_name,recipe_cuisine_name) VALUES (4,Allow to set before serving.,Musaka,Bulgarian);
INSERT INTO step (number,description,recipe_name,recipe_cuisine_name) VALUES (1,Combine yogurt with water to a soup-like consistency.,Tarator,Bulgarian);
INSERT INTO step (number,description,recipe_name,recipe_cuisine_name) VALUES (2,Add finely chopped cucumbers, crushed garlic, chopped dill, and crushed walnuts.,Tarator,Bulgarian);
INSERT INTO step (number,description,recipe_name,recipe_cuisine_name) VALUES (3,Season with salt and olive oil.,Tarator,Bulgarian);
INSERT INTO step (number,description,recipe_name,recipe_cuisine_name) VALUES (4,Chill in the fridge for at least an hour before serving.,Tarator,Bulgarian);
INSERT INTO step (number,description,recipe_name,recipe_cuisine_name) VALUES (1,Layer kadaif dough in a tray, interspersing with mixed nuts.,Kadaif,Bulgarian);
INSERT INTO step (number,description,recipe_name,recipe_cuisine_name) VALUES (2,Bake until golden brown.,Kadaif,Bulgarian);
INSERT INTO step (number,description,recipe_name,recipe_cuisine_name) VALUES (3,Pour a hot syrup made of sugar, water, and lemon juice over the baked kadaif.,Kadaif,Bulgarian);
INSERT INTO step (number,description,recipe_name,recipe_cuisine_name) VALUES (4,Let it cool and absorb the syrup before serving.,Kadaif,Bulgarian);
INSERT INTO step (number,description,recipe_name,recipe_cuisine_name) VALUES (1,Toast bread slices lightly.,Bulgarian Cheese Toast,Bulgarian);
INSERT INTO step (number,description,recipe_name,recipe_cuisine_name) VALUES (2,Spread a thick layer of grated Bulgarian cheese on each slice.,Bulgarian Cheese Toast,Bulgarian);
INSERT INTO step (number,description,recipe_name,recipe_cuisine_name) VALUES (3,Broil in the oven until the cheese is bubbly and golden.,Bulgarian Cheese Toast,Bulgarian);
INSERT INTO step (number,description,recipe_name,recipe_cuisine_name) VALUES (4,Optionally top with a fried egg and serve immediately.,Bulgarian Cheese Toast,Bulgarian);
INSERT INTO step (number,description,recipe_name,recipe_cuisine_name) VALUES (1,Prepare walnut sponge layers by beating egg whites with sugar and folding in ground walnuts and flour.,Garash Cake,Bulgarian);
INSERT INTO step (number,description,recipe_name,recipe_cuisine_name) VALUES (2,Bake each layer separately until set.,Garash Cake,Bulgarian);
INSERT INTO step (number,description,recipe_name,recipe_cuisine_name) VALUES (3,Prepare chocolate ganache with heavy cream and dark chocolate.,Garash Cake,Bulgarian);
INSERT INTO step (number,description,recipe_name,recipe_cuisine_name) VALUES (4,Assemble the cake by layering sponge and ganache, finishing with a ganache topping.,Garash Cake,Bulgarian);
INSERT INTO step (number,description,recipe_name,recipe_cuisine_name) VALUES (5,Chill in the fridge to set before serving.,Garash Cake,Bulgarian);
INSERT INTO step (number,description,recipe_name,recipe_cuisine_name) VALUES (1,Prepare cabbage leaves by boiling until tender.,Sarmi,Bulgarian);
INSERT INTO step (number,description,recipe_name,recipe_cuisine_name) VALUES (2,Mix minced meat with rice, onions, and spices.,Sarmi,Bulgarian);
INSERT INTO step (number,description,recipe_name,recipe_cuisine_name) VALUES (3,Place a spoonful of the filling on each leaf and roll tightly.,Sarmi,Bulgarian);
INSERT INTO step (number,description,recipe_name,recipe_cuisine_name) VALUES (4,Arrange the rolls in a pot, cover with tomato sauce and water.,Sarmi,Bulgarian);
INSERT INTO step (number,description,recipe_name,recipe_cuisine_name) VALUES (5,Simmer on low heat until the meat and rice are fully cooked.,Sarmi,Bulgarian);
INSERT INTO step (number,description,recipe_name,recipe_cuisine_name) VALUES (6,Serve hot, garnished with fresh herbs.,Sarmi,Bulgarian);
INSERT INTO step (number,description,recipe_name,recipe_cuisine_name) VALUES (1,Slice beef into thin strips.,Beef Stroganoff,Russian);
INSERT INTO step (number,description,recipe_name,recipe_cuisine_name) VALUES (2,Season beef with salt and pepper.,Beef Stroganoff,Russian);
INSERT INTO step (number,description,recipe_name,recipe_cuisine_name) VALUES (3,Heat oil in a pan over medium heat and sauté onions until translucent.,Beef Stroganoff,Russian);
INSERT INTO step (number,description,recipe_name,recipe_cuisine_name) VALUES (4,Add beef to the pan and brown.,Beef Stroganoff,Russian);
INSERT INTO step (number,description,recipe_name,recipe_cuisine_name) VALUES (5,Reduce heat and add mustard and beef broth. Simmer for 10 minutes.,Beef Stroganoff,Russian);
INSERT INTO step (number,description,recipe_name,recipe_cuisine_name) VALUES (6,Stir in sour cream and cook for another 5 minutes without boiling.,Beef Stroganoff,Russian);
INSERT INTO step (number,description,recipe_name,recipe_cuisine_name) VALUES (7,Serve hot over noodles or rice.,Beef Stroganoff,Russian);
INSERT INTO step (number,description,recipe_name,recipe_cuisine_name) VALUES (1,Mix honey, sugar, and eggs in a bowl.,Medovik,Russian);
INSERT INTO step (number,description,recipe_name,recipe_cuisine_name) VALUES (2,Add baking soda and melt mixture over steam until it increases in volume.,Medovik,Russian);
INSERT INTO step (number,description,recipe_name,recipe_cuisine_name) VALUES (3,Mix flour into the warm honey mixture to form dough.,Medovik,Russian);
INSERT INTO step (number,description,recipe_name,recipe_cuisine_name) VALUES (4,Divide the dough into 8 parts, roll out each and bake for 5 minutes at 350°F.,Medovik,Russian);
INSERT INTO step (number,description,recipe_name,recipe_cuisine_name) VALUES (5,Whisk sour cream with sugar and vanilla.,Medovik,Russian);
INSERT INTO step (number,description,recipe_name,recipe_cuisine_name) VALUES (6,Spread cream between each cooled cake layer.,Medovik,Russian);
INSERT INTO step (number,description,recipe_name,recipe_cuisine_name) VALUES (7,Coat the outside with leftover cream and crumble a baked dough layer on top.,Medovik,Russian);
INSERT INTO step (number,description,recipe_name,recipe_cuisine_name) VALUES (8,Chill in fridge overnight before serving.,Medovik,Russian);
INSERT INTO step (number,description,recipe_name,recipe_cuisine_name) VALUES (1,Peel and chop all vegetables.,Borscht,Russian);
INSERT INTO step (number,description,recipe_name,recipe_cuisine_name) VALUES (2,Sauté onions and carrots in a pot.,Borscht,Russian);
INSERT INTO step (number,description,recipe_name,recipe_cuisine_name) VALUES (3,Add beets and continue to sauté for a few minutes.,Borscht,Russian);
INSERT INTO step (number,description,recipe_name,recipe_cuisine_name) VALUES (4,Add water, cabbage, and potatoes and bring to a boil.,Borscht,Russian);
INSERT INTO step (number,description,recipe_name,recipe_cuisine_name) VALUES (5,Simmer until all vegetables are tender.,Borscht,Russian);
INSERT INTO step (number,description,recipe_name,recipe_cuisine_name) VALUES (6,Add vinegar, sugar, and salt to taste.,Borscht,Russian);
INSERT INTO step (number,description,recipe_name,recipe_cuisine_name) VALUES (7,Serve with sour cream and fresh dill.,Borscht,Russian);
INSERT INTO step (number,description,recipe_name,recipe_cuisine_name) VALUES (1,Mix flour, eggs, water, and salt to form a dough.,Pelmeni,Russian);
INSERT INTO step (number,description,recipe_name,recipe_cuisine_name) VALUES (2,Roll dough thin and cut into circles.,Pelmeni,Russian);
INSERT INTO step (number,description,recipe_name,recipe_cuisine_name) VALUES (3,Place a small amount of meat filling in the center of each circle.,Pelmeni,Russian);
INSERT INTO step (number,description,recipe_name,recipe_cuisine_name) VALUES (4,Fold dough over and seal edges to form a dumpling.,Pelmeni,Russian);
INSERT INTO step (number,description,recipe_name,recipe_cuisine_name) VALUES (5,Boil dumplings in salted water until they float to the surface.,Pelmeni,Russian);
INSERT INTO step (number,description,recipe_name,recipe_cuisine_name) VALUES (6,Serve hot with melted butter or sour cream.,Pelmeni,Russian);
INSERT INTO step (number,description,recipe_name,recipe_cuisine_name) VALUES (1,Mix tvorog, eggs, flour, sugar, and vanilla.,Syrniki,Russian);
INSERT INTO step (number,description,recipe_name,recipe_cuisine_name) VALUES (2,Form small patties from the mixture.,Syrniki,Russian);
INSERT INTO step (number,description,recipe_name,recipe_cuisine_name) VALUES (3,Fry patties in a hot, oiled pan until golden brown on both sides.,Syrniki,Russian);
INSERT INTO step (number,description,recipe_name,recipe_cuisine_name) VALUES (4,Serve hot with sour cream or jam.,Syrniki,Russian);
INSERT INTO step (number,description,recipe_name,recipe_cuisine_name) VALUES (1,Rinse buckwheat groats under cold water.,Kasha,Russian);
INSERT INTO step (number,description,recipe_name,recipe_cuisine_name) VALUES (2,Bring water to a boil and add groats.,Kasha,Russian);
INSERT INTO step (number,description,recipe_name,recipe_cuisine_name) VALUES (3,Reduce heat to low, cover, and simmer until groats are tender and water is absorbed.,Kasha,Russian);
INSERT INTO step (number,description,recipe_name,recipe_cuisine_name) VALUES (4,Serve hot with milk or as a side dish to meat.,Kasha,Russian);
INSERT INTO step (number,description,recipe_name,recipe_cuisine_name) VALUES (1,Mix honey, sugar, and spices in a bowl.,Pryaniki,Russian);
INSERT INTO step (number,description,recipe_name,recipe_cuisine_name) VALUES (2,Add eggs and melted butter, then blend in flour to form a stiff dough.,Pryaniki,Russian);
INSERT INTO step (number,description,recipe_name,recipe_cuisine_name) VALUES (3,Roll out dough and cut into shapes.,Pryaniki,Russian);
INSERT INTO step (number,description,recipe_name,recipe_cuisine_name) VALUES (4,Bake at 350°F for 15-20 minutes.,Pryaniki,Russian);
INSERT INTO step (number,description,recipe_name,recipe_cuisine_name) VALUES (5,Mix powdered sugar with lemon juice to make icing.,Pryaniki,Russian);
INSERT INTO step (number,description,recipe_name,recipe_cuisine_name) VALUES (6,Glaze cookies after they have cooled.,Pryaniki,Russian);
INSERT INTO step (number,description,recipe_name,recipe_cuisine_name) VALUES (1,Puree apples and mix with sugar.,Zefir,Russian);
INSERT INTO step (number,description,recipe_name,recipe_cuisine_name) VALUES (2,Heat mixture until sugar dissolves.,Zefir,Russian);
INSERT INTO step (number,description,recipe_name,recipe_cuisine_name) VALUES (3,Whip egg whites to stiff peaks.,Zefir,Russian);
INSERT INTO step (number,description,recipe_name,recipe_cuisine_name) VALUES (4,Gradually combine hot fruit mixture with egg whites.,Zefir,Russian);
INSERT INTO step (number,description,recipe_name,recipe_cuisine_name) VALUES (5,Pipe onto parchment paper into desired shapes.,Zefir,Russian);
INSERT INTO step (number,description,recipe_name,recipe_cuisine_name) VALUES (6,Let dry at room temperature for 12 hours.,Zefir,Russian);
INSERT INTO step (number,description,recipe_name,recipe_cuisine_name) VALUES (1,Boil potatoes, carrots, and eggs until cooked.,Olivier Salad,Russian);
INSERT INTO step (number,description,recipe_name,recipe_cuisine_name) VALUES (2,Dice all cooked ingredients and pickles.,Olivier Salad,Russian);
INSERT INTO step (number,description,recipe_name,recipe_cuisine_name) VALUES (3,Combine in a bowl with peas and diced chicken.,Olivier Salad,Russian);
INSERT INTO step (number,description,recipe_name,recipe_cuisine_name) VALUES (4,Mix thoroughly with mayonnaise.,Olivier Salad,Russian);
INSERT INTO step (number,description,recipe_name,recipe_cuisine_name) VALUES (5,Chill before serving.,Olivier Salad,Russian);
INSERT INTO step (number,description,recipe_name,recipe_cuisine_name) VALUES (1,Sauté onions and carrots in a pot.,Shchi,Russian);
INSERT INTO step (number,description,recipe_name,recipe_cuisine_name) VALUES (2,Add meat (beef or pork) and sauté until browned.,Shchi,Russian);
INSERT INTO step (number,description,recipe_name,recipe_cuisine_name) VALUES (3,Add water and bring to a boil.,Shchi,Russian);
INSERT INTO step (number,description,recipe_name,recipe_cuisine_name) VALUES (4,Add chopped cabbage and potatoes, simmer until all ingredients are tender.,Shchi,Russian);
INSERT INTO step (number,description,recipe_name,recipe_cuisine_name) VALUES (5,Season with salt, pepper, and herbs before serving.,Shchi,Russian);
INSERT INTO step (number,description,recipe_name,recipe_cuisine_name) VALUES (6,Serve with a dollop of sour cream.,Shchi,Russian);
INSERT INTO food_info (fat,protein,carbohydrate,recipe_name,recipe_cuisine_name) VALUES (44,27,292,Ghapama,Armenian);
INSERT INTO food_info (fat,protein,carbohydrate,recipe_name,recipe_cuisine_name) VALUES (43,15,253,Harissa,Armenian);
INSERT INTO food_info (fat,protein,carbohydrate,recipe_name,recipe_cuisine_name) VALUES (37,7,316,Lahmajoun,Armenian);
INSERT INTO food_info (fat,protein,carbohydrate,recipe_name,recipe_cuisine_name) VALUES (39,22,34,Beef and Broccoli,Chinese);
INSERT INTO food_info (fat,protein,carbohydrate,recipe_name,recipe_cuisine_name) VALUES (19,18,37,Egg Drop Soup,Chinese);
INSERT INTO food_info (fat,protein,carbohydrate,recipe_name,recipe_cuisine_name) VALUES (33,7,67,Kung Pao Chicken,Chinese);
INSERT INTO food_info (fat,protein,carbohydrate,recipe_name,recipe_cuisine_name) VALUES (45,12,39,Doro Wat,Ethiopian);
INSERT INTO food_info (fat,protein,carbohydrate,recipe_name,recipe_cuisine_name) VALUES (0,42,282,Injera,Ethiopian);
INSERT INTO food_info (fat,protein,carbohydrate,recipe_name,recipe_cuisine_name) VALUES (9,47,0,Kitfo,Ethiopian);
INSERT INTO food_info (fat,protein,carbohydrate,recipe_name,recipe_cuisine_name) VALUES (18,17,55,Coq au Vin,French);
INSERT INTO food_info (fat,protein,carbohydrate,recipe_name,recipe_cuisine_name) VALUES (44,7,116,Crème Brûlée,French);
INSERT INTO food_info (fat,protein,carbohydrate,recipe_name,recipe_cuisine_name) VALUES (4,32,238,French Onion Soup,French);
INSERT INTO food_info (fat,protein,carbohydrate,recipe_name,recipe_cuisine_name) VALUES (41,39,210,Black Forest Cake,German);
INSERT INTO food_info (fat,protein,carbohydrate,recipe_name,recipe_cuisine_name) VALUES (5,39,395,Pretzels,German);
INSERT INTO food_info (fat,protein,carbohydrate,recipe_name,recipe_cuisine_name) VALUES (44,42,150,Sauerbraten,German);
INSERT INTO food_info (fat,protein,carbohydrate,recipe_name,recipe_cuisine_name) VALUES (44,39,1238,Baklava,Greek);
INSERT INTO food_info (fat,protein,carbohydrate,recipe_name,recipe_cuisine_name) VALUES (48,24,210,Baklava,Turkish);
INSERT INTO food_info (fat,protein,carbohydrate,recipe_name,recipe_cuisine_name) VALUES (40,2,60,Greek Salad (Horiatiki),Greek);
INSERT INTO food_info (fat,protein,carbohydrate,recipe_name,recipe_cuisine_name) VALUES (8,4,166,Moussaka,Greek);
INSERT INTO food_info (fat,protein,carbohydrate,recipe_name,recipe_cuisine_name) VALUES (2,15,291,Chicken Biryani,Indian);
INSERT INTO food_info (fat,protein,carbohydrate,recipe_name,recipe_cuisine_name) VALUES (38,2,137,Mango Lassi,Indian);
INSERT INTO food_info (fat,protein,carbohydrate,recipe_name,recipe_cuisine_name) VALUES (13,34,46,Palak Paneer,Indian);
INSERT INTO food_info (fat,protein,carbohydrate,recipe_name,recipe_cuisine_name) VALUES (22,40,78,Osso Buco,Italian);
INSERT INTO food_info (fat,protein,carbohydrate,recipe_name,recipe_cuisine_name) VALUES (34,16,303,Spaghetti Carbonara,Italian);
INSERT INTO food_info (fat,protein,carbohydrate,recipe_name,recipe_cuisine_name) VALUES (0,18,271,Tiramisu,Italian);
INSERT INTO food_info (fat,protein,carbohydrate,recipe_name,recipe_cuisine_name) VALUES (1,24,148,Matcha Ice Cream,Japanese);
INSERT INTO food_info (fat,protein,carbohydrate,recipe_name,recipe_cuisine_name) VALUES (31,48,272,Ramen,Japanese);
INSERT INTO food_info (fat,protein,carbohydrate,recipe_name,recipe_cuisine_name) VALUES (26,12,337,Sushi Rolls (Maki Sushi),Japanese);
INSERT INTO food_info (fat,protein,carbohydrate,recipe_name,recipe_cuisine_name) VALUES (9,26,385,Beshbarmak,Kazakh);
INSERT INTO food_info (fat,protein,carbohydrate,recipe_name,recipe_cuisine_name) VALUES (14,2,1,Kazy,Kazakh);
INSERT INTO food_info (fat,protein,carbohydrate,recipe_name,recipe_cuisine_name) VALUES (49,15,48,Kurt,Kazakh);
INSERT INTO food_info (fat,protein,carbohydrate,recipe_name,recipe_cuisine_name) VALUES (19,50,12,Nyama Choma,Kenyan);
INSERT INTO food_info (fat,protein,carbohydrate,recipe_name,recipe_cuisine_name) VALUES (50,29,16,Sukuma Wiki,Kenyan);
INSERT INTO food_info (fat,protein,carbohydrate,recipe_name,recipe_cuisine_name) VALUES (15,31,249,Ugali,Kenyan);
INSERT INTO food_info (fat,protein,carbohydrate,recipe_name,recipe_cuisine_name) VALUES (6,41,349,Bibimbap,Korean);
INSERT INTO food_info (fat,protein,carbohydrate,recipe_name,recipe_cuisine_name) VALUES (46,23,398,Hoddeok,Korean);
INSERT INTO food_info (fat,protein,carbohydrate,recipe_name,recipe_cuisine_name) VALUES (15,34,26,Kimchi Jjigae,Korean);
INSERT INTO food_info (fat,protein,carbohydrate,recipe_name,recipe_cuisine_name) VALUES (16,41,178,Chiles en Nogada,Mexican);
INSERT INTO food_info (fat,protein,carbohydrate,recipe_name,recipe_cuisine_name) VALUES (48,24,449,Flan,Mexican);
INSERT INTO food_info (fat,protein,carbohydrate,recipe_name,recipe_cuisine_name) VALUES (34,0,154,Tacos al Pastor,Mexican);
INSERT INTO food_info (fat,protein,carbohydrate,recipe_name,recipe_cuisine_name) VALUES (41,35,139,İskender Kebab,Turkish);
INSERT INTO food_info (fat,protein,carbohydrate,recipe_name,recipe_cuisine_name) VALUES (47,0,412,Lahmacun,Turkish);
INSERT INTO food_info (fat,protein,carbohydrate,recipe_name,recipe_cuisine_name) VALUES (17,50,299,Gutap,Turkmen);
INSERT INTO food_info (fat,protein,carbohydrate,recipe_name,recipe_cuisine_name) VALUES (21,36,336,Palaw,Turkmen);
INSERT INTO food_info (fat,protein,carbohydrate,recipe_name,recipe_cuisine_name) VALUES (50,33,144,Shurpa,Turkmen);
INSERT INTO food_info (fat,protein,carbohydrate,recipe_name,recipe_cuisine_name) VALUES (41,8,452,Bara Brith,Welsh);
INSERT INTO food_info (fat,protein,carbohydrate,recipe_name,recipe_cuisine_name) VALUES (23,38,241,Cawl,Welsh);
INSERT INTO food_info (fat,protein,carbohydrate,recipe_name,recipe_cuisine_name) VALUES (15,13,77,Welsh Rarebit,Welsh);
INSERT INTO food_info (fat,protein,carbohydrate,recipe_name,recipe_cuisine_name) VALUES (27,32,187,Tavë Kosi,Albanian);
INSERT INTO food_info (fat,protein,carbohydrate,recipe_name,recipe_cuisine_name) VALUES (21,34,645,Bakllasarem,Albanian);
INSERT INTO food_info (fat,protein,carbohydrate,recipe_name,recipe_cuisine_name) VALUES (22,7,40,Fërgesë,Albanian);
INSERT INTO food_info (fat,protein,carbohydrate,recipe_name,recipe_cuisine_name) VALUES (2,15,188,Speca të mbushur,Albanian);
INSERT INTO food_info (fat,protein,carbohydrate,recipe_name,recipe_cuisine_name) VALUES (25,44,235,Byrek me Spinaq,Albanian);
INSERT INTO food_info (fat,protein,carbohydrate,recipe_name,recipe_cuisine_name) VALUES (46,2,297,Jani me fasule,Albanian);
INSERT INTO food_info (fat,protein,carbohydrate,recipe_name,recipe_cuisine_name) VALUES (16,12,412,Shëndetli,Albanian);
INSERT INTO food_info (fat,protein,carbohydrate,recipe_name,recipe_cuisine_name) VALUES (50,12,154,Qifqi,Albanian);
INSERT INTO food_info (fat,protein,carbohydrate,recipe_name,recipe_cuisine_name) VALUES (17,32,62,Përime në zgare,Albanian);
INSERT INTO food_info (fat,protein,carbohydrate,recipe_name,recipe_cuisine_name) VALUES (28,39,43,Mish me midhje,Albanian);
INSERT INTO food_info (fat,protein,carbohydrate,recipe_name,recipe_cuisine_name) VALUES (32,13,106,Cheeseburger,American);
INSERT INTO food_info (fat,protein,carbohydrate,recipe_name,recipe_cuisine_name) VALUES (27,31,453,Apple Pie,American);
INSERT INTO food_info (fat,protein,carbohydrate,recipe_name,recipe_cuisine_name) VALUES (13,47,193,Fried Chicken,American);
INSERT INTO food_info (fat,protein,carbohydrate,recipe_name,recipe_cuisine_name) VALUES (18,3,236,Macaroni and Cheese,American);
INSERT INTO food_info (fat,protein,carbohydrate,recipe_name,recipe_cuisine_name) VALUES (38,44,31,Barbecue Ribs,American);
INSERT INTO food_info (fat,protein,carbohydrate,recipe_name,recipe_cuisine_name) VALUES (2,46,187,Pancakes,American);
INSERT INTO food_info (fat,protein,carbohydrate,recipe_name,recipe_cuisine_name) VALUES (13,24,836,Chocolate Chip Cookies,American);
INSERT INTO food_info (fat,protein,carbohydrate,recipe_name,recipe_cuisine_name) VALUES (45,46,59,BLT Sandwich,American);
INSERT INTO food_info (fat,protein,carbohydrate,recipe_name,recipe_cuisine_name) VALUES (40,20,139,Clam Chowder,American);
INSERT INTO food_info (fat,protein,carbohydrate,recipe_name,recipe_cuisine_name) VALUES (30,43,393,Brownies,American);
INSERT INTO food_info (fat,protein,carbohydrate,recipe_name,recipe_cuisine_name) VALUES (9,28,41,Shopska Salata,Bulgarian);
INSERT INTO food_info (fat,protein,carbohydrate,recipe_name,recipe_cuisine_name) VALUES (12,29,47,Kavarma,Bulgarian);
INSERT INTO food_info (fat,protein,carbohydrate,recipe_name,recipe_cuisine_name) VALUES (24,40,232,Banitsa,Bulgarian);
INSERT INTO food_info (fat,protein,carbohydrate,recipe_name,recipe_cuisine_name) VALUES (26,29,396,Mekitsa,Bulgarian);
INSERT INTO food_info (fat,protein,carbohydrate,recipe_name,recipe_cuisine_name) VALUES (19,45,267,Musaka,Bulgarian);
INSERT INTO food_info (fat,protein,carbohydrate,recipe_name,recipe_cuisine_name) VALUES (18,39,40,Tarator,Bulgarian);
INSERT INTO food_info (fat,protein,carbohydrate,recipe_name,recipe_cuisine_name) VALUES (22,21,691,Kadaif,Bulgarian);
INSERT INTO food_info (fat,protein,carbohydrate,recipe_name,recipe_cuisine_name) VALUES (46,9,61,Bulgarian Cheese Toast,Bulgarian);
INSERT INTO food_info (fat,protein,carbohydrate,recipe_name,recipe_cuisine_name) VALUES (36,42,305,Garash Cake,Bulgarian);
INSERT INTO food_info (fat,protein,carbohydrate,recipe_name,recipe_cuisine_name) VALUES (6,26,260,Sarmi,Bulgarian);
INSERT INTO food_info (fat,protein,carbohydrate,recipe_name,recipe_cuisine_name) VALUES (8,6,23,Beef Stroganoff,Russian);
INSERT INTO food_info (fat,protein,carbohydrate,recipe_name,recipe_cuisine_name) VALUES (47,5,609,Medovik,Russian);
INSERT INTO food_info (fat,protein,carbohydrate,recipe_name,recipe_cuisine_name) VALUES (1,45,208,Borscht,Russian);
INSERT INTO food_info (fat,protein,carbohydrate,recipe_name,recipe_cuisine_name) VALUES (11,24,203,Pelmeni,Russian);
INSERT INTO food_info (fat,protein,carbohydrate,recipe_name,recipe_cuisine_name) VALUES (10,15,49,Syrniki,Russian);
INSERT INTO food_info (fat,protein,carbohydrate,recipe_name,recipe_cuisine_name) VALUES (0,47,123,Kasha,Russian);
INSERT INTO food_info (fat,protein,carbohydrate,recipe_name,recipe_cuisine_name) VALUES (17,7,678,Pryaniki,Russian);
INSERT INTO food_info (fat,protein,carbohydrate,recipe_name,recipe_cuisine_name) VALUES (27,37,300,Zefir,Russian);
INSERT INTO food_info (fat,protein,carbohydrate,recipe_name,recipe_cuisine_name) VALUES (8,31,106,Olivier Salad,Russian);
INSERT INTO food_info (fat,protein,carbohydrate,recipe_name,recipe_cuisine_name) VALUES (25,43,164,Shchi,Russian);
INSERT INTO chef (id,first_name,last_name,phone,date_of_birth,age,years_exp,rank,image_id) VALUES (1,Amy,Smith,223.744.6168x5771,1974-12-20,0,22,Chef,9001);
INSERT INTO chef (id,first_name,last_name,phone,date_of_birth,age,years_exp,rank,image_id) VALUES (2,Brett,Leon,915.662.5973x74306,1988-11-24,0,22,C Cook,9002);
INSERT INTO chef (id,first_name,last_name,phone,date_of_birth,age,years_exp,rank,image_id) VALUES (3,Deanna,Wilson,001-272-437-2055x12122,1983-01-09,0,15,A Cook,9003);
INSERT INTO chef (id,first_name,last_name,phone,date_of_birth,age,years_exp,rank,image_id) VALUES (4,Alan,Pittman,(331)590-4604,1997-06-08,0,24,C Cook,9004);
INSERT INTO chef (id,first_name,last_name,phone,date_of_birth,age,years_exp,rank,image_id) VALUES (5,Beverly,Garcia,865-695-5003x14916,1986-10-01,0,4,Helper Cook,9005);
INSERT INTO chef (id,first_name,last_name,phone,date_of_birth,age,years_exp,rank,image_id) VALUES (6,Keith,Hernandez,001-347-713-5730x80353,1976-06-11,0,39,B Cook,9006);
INSERT INTO chef (id,first_name,last_name,phone,date_of_birth,age,years_exp,rank,image_id) VALUES (7,Mallory,Cooper,765-961-7196x3838,1995-05-22,0,15,A Cook,9007);
INSERT INTO chef (id,first_name,last_name,phone,date_of_birth,age,years_exp,rank,image_id) VALUES (8,Debra,Davis,478-751-8862x90897,1983-11-12,0,36,B Cook,9008);
INSERT INTO chef (id,first_name,last_name,phone,date_of_birth,age,years_exp,rank,image_id) VALUES (9,Lisa,Hayes,2877305854,1994-01-30,0,6,A Cook,9009);
INSERT INTO chef (id,first_name,last_name,phone,date_of_birth,age,years_exp,rank,image_id) VALUES (10,Lynn,Erickson,+1-786-558-9131x691,1991-02-25,0,23,C Cook,9010);
INSERT INTO chef (id,first_name,last_name,phone,date_of_birth,age,years_exp,rank,image_id) VALUES (11,James,Christensen,001-669-615-3622,1975-05-20,0,48,B Cook,9011);
INSERT INTO chef (id,first_name,last_name,phone,date_of_birth,age,years_exp,rank,image_id) VALUES (12,Anthony,Barton,+1-849-759-1312x76260,2001-03-08,0,4,B Cook,9012);
INSERT INTO chef (id,first_name,last_name,phone,date_of_birth,age,years_exp,rank,image_id) VALUES (13,Elizabeth,Medina,(866)534-0310x29828,1971-06-15,0,42,A Cook,9013);
INSERT INTO chef (id,first_name,last_name,phone,date_of_birth,age,years_exp,rank,image_id) VALUES (14,James,Ewing,001-760-847-7347x4805,1970-10-01,0,47,B Cook,9014);
INSERT INTO chef (id,first_name,last_name,phone,date_of_birth,age,years_exp,rank,image_id) VALUES (15,Robert,Smith,001-646-808-5052x81783,1991-08-13,0,26,Helper Cook,9015);
INSERT INTO chef (id,first_name,last_name,phone,date_of_birth,age,years_exp,rank,image_id) VALUES (16,Shawn,Bell,638-951-8474x92336,1989-01-09,0,30,C Cook,9016);
INSERT INTO chef (id,first_name,last_name,phone,date_of_birth,age,years_exp,rank,image_id) VALUES (17,Jennifer,Jones,498-838-6082x6811,1985-05-27,0,34,Helper Cook,9017);
INSERT INTO chef (id,first_name,last_name,phone,date_of_birth,age,years_exp,rank,image_id) VALUES (18,Kaitlyn,Mathews,(741)468-8457x1467,1991-01-27,0,6,Chef,9018);
INSERT INTO chef (id,first_name,last_name,phone,date_of_birth,age,years_exp,rank,image_id) VALUES (19,Melinda,Stewart,001-672-415-2891,1991-02-14,0,30,C Cook,9019);
INSERT INTO chef (id,first_name,last_name,phone,date_of_birth,age,years_exp,rank,image_id) VALUES (20,Erica,Frazier,710.912.4453x3151,1976-10-15,0,25,C Cook,9020);
INSERT INTO chef (id,first_name,last_name,phone,date_of_birth,age,years_exp,rank,image_id) VALUES (21,Juan,Moore,602-666-4214,2002-02-12,0,8,B Cook,9021);
INSERT INTO chef (id,first_name,last_name,phone,date_of_birth,age,years_exp,rank,image_id) VALUES (22,Alison,Lawrence,001-878-385-3519x2402,1982-07-05,0,36,Helper Cook,9022);
INSERT INTO chef (id,first_name,last_name,phone,date_of_birth,age,years_exp,rank,image_id) VALUES (23,Mary,Williams,(876)708-1589x883,1991-03-20,0,32,A Cook,9023);
INSERT INTO chef (id,first_name,last_name,phone,date_of_birth,age,years_exp,rank,image_id) VALUES (24,Brenda,Sutton,960-601-1038,2000-12-07,0,19,Helper Cook,9024);
INSERT INTO chef (id,first_name,last_name,phone,date_of_birth,age,years_exp,rank,image_id) VALUES (25,Michael,Flores,+1-564-776-4719x4022,2002-04-26,0,9,Chef,9025);
INSERT INTO chef (id,first_name,last_name,phone,date_of_birth,age,years_exp,rank,image_id) VALUES (26,Daniel,Black,+1-932-702-0042x81742,1998-01-31,0,8,Helper Cook,9026);
INSERT INTO chef (id,first_name,last_name,phone,date_of_birth,age,years_exp,rank,image_id) VALUES (27,Sarah,Bell,951.806.6814,1981-04-01,0,21,Helper Cook,9027);
INSERT INTO chef (id,first_name,last_name,phone,date_of_birth,age,years_exp,rank,image_id) VALUES (28,Andrew,Wright,(806)279-6029x8329,2000-12-19,0,4,Chef,9028);
INSERT INTO chef (id,first_name,last_name,phone,date_of_birth,age,years_exp,rank,image_id) VALUES (29,Jason,Cameron,509-558-7829x3590,1977-08-09,0,24,B Cook,9029);
INSERT INTO chef (id,first_name,last_name,phone,date_of_birth,age,years_exp,rank,image_id) VALUES (30,Kimberly,Howard,001-914-513-8985,1997-06-01,0,16,Chef,9030);
INSERT INTO chef (id,first_name,last_name,phone,date_of_birth,age,years_exp,rank,image_id) VALUES (31,Nicole,Mahoney,+1-302-525-6398x03486,1983-08-12,0,17,C Cook,9031);
INSERT INTO chef (id,first_name,last_name,phone,date_of_birth,age,years_exp,rank,image_id) VALUES (32,George,Rodriguez,485-979-7869,1976-11-14,0,46,A Cook,9032);
INSERT INTO chef (id,first_name,last_name,phone,date_of_birth,age,years_exp,rank,image_id) VALUES (33,Patricia,Murray,001-523-294-9709x27674,1972-08-21,0,15,C Cook,9033);
INSERT INTO chef (id,first_name,last_name,phone,date_of_birth,age,years_exp,rank,image_id) VALUES (34,Thomas,Norris,585.609.7033x546,1997-07-03,0,17,A Cook,9034);
INSERT INTO chef (id,first_name,last_name,phone,date_of_birth,age,years_exp,rank,image_id) VALUES (35,Julie,Landry,599-346-4392,1976-06-20,0,18,A Cook,9035);
INSERT INTO chef (id,first_name,last_name,phone,date_of_birth,age,years_exp,rank,image_id) VALUES (36,Cindy,Morgan,5413691299,1999-05-22,0,21,B Cook,9036);
INSERT INTO chef (id,first_name,last_name,phone,date_of_birth,age,years_exp,rank,image_id) VALUES (37,Thomas,Reynolds,+1-868-314-3601x45211,2001-10-15,0,15,A Cook,9037);
INSERT INTO chef (id,first_name,last_name,phone,date_of_birth,age,years_exp,rank,image_id) VALUES (38,Laura,Esparza,(368)333-9064x864,1988-11-12,0,19,C Cook,9038);
INSERT INTO chef (id,first_name,last_name,phone,date_of_birth,age,years_exp,rank,image_id) VALUES (39,Michele,Thompson,001-224-452-5788x7163,1970-04-16,0,6,Helper Cook,9039);
INSERT INTO chef (id,first_name,last_name,phone,date_of_birth,age,years_exp,rank,image_id) VALUES (40,Kevin,Baker,(490)296-3302x299,1991-07-12,0,26,B Cook,9040);
INSERT INTO chef (id,first_name,last_name,phone,date_of_birth,age,years_exp,rank,image_id) VALUES (41,Diana,Peterson,001-505-363-1395x4138,1970-05-03,0,27,A Cook,9041);
INSERT INTO chef (id,first_name,last_name,phone,date_of_birth,age,years_exp,rank,image_id) VALUES (42,Andrea,Anderson,548.425.8727x075,1984-09-10,0,4,C Cook,9042);
INSERT INTO chef (id,first_name,last_name,phone,date_of_birth,age,years_exp,rank,image_id) VALUES (43,Robert,Knight,+1-443-216-6749,1983-03-23,0,22,A Cook,9043);
INSERT INTO chef (id,first_name,last_name,phone,date_of_birth,age,years_exp,rank,image_id) VALUES (44,Mary,Weaver,001-922-628-5546x8022,1971-04-23,0,31,Helper Cook,9044);
INSERT INTO chef (id,first_name,last_name,phone,date_of_birth,age,years_exp,rank,image_id) VALUES (45,Vanessa,Bates,(342)433-9238,1988-12-12,0,17,Helper Cook,9045);
INSERT INTO chef (id,first_name,last_name,phone,date_of_birth,age,years_exp,rank,image_id) VALUES (46,Christopher,Chang,+1-698-301-6760x26558,1985-07-08,0,9,C Cook,9046);
INSERT INTO chef (id,first_name,last_name,phone,date_of_birth,age,years_exp,rank,image_id) VALUES (47,Debra,White,509.373.8491,1990-10-30,0,31,C Cook,9047);
INSERT INTO chef (id,first_name,last_name,phone,date_of_birth,age,years_exp,rank,image_id) VALUES (48,Gavin,Newton,303-384-9865x2590,1972-04-30,0,22,Chef,9048);
INSERT INTO chef (id,first_name,last_name,phone,date_of_birth,age,years_exp,rank,image_id) VALUES (49,Kristina,Villarreal,657-259-7739x4063,1983-03-13,0,29,Chef,9049);
INSERT INTO chef (id,first_name,last_name,phone,date_of_birth,age,years_exp,rank,image_id) VALUES (50,Regina,Berry,001-920-847-5115x6737,1998-10-13,0,16,Chef,9050);
INSERT INTO chef (id,first_name,last_name,phone,date_of_birth,age,years_exp,rank,image_id) VALUES (51,Rodney,Garcia,476-292-9392x325,1985-12-10,0,32,Helper Cook,9051);
INSERT INTO chef (id,first_name,last_name,phone,date_of_birth,age,years_exp,rank,image_id) VALUES (52,Gregory,Mclaughlin,4464510553,1971-05-24,0,38,Helper Cook,9052);
INSERT INTO chef (id,first_name,last_name,phone,date_of_birth,age,years_exp,rank,image_id) VALUES (53,Anthony,Smith,(307)222-7357x096,1992-07-22,0,8,Chef,9053);
INSERT INTO chef (id,first_name,last_name,phone,date_of_birth,age,years_exp,rank,image_id) VALUES (54,Robert,Murray,479-767-0543x8336,1993-11-06,0,11,Helper Cook,9054);
INSERT INTO chef (id,first_name,last_name,phone,date_of_birth,age,years_exp,rank,image_id) VALUES (55,Kimberly,Rodriguez,001-337-932-1412x502,1994-05-05,0,30,Chef,9055);
INSERT INTO chef (id,first_name,last_name,phone,date_of_birth,age,years_exp,rank,image_id) VALUES (56,James,Bird,520.994.0973x75907,1991-07-07,0,24,Helper Cook,9056);
INSERT INTO chef (id,first_name,last_name,phone,date_of_birth,age,years_exp,rank,image_id) VALUES (57,Christina,Tyler,(294)391-4410,1972-06-26,0,4,Chef,9057);
INSERT INTO chef (id,first_name,last_name,phone,date_of_birth,age,years_exp,rank,image_id) VALUES (58,Eric,Hansen,302.522.9491,1987-03-23,0,8,Chef,9058);
INSERT INTO chef (id,first_name,last_name,phone,date_of_birth,age,years_exp,rank,image_id) VALUES (59,Gina,Smith,(832)646-0341,1998-03-31,0,12,Helper Cook,9059);
INSERT INTO chef (id,first_name,last_name,phone,date_of_birth,age,years_exp,rank,image_id) VALUES (60,Lindsey,Andrews,262-438-3213x574,2003-01-31,0,9,A Cook,9060);
INSERT INTO chef (id,first_name,last_name,phone,date_of_birth,age,years_exp,rank,image_id) VALUES (61,Lisa,Edwards,(656)232-8206x99694,1999-09-07,0,19,B Cook,9061);
INSERT INTO chef (id,first_name,last_name,phone,date_of_birth,age,years_exp,rank,image_id) VALUES (62,Jonathan,Warren,(605)923-7127x59049,1992-06-03,0,16,Chef,9062);
INSERT INTO chef (id,first_name,last_name,phone,date_of_birth,age,years_exp,rank,image_id) VALUES (63,Laura,Johnson,416.600.7727x40971,2002-07-13,0,6,C Cook,9063);
INSERT INTO chef (id,first_name,last_name,phone,date_of_birth,age,years_exp,rank,image_id) VALUES (64,Jacob,Delgado,346.232.3099x5634,1997-04-05,0,18,A Cook,9064);
INSERT INTO chef (id,first_name,last_name,phone,date_of_birth,age,years_exp,rank,image_id) VALUES (65,Brenda,Thomas,802.392.0191,1974-05-06,0,40,Helper Cook,9065);
INSERT INTO chef (id,first_name,last_name,phone,date_of_birth,age,years_exp,rank,image_id) VALUES (66,Michelle,Welch,732.914.8117x9425,1992-04-17,0,3,A Cook,9066);
INSERT INTO chef (id,first_name,last_name,phone,date_of_birth,age,years_exp,rank,image_id) VALUES (67,Zachary,Valenzuela,+1-284-294-8090,1982-06-02,0,32,C Cook,9067);
INSERT INTO chef (id,first_name,last_name,phone,date_of_birth,age,years_exp,rank,image_id) VALUES (68,Jose,Scott,(374)560-9178x6038,1986-08-19,0,18,Chef,9068);
INSERT INTO chef (id,first_name,last_name,phone,date_of_birth,age,years_exp,rank,image_id) VALUES (69,William,Dunn,742-372-8004x7191,1982-01-28,0,35,B Cook,9069);
INSERT INTO chef (id,first_name,last_name,phone,date_of_birth,age,years_exp,rank,image_id) VALUES (70,Melissa,Rivas,001-327-760-1873x7280,1976-03-30,0,10,A Cook,9070);
INSERT INTO chef (id,first_name,last_name,phone,date_of_birth,age,years_exp,rank,image_id) VALUES (71,Jeremiah,Johnson,(606)641-5890,2001-12-26,0,20,Chef,9071);
INSERT INTO chef (id,first_name,last_name,phone,date_of_birth,age,years_exp,rank,image_id) VALUES (72,Jennifer,Woods,001-759-634-9930x42094,1994-06-26,0,21,Chef,9072);
INSERT INTO chef (id,first_name,last_name,phone,date_of_birth,age,years_exp,rank,image_id) VALUES (73,Scott,Frost,2105208806,1997-12-12,0,8,B Cook,9073);
INSERT INTO chef (id,first_name,last_name,phone,date_of_birth,age,years_exp,rank,image_id) VALUES (74,Jason,Duarte,+1-561-481-9557x824,1971-04-21,0,45,Chef,9074);
INSERT INTO chef (id,first_name,last_name,phone,date_of_birth,age,years_exp,rank,image_id) VALUES (75,Dominique,Harrison,(323)613-2901,1977-04-26,0,33,A Cook,9075);
INSERT INTO chef (id,first_name,last_name,phone,date_of_birth,age,years_exp,rank,image_id) VALUES (76,Michael,Murray,+1-857-584-1170x83459,1997-08-13,0,8,B Cook,9076);
INSERT INTO chef (id,first_name,last_name,phone,date_of_birth,age,years_exp,rank,image_id) VALUES (77,Stacy,Williams,+1-342-299-5158x7516,1971-11-22,0,43,B Cook,9077);
INSERT INTO chef (id,first_name,last_name,phone,date_of_birth,age,years_exp,rank,image_id) VALUES (78,Jorge,Peterson,+1-708-246-4777,1994-09-13,0,5,B Cook,9078);
INSERT INTO chef (id,first_name,last_name,phone,date_of_birth,age,years_exp,rank,image_id) VALUES (79,James,Russell,001-282-981-8936x2680,1991-02-07,0,33,C Cook,9079);
INSERT INTO chef (id,first_name,last_name,phone,date_of_birth,age,years_exp,rank,image_id) VALUES (80,Kelly,Johnson,001-776-446-4586x482,1971-08-06,0,28,A Cook,9080);
INSERT INTO chef (id,first_name,last_name,phone,date_of_birth,age,years_exp,rank,image_id) VALUES (81,Wesley,Robinson,239-875-1925,1971-12-17,0,46,Helper Cook,9081);
INSERT INTO chef (id,first_name,last_name,phone,date_of_birth,age,years_exp,rank,image_id) VALUES (82,Austin,Andrews,439.553.4324,1971-03-05,0,12,C Cook,9082);
INSERT INTO chef (id,first_name,last_name,phone,date_of_birth,age,years_exp,rank,image_id) VALUES (83,Michelle,Collins,(390)984-7089x4807,2000-05-25,0,15,Helper Cook,9083);
INSERT INTO chef (id,first_name,last_name,phone,date_of_birth,age,years_exp,rank,image_id) VALUES (84,Mary,Roberts,(895)218-5410x4781,1992-10-28,0,23,Chef,9084);
INSERT INTO chef (id,first_name,last_name,phone,date_of_birth,age,years_exp,rank,image_id) VALUES (85,Alan,Jennings,+1-448-383-6111,1980-04-25,0,5,A Cook,9085);
INSERT INTO chef (id,first_name,last_name,phone,date_of_birth,age,years_exp,rank,image_id) VALUES (86,Jill,Mcneil,583-464-8806x1964,1981-10-31,0,22,Chef,9086);
INSERT INTO chef (id,first_name,last_name,phone,date_of_birth,age,years_exp,rank,image_id) VALUES (87,Isaac,Escobar,8476595929,1991-12-29,0,9,B Cook,9087);
INSERT INTO chef (id,first_name,last_name,phone,date_of_birth,age,years_exp,rank,image_id) VALUES (88,Nicholas,Murphy,(641)364-9372,1979-01-07,0,28,A Cook,9088);
INSERT INTO chef (id,first_name,last_name,phone,date_of_birth,age,years_exp,rank,image_id) VALUES (89,Jeffrey,Rivera,(262)901-0414x08061,1981-09-08,0,7,C Cook,9089);
INSERT INTO chef (id,first_name,last_name,phone,date_of_birth,age,years_exp,rank,image_id) VALUES (90,Jessica,Moore,(853)658-0505x8921,1976-12-10,0,21,B Cook,9090);
INSERT INTO chef (id,first_name,last_name,phone,date_of_birth,age,years_exp,rank,image_id) VALUES (91,Jonathan,Blanchard,802-942-4054x90668,2003-10-19,0,16,Chef,9091);
INSERT INTO chef (id,first_name,last_name,phone,date_of_birth,age,years_exp,rank,image_id) VALUES (92,Sheri,Alexander,393.847.2111x70124,1997-08-25,0,12,Helper Cook,9092);
INSERT INTO chef (id,first_name,last_name,phone,date_of_birth,age,years_exp,rank,image_id) VALUES (93,Brandon,West,907-859-0235,1991-04-02,0,30,Helper Cook,9093);
INSERT INTO chef (id,first_name,last_name,phone,date_of_birth,age,years_exp,rank,image_id) VALUES (94,Jack,Hernandez,301-419-9488,1994-07-20,0,22,C Cook,9094);
INSERT INTO chef (id,first_name,last_name,phone,date_of_birth,age,years_exp,rank,image_id) VALUES (95,Charles,Collins,(975)638-8900x422,1994-10-29,0,3,B Cook,9095);
INSERT INTO chef (id,first_name,last_name,phone,date_of_birth,age,years_exp,rank,image_id) VALUES (96,Melissa,Cordova,221.296.3388x677,1978-05-26,0,15,C Cook,9096);
INSERT INTO chef (id,first_name,last_name,phone,date_of_birth,age,years_exp,rank,image_id) VALUES (97,Michelle,Perez,+1-636-527-4208,1995-04-16,0,24,C Cook,9097);
INSERT INTO chef (id,first_name,last_name,phone,date_of_birth,age,years_exp,rank,image_id) VALUES (98,Albert,Brown,258-709-4600x7041,1993-07-21,0,22,Chef,9098);
INSERT INTO chef (id,first_name,last_name,phone,date_of_birth,age,years_exp,rank,image_id) VALUES (99,Vincent,Martinez,001-524-738-3913,1979-09-12,0,12,A Cook,9099);
INSERT INTO chef (id,first_name,last_name,phone,date_of_birth,age,years_exp,rank,image_id) VALUES (100,Christopher,Hunter,001-897-659-1604x4338,1976-12-06,0,19,Chef,9100);
INSERT INTO recipe_has_chef (recipe_name,recipe_cuisine_name,chef_id) VALUES (Beshbarmak,Kazakh,1);
INSERT INTO recipe_has_chef (recipe_name,recipe_cuisine_name,chef_id) VALUES (Kazy,Kazakh,1);
INSERT INTO recipe_has_chef (recipe_name,recipe_cuisine_name,chef_id) VALUES (Kurt,Kazakh,1);
INSERT INTO recipe_has_chef (recipe_name,recipe_cuisine_name,chef_id) VALUES (Beshbarmak,Kazakh,12);
INSERT INTO recipe_has_chef (recipe_name,recipe_cuisine_name,chef_id) VALUES (Kazy,Kazakh,12);
INSERT INTO recipe_has_chef (recipe_name,recipe_cuisine_name,chef_id) VALUES (Kurt,Kazakh,12);
INSERT INTO recipe_has_chef (recipe_name,recipe_cuisine_name,chef_id) VALUES (Beshbarmak,Kazakh,52);
INSERT INTO recipe_has_chef (recipe_name,recipe_cuisine_name,chef_id) VALUES (Kazy,Kazakh,52);
INSERT INTO recipe_has_chef (recipe_name,recipe_cuisine_name,chef_id) VALUES (Kurt,Kazakh,52);
INSERT INTO recipe_has_chef (recipe_name,recipe_cuisine_name,chef_id) VALUES (Beshbarmak,Kazakh,57);
INSERT INTO recipe_has_chef (recipe_name,recipe_cuisine_name,chef_id) VALUES (Kazy,Kazakh,57);
INSERT INTO recipe_has_chef (recipe_name,recipe_cuisine_name,chef_id) VALUES (Kurt,Kazakh,57);
INSERT INTO recipe_has_chef (recipe_name,recipe_cuisine_name,chef_id) VALUES (Beshbarmak,Kazakh,80);
INSERT INTO recipe_has_chef (recipe_name,recipe_cuisine_name,chef_id) VALUES (Kazy,Kazakh,80);
INSERT INTO recipe_has_chef (recipe_name,recipe_cuisine_name,chef_id) VALUES (Kurt,Kazakh,80);
INSERT INTO recipe_has_chef (recipe_name,recipe_cuisine_name,chef_id) VALUES (Baklava,Greek,1);
INSERT INTO recipe_has_chef (recipe_name,recipe_cuisine_name,chef_id) VALUES (Greek Salad (Horiatiki),Greek,1);
INSERT INTO recipe_has_chef (recipe_name,recipe_cuisine_name,chef_id) VALUES (Moussaka,Greek,1);
INSERT INTO recipe_has_chef (recipe_name,recipe_cuisine_name,chef_id) VALUES (Baklava,Greek,20);
INSERT INTO recipe_has_chef (recipe_name,recipe_cuisine_name,chef_id) VALUES (Greek Salad (Horiatiki),Greek,20);
INSERT INTO recipe_has_chef (recipe_name,recipe_cuisine_name,chef_id) VALUES (Moussaka,Greek,20);
INSERT INTO recipe_has_chef (recipe_name,recipe_cuisine_name,chef_id) VALUES (Baklava,Greek,23);
INSERT INTO recipe_has_chef (recipe_name,recipe_cuisine_name,chef_id) VALUES (Greek Salad (Horiatiki),Greek,23);
INSERT INTO recipe_has_chef (recipe_name,recipe_cuisine_name,chef_id) VALUES (Moussaka,Greek,23);
INSERT INTO recipe_has_chef (recipe_name,recipe_cuisine_name,chef_id) VALUES (Baklava,Greek,25);
INSERT INTO recipe_has_chef (recipe_name,recipe_cuisine_name,chef_id) VALUES (Greek Salad (Horiatiki),Greek,25);
INSERT INTO recipe_has_chef (recipe_name,recipe_cuisine_name,chef_id) VALUES (Moussaka,Greek,25);
INSERT INTO recipe_has_chef (recipe_name,recipe_cuisine_name,chef_id) VALUES (Baklava,Greek,26);
INSERT INTO recipe_has_chef (recipe_name,recipe_cuisine_name,chef_id) VALUES (Greek Salad (Horiatiki),Greek,26);
INSERT INTO recipe_has_chef (recipe_name,recipe_cuisine_name,chef_id) VALUES (Moussaka,Greek,26);
INSERT INTO recipe_has_chef (recipe_name,recipe_cuisine_name,chef_id) VALUES (Baklava,Greek,34);
INSERT INTO recipe_has_chef (recipe_name,recipe_cuisine_name,chef_id) VALUES (Greek Salad (Horiatiki),Greek,34);
INSERT INTO recipe_has_chef (recipe_name,recipe_cuisine_name,chef_id) VALUES (Moussaka,Greek,34);
INSERT INTO recipe_has_chef (recipe_name,recipe_cuisine_name,chef_id) VALUES (Baklava,Greek,36);
INSERT INTO recipe_has_chef (recipe_name,recipe_cuisine_name,chef_id) VALUES (Greek Salad (Horiatiki),Greek,36);
INSERT INTO recipe_has_chef (recipe_name,recipe_cuisine_name,chef_id) VALUES (Moussaka,Greek,36);
INSERT INTO recipe_has_chef (recipe_name,recipe_cuisine_name,chef_id) VALUES (Baklava,Greek,38);
INSERT INTO recipe_has_chef (recipe_name,recipe_cuisine_name,chef_id) VALUES (Greek Salad (Horiatiki),Greek,38);
INSERT INTO recipe_has_chef (recipe_name,recipe_cuisine_name,chef_id) VALUES (Moussaka,Greek,38);
INSERT INTO recipe_has_chef (recipe_name,recipe_cuisine_name,chef_id) VALUES (Baklava,Greek,39);
INSERT INTO recipe_has_chef (recipe_name,recipe_cuisine_name,chef_id) VALUES (Greek Salad (Horiatiki),Greek,39);
INSERT INTO recipe_has_chef (recipe_name,recipe_cuisine_name,chef_id) VALUES (Moussaka,Greek,39);
INSERT INTO recipe_has_chef (recipe_name,recipe_cuisine_name,chef_id) VALUES (Baklava,Greek,50);
INSERT INTO recipe_has_chef (recipe_name,recipe_cuisine_name,chef_id) VALUES (Greek Salad (Horiatiki),Greek,50);
INSERT INTO recipe_has_chef (recipe_name,recipe_cuisine_name,chef_id) VALUES (Moussaka,Greek,50);
INSERT INTO recipe_has_chef (recipe_name,recipe_cuisine_name,chef_id) VALUES (Baklava,Greek,65);
INSERT INTO recipe_has_chef (recipe_name,recipe_cuisine_name,chef_id) VALUES (Greek Salad (Horiatiki),Greek,65);
INSERT INTO recipe_has_chef (recipe_name,recipe_cuisine_name,chef_id) VALUES (Moussaka,Greek,65);
INSERT INTO recipe_has_chef (recipe_name,recipe_cuisine_name,chef_id) VALUES (Baklava,Greek,93);
INSERT INTO recipe_has_chef (recipe_name,recipe_cuisine_name,chef_id) VALUES (Greek Salad (Horiatiki),Greek,93);
INSERT INTO recipe_has_chef (recipe_name,recipe_cuisine_name,chef_id) VALUES (Moussaka,Greek,93);
INSERT INTO recipe_has_chef (recipe_name,recipe_cuisine_name,chef_id) VALUES (Baklava,Greek,96);
INSERT INTO recipe_has_chef (recipe_name,recipe_cuisine_name,chef_id) VALUES (Greek Salad (Horiatiki),Greek,96);
INSERT INTO recipe_has_chef (recipe_name,recipe_cuisine_name,chef_id) VALUES (Moussaka,Greek,96);
INSERT INTO recipe_has_chef (recipe_name,recipe_cuisine_name,chef_id) VALUES (Baklava,Greek,97);
INSERT INTO recipe_has_chef (recipe_name,recipe_cuisine_name,chef_id) VALUES (Greek Salad (Horiatiki),Greek,97);
INSERT INTO recipe_has_chef (recipe_name,recipe_cuisine_name,chef_id) VALUES (Moussaka,Greek,97);
INSERT INTO recipe_has_chef (recipe_name,recipe_cuisine_name,chef_id) VALUES (Beef and Broccoli,Chinese,1);
INSERT INTO recipe_has_chef (recipe_name,recipe_cuisine_name,chef_id) VALUES (Egg Drop Soup,Chinese,1);
INSERT INTO recipe_has_chef (recipe_name,recipe_cuisine_name,chef_id) VALUES (Kung Pao Chicken,Chinese,1);
INSERT INTO recipe_has_chef (recipe_name,recipe_cuisine_name,chef_id) VALUES (Beef and Broccoli,Chinese,3);
INSERT INTO recipe_has_chef (recipe_name,recipe_cuisine_name,chef_id) VALUES (Egg Drop Soup,Chinese,3);
INSERT INTO recipe_has_chef (recipe_name,recipe_cuisine_name,chef_id) VALUES (Kung Pao Chicken,Chinese,3);
INSERT INTO recipe_has_chef (recipe_name,recipe_cuisine_name,chef_id) VALUES (Beef and Broccoli,Chinese,6);
INSERT INTO recipe_has_chef (recipe_name,recipe_cuisine_name,chef_id) VALUES (Egg Drop Soup,Chinese,6);
INSERT INTO recipe_has_chef (recipe_name,recipe_cuisine_name,chef_id) VALUES (Kung Pao Chicken,Chinese,6);
INSERT INTO recipe_has_chef (recipe_name,recipe_cuisine_name,chef_id) VALUES (Beef and Broccoli,Chinese,13);
INSERT INTO recipe_has_chef (recipe_name,recipe_cuisine_name,chef_id) VALUES (Egg Drop Soup,Chinese,13);
INSERT INTO recipe_has_chef (recipe_name,recipe_cuisine_name,chef_id) VALUES (Kung Pao Chicken,Chinese,13);
INSERT INTO recipe_has_chef (recipe_name,recipe_cuisine_name,chef_id) VALUES (Beef and Broccoli,Chinese,35);
INSERT INTO recipe_has_chef (recipe_name,recipe_cuisine_name,chef_id) VALUES (Egg Drop Soup,Chinese,35);
INSERT INTO recipe_has_chef (recipe_name,recipe_cuisine_name,chef_id) VALUES (Kung Pao Chicken,Chinese,35);
INSERT INTO recipe_has_chef (recipe_name,recipe_cuisine_name,chef_id) VALUES (Beef and Broccoli,Chinese,44);
INSERT INTO recipe_has_chef (recipe_name,recipe_cuisine_name,chef_id) VALUES (Egg Drop Soup,Chinese,44);
INSERT INTO recipe_has_chef (recipe_name,recipe_cuisine_name,chef_id) VALUES (Kung Pao Chicken,Chinese,44);
INSERT INTO recipe_has_chef (recipe_name,recipe_cuisine_name,chef_id) VALUES (Beef and Broccoli,Chinese,53);
INSERT INTO recipe_has_chef (recipe_name,recipe_cuisine_name,chef_id) VALUES (Egg Drop Soup,Chinese,53);
INSERT INTO recipe_has_chef (recipe_name,recipe_cuisine_name,chef_id) VALUES (Kung Pao Chicken,Chinese,53);
INSERT INTO recipe_has_chef (recipe_name,recipe_cuisine_name,chef_id) VALUES (Beef and Broccoli,Chinese,59);
INSERT INTO recipe_has_chef (recipe_name,recipe_cuisine_name,chef_id) VALUES (Egg Drop Soup,Chinese,59);
INSERT INTO recipe_has_chef (recipe_name,recipe_cuisine_name,chef_id) VALUES (Kung Pao Chicken,Chinese,59);
INSERT INTO recipe_has_chef (recipe_name,recipe_cuisine_name,chef_id) VALUES (Beef and Broccoli,Chinese,72);
INSERT INTO recipe_has_chef (recipe_name,recipe_cuisine_name,chef_id) VALUES (Egg Drop Soup,Chinese,72);
INSERT INTO recipe_has_chef (recipe_name,recipe_cuisine_name,chef_id) VALUES (Kung Pao Chicken,Chinese,72);
INSERT INTO recipe_has_chef (recipe_name,recipe_cuisine_name,chef_id) VALUES (Beef and Broccoli,Chinese,82);
INSERT INTO recipe_has_chef (recipe_name,recipe_cuisine_name,chef_id) VALUES (Egg Drop Soup,Chinese,82);
INSERT INTO recipe_has_chef (recipe_name,recipe_cuisine_name,chef_id) VALUES (Kung Pao Chicken,Chinese,82);
INSERT INTO recipe_has_chef (recipe_name,recipe_cuisine_name,chef_id) VALUES (Beef and Broccoli,Chinese,95);
INSERT INTO recipe_has_chef (recipe_name,recipe_cuisine_name,chef_id) VALUES (Egg Drop Soup,Chinese,95);
INSERT INTO recipe_has_chef (recipe_name,recipe_cuisine_name,chef_id) VALUES (Kung Pao Chicken,Chinese,95);
INSERT INTO recipe_has_chef (recipe_name,recipe_cuisine_name,chef_id) VALUES (Bibimbap,Korean,2);
INSERT INTO recipe_has_chef (recipe_name,recipe_cuisine_name,chef_id) VALUES (Hoddeok,Korean,2);
INSERT INTO recipe_has_chef (recipe_name,recipe_cuisine_name,chef_id) VALUES (Kimchi Jjigae,Korean,2);
INSERT INTO recipe_has_chef (recipe_name,recipe_cuisine_name,chef_id) VALUES (Bibimbap,Korean,7);
INSERT INTO recipe_has_chef (recipe_name,recipe_cuisine_name,chef_id) VALUES (Hoddeok,Korean,7);
INSERT INTO recipe_has_chef (recipe_name,recipe_cuisine_name,chef_id) VALUES (Kimchi Jjigae,Korean,7);
INSERT INTO recipe_has_chef (recipe_name,recipe_cuisine_name,chef_id) VALUES (Bibimbap,Korean,22);
INSERT INTO recipe_has_chef (recipe_name,recipe_cuisine_name,chef_id) VALUES (Hoddeok,Korean,22);
INSERT INTO recipe_has_chef (recipe_name,recipe_cuisine_name,chef_id) VALUES (Kimchi Jjigae,Korean,22);
INSERT INTO recipe_has_chef (recipe_name,recipe_cuisine_name,chef_id) VALUES (Bibimbap,Korean,25);
INSERT INTO recipe_has_chef (recipe_name,recipe_cuisine_name,chef_id) VALUES (Hoddeok,Korean,25);
INSERT INTO recipe_has_chef (recipe_name,recipe_cuisine_name,chef_id) VALUES (Kimchi Jjigae,Korean,25);
INSERT INTO recipe_has_chef (recipe_name,recipe_cuisine_name,chef_id) VALUES (Bibimbap,Korean,42);
INSERT INTO recipe_has_chef (recipe_name,recipe_cuisine_name,chef_id) VALUES (Hoddeok,Korean,42);
INSERT INTO recipe_has_chef (recipe_name,recipe_cuisine_name,chef_id) VALUES (Kimchi Jjigae,Korean,42);
INSERT INTO recipe_has_chef (recipe_name,recipe_cuisine_name,chef_id) VALUES (Bibimbap,Korean,60);
INSERT INTO recipe_has_chef (recipe_name,recipe_cuisine_name,chef_id) VALUES (Hoddeok,Korean,60);
INSERT INTO recipe_has_chef (recipe_name,recipe_cuisine_name,chef_id) VALUES (Kimchi Jjigae,Korean,60);
INSERT INTO recipe_has_chef (recipe_name,recipe_cuisine_name,chef_id) VALUES (Bibimbap,Korean,66);
INSERT INTO recipe_has_chef (recipe_name,recipe_cuisine_name,chef_id) VALUES (Hoddeok,Korean,66);
INSERT INTO recipe_has_chef (recipe_name,recipe_cuisine_name,chef_id) VALUES (Kimchi Jjigae,Korean,66);
INSERT INTO recipe_has_chef (recipe_name,recipe_cuisine_name,chef_id) VALUES (Bibimbap,Korean,74);
INSERT INTO recipe_has_chef (recipe_name,recipe_cuisine_name,chef_id) VALUES (Hoddeok,Korean,74);
INSERT INTO recipe_has_chef (recipe_name,recipe_cuisine_name,chef_id) VALUES (Kimchi Jjigae,Korean,74);
INSERT INTO recipe_has_chef (recipe_name,recipe_cuisine_name,chef_id) VALUES (Bibimbap,Korean,83);
INSERT INTO recipe_has_chef (recipe_name,recipe_cuisine_name,chef_id) VALUES (Hoddeok,Korean,83);
INSERT INTO recipe_has_chef (recipe_name,recipe_cuisine_name,chef_id) VALUES (Kimchi Jjigae,Korean,83);
INSERT INTO recipe_has_chef (recipe_name,recipe_cuisine_name,chef_id) VALUES (Baklava,Turkish,2);
INSERT INTO recipe_has_chef (recipe_name,recipe_cuisine_name,chef_id) VALUES (İskender Kebab,Turkish,2);
INSERT INTO recipe_has_chef (recipe_name,recipe_cuisine_name,chef_id) VALUES (Lahmacun,Turkish,2);
INSERT INTO recipe_has_chef (recipe_name,recipe_cuisine_name,chef_id) VALUES (Baklava,Turkish,28);
INSERT INTO recipe_has_chef (recipe_name,recipe_cuisine_name,chef_id) VALUES (İskender Kebab,Turkish,28);
INSERT INTO recipe_has_chef (recipe_name,recipe_cuisine_name,chef_id) VALUES (Lahmacun,Turkish,28);
INSERT INTO recipe_has_chef (recipe_name,recipe_cuisine_name,chef_id) VALUES (Baklava,Turkish,42);
INSERT INTO recipe_has_chef (recipe_name,recipe_cuisine_name,chef_id) VALUES (İskender Kebab,Turkish,42);
INSERT INTO recipe_has_chef (recipe_name,recipe_cuisine_name,chef_id) VALUES (Lahmacun,Turkish,42);
INSERT INTO recipe_has_chef (recipe_name,recipe_cuisine_name,chef_id) VALUES (Baklava,Turkish,61);
INSERT INTO recipe_has_chef (recipe_name,recipe_cuisine_name,chef_id) VALUES (İskender Kebab,Turkish,61);
INSERT INTO recipe_has_chef (recipe_name,recipe_cuisine_name,chef_id) VALUES (Lahmacun,Turkish,61);
INSERT INTO recipe_has_chef (recipe_name,recipe_cuisine_name,chef_id) VALUES (Baklava,Turkish,67);
INSERT INTO recipe_has_chef (recipe_name,recipe_cuisine_name,chef_id) VALUES (İskender Kebab,Turkish,67);
INSERT INTO recipe_has_chef (recipe_name,recipe_cuisine_name,chef_id) VALUES (Lahmacun,Turkish,67);
INSERT INTO recipe_has_chef (recipe_name,recipe_cuisine_name,chef_id) VALUES (Baklava,Turkish,68);
INSERT INTO recipe_has_chef (recipe_name,recipe_cuisine_name,chef_id) VALUES (İskender Kebab,Turkish,68);
INSERT INTO recipe_has_chef (recipe_name,recipe_cuisine_name,chef_id) VALUES (Lahmacun,Turkish,68);
INSERT INTO recipe_has_chef (recipe_name,recipe_cuisine_name,chef_id) VALUES (Baklava,Turkish,71);
INSERT INTO recipe_has_chef (recipe_name,recipe_cuisine_name,chef_id) VALUES (İskender Kebab,Turkish,71);
INSERT INTO recipe_has_chef (recipe_name,recipe_cuisine_name,chef_id) VALUES (Lahmacun,Turkish,71);
INSERT INTO recipe_has_chef (recipe_name,recipe_cuisine_name,chef_id) VALUES (Baklava,Turkish,76);
INSERT INTO recipe_has_chef (recipe_name,recipe_cuisine_name,chef_id) VALUES (İskender Kebab,Turkish,76);
INSERT INTO recipe_has_chef (recipe_name,recipe_cuisine_name,chef_id) VALUES (Lahmacun,Turkish,76);
INSERT INTO recipe_has_chef (recipe_name,recipe_cuisine_name,chef_id) VALUES (Baklava,Turkish,77);
INSERT INTO recipe_has_chef (recipe_name,recipe_cuisine_name,chef_id) VALUES (İskender Kebab,Turkish,77);
INSERT INTO recipe_has_chef (recipe_name,recipe_cuisine_name,chef_id) VALUES (Lahmacun,Turkish,77);
INSERT INTO recipe_has_chef (recipe_name,recipe_cuisine_name,chef_id) VALUES (Baklava,Turkish,79);
INSERT INTO recipe_has_chef (recipe_name,recipe_cuisine_name,chef_id) VALUES (İskender Kebab,Turkish,79);
INSERT INTO recipe_has_chef (recipe_name,recipe_cuisine_name,chef_id) VALUES (Lahmacun,Turkish,79);
INSERT INTO recipe_has_chef (recipe_name,recipe_cuisine_name,chef_id) VALUES (Baklava,Turkish,89);
INSERT INTO recipe_has_chef (recipe_name,recipe_cuisine_name,chef_id) VALUES (İskender Kebab,Turkish,89);
INSERT INTO recipe_has_chef (recipe_name,recipe_cuisine_name,chef_id) VALUES (Lahmacun,Turkish,89);
INSERT INTO recipe_has_chef (recipe_name,recipe_cuisine_name,chef_id) VALUES (Beef Stroganoff,Russian,2);
INSERT INTO recipe_has_chef (recipe_name,recipe_cuisine_name,chef_id) VALUES (Medovik,Russian,2);
INSERT INTO recipe_has_chef (recipe_name,recipe_cuisine_name,chef_id) VALUES (Borscht,Russian,2);
INSERT INTO recipe_has_chef (recipe_name,recipe_cuisine_name,chef_id) VALUES (Pelmeni,Russian,2);
INSERT INTO recipe_has_chef (recipe_name,recipe_cuisine_name,chef_id) VALUES (Syrniki,Russian,2);
INSERT INTO recipe_has_chef (recipe_name,recipe_cuisine_name,chef_id) VALUES (Kasha,Russian,2);
INSERT INTO recipe_has_chef (recipe_name,recipe_cuisine_name,chef_id) VALUES (Pryaniki,Russian,2);
INSERT INTO recipe_has_chef (recipe_name,recipe_cuisine_name,chef_id) VALUES (Zefir,Russian,2);
INSERT INTO recipe_has_chef (recipe_name,recipe_cuisine_name,chef_id) VALUES (Olivier Salad,Russian,2);
INSERT INTO recipe_has_chef (recipe_name,recipe_cuisine_name,chef_id) VALUES (Shchi,Russian,2);
INSERT INTO recipe_has_chef (recipe_name,recipe_cuisine_name,chef_id) VALUES (Beef Stroganoff,Russian,6);
INSERT INTO recipe_has_chef (recipe_name,recipe_cuisine_name,chef_id) VALUES (Medovik,Russian,6);
INSERT INTO recipe_has_chef (recipe_name,recipe_cuisine_name,chef_id) VALUES (Borscht,Russian,6);
INSERT INTO recipe_has_chef (recipe_name,recipe_cuisine_name,chef_id) VALUES (Pelmeni,Russian,6);
INSERT INTO recipe_has_chef (recipe_name,recipe_cuisine_name,chef_id) VALUES (Syrniki,Russian,6);
INSERT INTO recipe_has_chef (recipe_name,recipe_cuisine_name,chef_id) VALUES (Kasha,Russian,6);
INSERT INTO recipe_has_chef (recipe_name,recipe_cuisine_name,chef_id) VALUES (Pryaniki,Russian,6);
INSERT INTO recipe_has_chef (recipe_name,recipe_cuisine_name,chef_id) VALUES (Zefir,Russian,6);
INSERT INTO recipe_has_chef (recipe_name,recipe_cuisine_name,chef_id) VALUES (Olivier Salad,Russian,6);
INSERT INTO recipe_has_chef (recipe_name,recipe_cuisine_name,chef_id) VALUES (Shchi,Russian,6);
INSERT INTO recipe_has_chef (recipe_name,recipe_cuisine_name,chef_id) VALUES (Beef Stroganoff,Russian,9);
INSERT INTO recipe_has_chef (recipe_name,recipe_cuisine_name,chef_id) VALUES (Medovik,Russian,9);
INSERT INTO recipe_has_chef (recipe_name,recipe_cuisine_name,chef_id) VALUES (Borscht,Russian,9);
INSERT INTO recipe_has_chef (recipe_name,recipe_cuisine_name,chef_id) VALUES (Pelmeni,Russian,9);
INSERT INTO recipe_has_chef (recipe_name,recipe_cuisine_name,chef_id) VALUES (Syrniki,Russian,9);
INSERT INTO recipe_has_chef (recipe_name,recipe_cuisine_name,chef_id) VALUES (Kasha,Russian,9);
INSERT INTO recipe_has_chef (recipe_name,recipe_cuisine_name,chef_id) VALUES (Pryaniki,Russian,9);
INSERT INTO recipe_has_chef (recipe_name,recipe_cuisine_name,chef_id) VALUES (Zefir,Russian,9);
INSERT INTO recipe_has_chef (recipe_name,recipe_cuisine_name,chef_id) VALUES (Olivier Salad,Russian,9);
INSERT INTO recipe_has_chef (recipe_name,recipe_cuisine_name,chef_id) VALUES (Shchi,Russian,9);
INSERT INTO recipe_has_chef (recipe_name,recipe_cuisine_name,chef_id) VALUES (Beef Stroganoff,Russian,31);
INSERT INTO recipe_has_chef (recipe_name,recipe_cuisine_name,chef_id) VALUES (Medovik,Russian,31);
INSERT INTO recipe_has_chef (recipe_name,recipe_cuisine_name,chef_id) VALUES (Borscht,Russian,31);
INSERT INTO recipe_has_chef (recipe_name,recipe_cuisine_name,chef_id) VALUES (Pelmeni,Russian,31);
INSERT INTO recipe_has_chef (recipe_name,recipe_cuisine_name,chef_id) VALUES (Syrniki,Russian,31);
INSERT INTO recipe_has_chef (recipe_name,recipe_cuisine_name,chef_id) VALUES (Kasha,Russian,31);
INSERT INTO recipe_has_chef (recipe_name,recipe_cuisine_name,chef_id) VALUES (Pryaniki,Russian,31);
INSERT INTO recipe_has_chef (recipe_name,recipe_cuisine_name,chef_id) VALUES (Zefir,Russian,31);
INSERT INTO recipe_has_chef (recipe_name,recipe_cuisine_name,chef_id) VALUES (Olivier Salad,Russian,31);
INSERT INTO recipe_has_chef (recipe_name,recipe_cuisine_name,chef_id) VALUES (Shchi,Russian,31);
INSERT INTO recipe_has_chef (recipe_name,recipe_cuisine_name,chef_id) VALUES (Beef Stroganoff,Russian,34);
INSERT INTO recipe_has_chef (recipe_name,recipe_cuisine_name,chef_id) VALUES (Medovik,Russian,34);
INSERT INTO recipe_has_chef (recipe_name,recipe_cuisine_name,chef_id) VALUES (Borscht,Russian,34);
INSERT INTO recipe_has_chef (recipe_name,recipe_cuisine_name,chef_id) VALUES (Pelmeni,Russian,34);
INSERT INTO recipe_has_chef (recipe_name,recipe_cuisine_name,chef_id) VALUES (Syrniki,Russian,34);
INSERT INTO recipe_has_chef (recipe_name,recipe_cuisine_name,chef_id) VALUES (Kasha,Russian,34);
INSERT INTO recipe_has_chef (recipe_name,recipe_cuisine_name,chef_id) VALUES (Pryaniki,Russian,34);
INSERT INTO recipe_has_chef (recipe_name,recipe_cuisine_name,chef_id) VALUES (Zefir,Russian,34);
INSERT INTO recipe_has_chef (recipe_name,recipe_cuisine_name,chef_id) VALUES (Olivier Salad,Russian,34);
INSERT INTO recipe_has_chef (recipe_name,recipe_cuisine_name,chef_id) VALUES (Shchi,Russian,34);
INSERT INTO recipe_has_chef (recipe_name,recipe_cuisine_name,chef_id) VALUES (Beef Stroganoff,Russian,37);
INSERT INTO recipe_has_chef (recipe_name,recipe_cuisine_name,chef_id) VALUES (Medovik,Russian,37);
INSERT INTO recipe_has_chef (recipe_name,recipe_cuisine_name,chef_id) VALUES (Borscht,Russian,37);
INSERT INTO recipe_has_chef (recipe_name,recipe_cuisine_name,chef_id) VALUES (Pelmeni,Russian,37);
INSERT INTO recipe_has_chef (recipe_name,recipe_cuisine_name,chef_id) VALUES (Syrniki,Russian,37);
INSERT INTO recipe_has_chef (recipe_name,recipe_cuisine_name,chef_id) VALUES (Kasha,Russian,37);
INSERT INTO recipe_has_chef (recipe_name,recipe_cuisine_name,chef_id) VALUES (Pryaniki,Russian,37);
INSERT INTO recipe_has_chef (recipe_name,recipe_cuisine_name,chef_id) VALUES (Zefir,Russian,37);
INSERT INTO recipe_has_chef (recipe_name,recipe_cuisine_name,chef_id) VALUES (Olivier Salad,Russian,37);
INSERT INTO recipe_has_chef (recipe_name,recipe_cuisine_name,chef_id) VALUES (Shchi,Russian,37);
INSERT INTO recipe_has_chef (recipe_name,recipe_cuisine_name,chef_id) VALUES (Beef Stroganoff,Russian,47);
INSERT INTO recipe_has_chef (recipe_name,recipe_cuisine_name,chef_id) VALUES (Medovik,Russian,47);
INSERT INTO recipe_has_chef (recipe_name,recipe_cuisine_name,chef_id) VALUES (Borscht,Russian,47);
INSERT INTO recipe_has_chef (recipe_name,recipe_cuisine_name,chef_id) VALUES (Pelmeni,Russian,47);
INSERT INTO recipe_has_chef (recipe_name,recipe_cuisine_name,chef_id) VALUES (Syrniki,Russian,47);
INSERT INTO recipe_has_chef (recipe_name,recipe_cuisine_name,chef_id) VALUES (Kasha,Russian,47);
INSERT INTO recipe_has_chef (recipe_name,recipe_cuisine_name,chef_id) VALUES (Pryaniki,Russian,47);
INSERT INTO recipe_has_chef (recipe_name,recipe_cuisine_name,chef_id) VALUES (Zefir,Russian,47);
INSERT INTO recipe_has_chef (recipe_name,recipe_cuisine_name,chef_id) VALUES (Olivier Salad,Russian,47);
INSERT INTO recipe_has_chef (recipe_name,recipe_cuisine_name,chef_id) VALUES (Shchi,Russian,47);
INSERT INTO recipe_has_chef (recipe_name,recipe_cuisine_name,chef_id) VALUES (Beef Stroganoff,Russian,58);
INSERT INTO recipe_has_chef (recipe_name,recipe_cuisine_name,chef_id) VALUES (Medovik,Russian,58);
INSERT INTO recipe_has_chef (recipe_name,recipe_cuisine_name,chef_id) VALUES (Borscht,Russian,58);
INSERT INTO recipe_has_chef (recipe_name,recipe_cuisine_name,chef_id) VALUES (Pelmeni,Russian,58);
INSERT INTO recipe_has_chef (recipe_name,recipe_cuisine_name,chef_id) VALUES (Syrniki,Russian,58);
INSERT INTO recipe_has_chef (recipe_name,recipe_cuisine_name,chef_id) VALUES (Kasha,Russian,58);
INSERT INTO recipe_has_chef (recipe_name,recipe_cuisine_name,chef_id) VALUES (Pryaniki,Russian,58);
INSERT INTO recipe_has_chef (recipe_name,recipe_cuisine_name,chef_id) VALUES (Zefir,Russian,58);
INSERT INTO recipe_has_chef (recipe_name,recipe_cuisine_name,chef_id) VALUES (Olivier Salad,Russian,58);
INSERT INTO recipe_has_chef (recipe_name,recipe_cuisine_name,chef_id) VALUES (Shchi,Russian,58);
INSERT INTO recipe_has_chef (recipe_name,recipe_cuisine_name,chef_id) VALUES (Beef Stroganoff,Russian,67);
INSERT INTO recipe_has_chef (recipe_name,recipe_cuisine_name,chef_id) VALUES (Medovik,Russian,67);
INSERT INTO recipe_has_chef (recipe_name,recipe_cuisine_name,chef_id) VALUES (Borscht,Russian,67);
INSERT INTO recipe_has_chef (recipe_name,recipe_cuisine_name,chef_id) VALUES (Pelmeni,Russian,67);
INSERT INTO recipe_has_chef (recipe_name,recipe_cuisine_name,chef_id) VALUES (Syrniki,Russian,67);
INSERT INTO recipe_has_chef (recipe_name,recipe_cuisine_name,chef_id) VALUES (Kasha,Russian,67);
INSERT INTO recipe_has_chef (recipe_name,recipe_cuisine_name,chef_id) VALUES (Pryaniki,Russian,67);
INSERT INTO recipe_has_chef (recipe_name,recipe_cuisine_name,chef_id) VALUES (Zefir,Russian,67);
INSERT INTO recipe_has_chef (recipe_name,recipe_cuisine_name,chef_id) VALUES (Olivier Salad,Russian,67);
INSERT INTO recipe_has_chef (recipe_name,recipe_cuisine_name,chef_id) VALUES (Shchi,Russian,67);
INSERT INTO recipe_has_chef (recipe_name,recipe_cuisine_name,chef_id) VALUES (Beef Stroganoff,Russian,87);
INSERT INTO recipe_has_chef (recipe_name,recipe_cuisine_name,chef_id) VALUES (Medovik,Russian,87);
INSERT INTO recipe_has_chef (recipe_name,recipe_cuisine_name,chef_id) VALUES (Borscht,Russian,87);
INSERT INTO recipe_has_chef (recipe_name,recipe_cuisine_name,chef_id) VALUES (Pelmeni,Russian,87);
INSERT INTO recipe_has_chef (recipe_name,recipe_cuisine_name,chef_id) VALUES (Syrniki,Russian,87);
INSERT INTO recipe_has_chef (recipe_name,recipe_cuisine_name,chef_id) VALUES (Kasha,Russian,87);
INSERT INTO recipe_has_chef (recipe_name,recipe_cuisine_name,chef_id) VALUES (Pryaniki,Russian,87);
INSERT INTO recipe_has_chef (recipe_name,recipe_cuisine_name,chef_id) VALUES (Zefir,Russian,87);
INSERT INTO recipe_has_chef (recipe_name,recipe_cuisine_name,chef_id) VALUES (Olivier Salad,Russian,87);
INSERT INTO recipe_has_chef (recipe_name,recipe_cuisine_name,chef_id) VALUES (Shchi,Russian,87);
INSERT INTO recipe_has_chef (recipe_name,recipe_cuisine_name,chef_id) VALUES (Beef Stroganoff,Russian,97);
INSERT INTO recipe_has_chef (recipe_name,recipe_cuisine_name,chef_id) VALUES (Medovik,Russian,97);
INSERT INTO recipe_has_chef (recipe_name,recipe_cuisine_name,chef_id) VALUES (Borscht,Russian,97);
INSERT INTO recipe_has_chef (recipe_name,recipe_cuisine_name,chef_id) VALUES (Pelmeni,Russian,97);
INSERT INTO recipe_has_chef (recipe_name,recipe_cuisine_name,chef_id) VALUES (Syrniki,Russian,97);
INSERT INTO recipe_has_chef (recipe_name,recipe_cuisine_name,chef_id) VALUES (Kasha,Russian,97);
INSERT INTO recipe_has_chef (recipe_name,recipe_cuisine_name,chef_id) VALUES (Pryaniki,Russian,97);
INSERT INTO recipe_has_chef (recipe_name,recipe_cuisine_name,chef_id) VALUES (Zefir,Russian,97);
INSERT INTO recipe_has_chef (recipe_name,recipe_cuisine_name,chef_id) VALUES (Olivier Salad,Russian,97);
INSERT INTO recipe_has_chef (recipe_name,recipe_cuisine_name,chef_id) VALUES (Shchi,Russian,97);
INSERT INTO recipe_has_chef (recipe_name,recipe_cuisine_name,chef_id) VALUES (Beef Stroganoff,Russian,99);
INSERT INTO recipe_has_chef (recipe_name,recipe_cuisine_name,chef_id) VALUES (Medovik,Russian,99);
INSERT INTO recipe_has_chef (recipe_name,recipe_cuisine_name,chef_id) VALUES (Borscht,Russian,99);
INSERT INTO recipe_has_chef (recipe_name,recipe_cuisine_name,chef_id) VALUES (Pelmeni,Russian,99);
INSERT INTO recipe_has_chef (recipe_name,recipe_cuisine_name,chef_id) VALUES (Syrniki,Russian,99);
INSERT INTO recipe_has_chef (recipe_name,recipe_cuisine_name,chef_id) VALUES (Kasha,Russian,99);
INSERT INTO recipe_has_chef (recipe_name,recipe_cuisine_name,chef_id) VALUES (Pryaniki,Russian,99);
INSERT INTO recipe_has_chef (recipe_name,recipe_cuisine_name,chef_id) VALUES (Zefir,Russian,99);
INSERT INTO recipe_has_chef (recipe_name,recipe_cuisine_name,chef_id) VALUES (Olivier Salad,Russian,99);
INSERT INTO recipe_has_chef (recipe_name,recipe_cuisine_name,chef_id) VALUES (Shchi,Russian,99);
INSERT INTO recipe_has_chef (recipe_name,recipe_cuisine_name,chef_id) VALUES (Matcha Ice Cream,Japanese,3);
INSERT INTO recipe_has_chef (recipe_name,recipe_cuisine_name,chef_id) VALUES (Ramen,Japanese,3);
INSERT INTO recipe_has_chef (recipe_name,recipe_cuisine_name,chef_id) VALUES (Sushi Rolls (Maki Sushi),Japanese,3);
INSERT INTO recipe_has_chef (recipe_name,recipe_cuisine_name,chef_id) VALUES (Matcha Ice Cream,Japanese,31);
INSERT INTO recipe_has_chef (recipe_name,recipe_cuisine_name,chef_id) VALUES (Ramen,Japanese,31);
INSERT INTO recipe_has_chef (recipe_name,recipe_cuisine_name,chef_id) VALUES (Sushi Rolls (Maki Sushi),Japanese,31);
INSERT INTO recipe_has_chef (recipe_name,recipe_cuisine_name,chef_id) VALUES (Matcha Ice Cream,Japanese,46);
INSERT INTO recipe_has_chef (recipe_name,recipe_cuisine_name,chef_id) VALUES (Ramen,Japanese,46);
INSERT INTO recipe_has_chef (recipe_name,recipe_cuisine_name,chef_id) VALUES (Sushi Rolls (Maki Sushi),Japanese,46);
INSERT INTO recipe_has_chef (recipe_name,recipe_cuisine_name,chef_id) VALUES (Matcha Ice Cream,Japanese,49);
INSERT INTO recipe_has_chef (recipe_name,recipe_cuisine_name,chef_id) VALUES (Ramen,Japanese,49);
INSERT INTO recipe_has_chef (recipe_name,recipe_cuisine_name,chef_id) VALUES (Sushi Rolls (Maki Sushi),Japanese,49);
INSERT INTO recipe_has_chef (recipe_name,recipe_cuisine_name,chef_id) VALUES (Matcha Ice Cream,Japanese,56);
INSERT INTO recipe_has_chef (recipe_name,recipe_cuisine_name,chef_id) VALUES (Ramen,Japanese,56);
INSERT INTO recipe_has_chef (recipe_name,recipe_cuisine_name,chef_id) VALUES (Sushi Rolls (Maki Sushi),Japanese,56);
INSERT INTO recipe_has_chef (recipe_name,recipe_cuisine_name,chef_id) VALUES (Matcha Ice Cream,Japanese,58);
INSERT INTO recipe_has_chef (recipe_name,recipe_cuisine_name,chef_id) VALUES (Ramen,Japanese,58);
INSERT INTO recipe_has_chef (recipe_name,recipe_cuisine_name,chef_id) VALUES (Sushi Rolls (Maki Sushi),Japanese,58);
INSERT INTO recipe_has_chef (recipe_name,recipe_cuisine_name,chef_id) VALUES (Matcha Ice Cream,Japanese,68);
INSERT INTO recipe_has_chef (recipe_name,recipe_cuisine_name,chef_id) VALUES (Ramen,Japanese,68);
INSERT INTO recipe_has_chef (recipe_name,recipe_cuisine_name,chef_id) VALUES (Sushi Rolls (Maki Sushi),Japanese,68);
INSERT INTO recipe_has_chef (recipe_name,recipe_cuisine_name,chef_id) VALUES (Matcha Ice Cream,Japanese,71);
INSERT INTO recipe_has_chef (recipe_name,recipe_cuisine_name,chef_id) VALUES (Ramen,Japanese,71);
INSERT INTO recipe_has_chef (recipe_name,recipe_cuisine_name,chef_id) VALUES (Sushi Rolls (Maki Sushi),Japanese,71);
INSERT INTO recipe_has_chef (recipe_name,recipe_cuisine_name,chef_id) VALUES (Matcha Ice Cream,Japanese,92);
INSERT INTO recipe_has_chef (recipe_name,recipe_cuisine_name,chef_id) VALUES (Ramen,Japanese,92);
INSERT INTO recipe_has_chef (recipe_name,recipe_cuisine_name,chef_id) VALUES (Sushi Rolls (Maki Sushi),Japanese,92);
INSERT INTO recipe_has_chef (recipe_name,recipe_cuisine_name,chef_id) VALUES (Matcha Ice Cream,Japanese,97);
INSERT INTO recipe_has_chef (recipe_name,recipe_cuisine_name,chef_id) VALUES (Ramen,Japanese,97);
INSERT INTO recipe_has_chef (recipe_name,recipe_cuisine_name,chef_id) VALUES (Sushi Rolls (Maki Sushi),Japanese,97);
INSERT INTO recipe_has_chef (recipe_name,recipe_cuisine_name,chef_id) VALUES (Coq au Vin,French,4);
INSERT INTO recipe_has_chef (recipe_name,recipe_cuisine_name,chef_id) VALUES (Crème Brûlée,French,4);
INSERT INTO recipe_has_chef (recipe_name,recipe_cuisine_name,chef_id) VALUES (French Onion Soup,French,4);
INSERT INTO recipe_has_chef (recipe_name,recipe_cuisine_name,chef_id) VALUES (Coq au Vin,French,20);
INSERT INTO recipe_has_chef (recipe_name,recipe_cuisine_name,chef_id) VALUES (Crème Brûlée,French,20);
INSERT INTO recipe_has_chef (recipe_name,recipe_cuisine_name,chef_id) VALUES (French Onion Soup,French,20);
INSERT INTO recipe_has_chef (recipe_name,recipe_cuisine_name,chef_id) VALUES (Coq au Vin,French,22);
INSERT INTO recipe_has_chef (recipe_name,recipe_cuisine_name,chef_id) VALUES (Crème Brûlée,French,22);
INSERT INTO recipe_has_chef (recipe_name,recipe_cuisine_name,chef_id) VALUES (French Onion Soup,French,22);
INSERT INTO recipe_has_chef (recipe_name,recipe_cuisine_name,chef_id) VALUES (Coq au Vin,French,91);
INSERT INTO recipe_has_chef (recipe_name,recipe_cuisine_name,chef_id) VALUES (Crème Brûlée,French,91);
INSERT INTO recipe_has_chef (recipe_name,recipe_cuisine_name,chef_id) VALUES (French Onion Soup,French,91);
INSERT INTO recipe_has_chef (recipe_name,recipe_cuisine_name,chef_id) VALUES (Coq au Vin,French,92);
INSERT INTO recipe_has_chef (recipe_name,recipe_cuisine_name,chef_id) VALUES (Crème Brûlée,French,92);
INSERT INTO recipe_has_chef (recipe_name,recipe_cuisine_name,chef_id) VALUES (French Onion Soup,French,92);
INSERT INTO recipe_has_chef (recipe_name,recipe_cuisine_name,chef_id) VALUES (Coq au Vin,French,96);
INSERT INTO recipe_has_chef (recipe_name,recipe_cuisine_name,chef_id) VALUES (Crème Brûlée,French,96);
INSERT INTO recipe_has_chef (recipe_name,recipe_cuisine_name,chef_id) VALUES (French Onion Soup,French,96);
INSERT INTO recipe_has_chef (recipe_name,recipe_cuisine_name,chef_id) VALUES (Gutap,Turkmen,4);
INSERT INTO recipe_has_chef (recipe_name,recipe_cuisine_name,chef_id) VALUES (Palaw,Turkmen,4);
INSERT INTO recipe_has_chef (recipe_name,recipe_cuisine_name,chef_id) VALUES (Shurpa,Turkmen,4);
INSERT INTO recipe_has_chef (recipe_name,recipe_cuisine_name,chef_id) VALUES (Gutap,Turkmen,10);
INSERT INTO recipe_has_chef (recipe_name,recipe_cuisine_name,chef_id) VALUES (Palaw,Turkmen,10);
INSERT INTO recipe_has_chef (recipe_name,recipe_cuisine_name,chef_id) VALUES (Shurpa,Turkmen,10);
INSERT INTO recipe_has_chef (recipe_name,recipe_cuisine_name,chef_id) VALUES (Gutap,Turkmen,57);
INSERT INTO recipe_has_chef (recipe_name,recipe_cuisine_name,chef_id) VALUES (Palaw,Turkmen,57);
INSERT INTO recipe_has_chef (recipe_name,recipe_cuisine_name,chef_id) VALUES (Shurpa,Turkmen,57);
INSERT INTO recipe_has_chef (recipe_name,recipe_cuisine_name,chef_id) VALUES (Gutap,Turkmen,59);
INSERT INTO recipe_has_chef (recipe_name,recipe_cuisine_name,chef_id) VALUES (Palaw,Turkmen,59);
INSERT INTO recipe_has_chef (recipe_name,recipe_cuisine_name,chef_id) VALUES (Shurpa,Turkmen,59);
INSERT INTO recipe_has_chef (recipe_name,recipe_cuisine_name,chef_id) VALUES (Gutap,Turkmen,62);
INSERT INTO recipe_has_chef (recipe_name,recipe_cuisine_name,chef_id) VALUES (Palaw,Turkmen,62);
INSERT INTO recipe_has_chef (recipe_name,recipe_cuisine_name,chef_id) VALUES (Shurpa,Turkmen,62);
INSERT INTO recipe_has_chef (recipe_name,recipe_cuisine_name,chef_id) VALUES (Gutap,Turkmen,66);
INSERT INTO recipe_has_chef (recipe_name,recipe_cuisine_name,chef_id) VALUES (Palaw,Turkmen,66);
INSERT INTO recipe_has_chef (recipe_name,recipe_cuisine_name,chef_id) VALUES (Shurpa,Turkmen,66);
INSERT INTO recipe_has_chef (recipe_name,recipe_cuisine_name,chef_id) VALUES (Gutap,Turkmen,68);
INSERT INTO recipe_has_chef (recipe_name,recipe_cuisine_name,chef_id) VALUES (Palaw,Turkmen,68);
INSERT INTO recipe_has_chef (recipe_name,recipe_cuisine_name,chef_id) VALUES (Shurpa,Turkmen,68);
INSERT INTO recipe_has_chef (recipe_name,recipe_cuisine_name,chef_id) VALUES (Gutap,Turkmen,73);
INSERT INTO recipe_has_chef (recipe_name,recipe_cuisine_name,chef_id) VALUES (Palaw,Turkmen,73);
INSERT INTO recipe_has_chef (recipe_name,recipe_cuisine_name,chef_id) VALUES (Shurpa,Turkmen,73);
INSERT INTO recipe_has_chef (recipe_name,recipe_cuisine_name,chef_id) VALUES (Gutap,Turkmen,85);
INSERT INTO recipe_has_chef (recipe_name,recipe_cuisine_name,chef_id) VALUES (Palaw,Turkmen,85);
INSERT INTO recipe_has_chef (recipe_name,recipe_cuisine_name,chef_id) VALUES (Shurpa,Turkmen,85);
INSERT INTO recipe_has_chef (recipe_name,recipe_cuisine_name,chef_id) VALUES (Gutap,Turkmen,90);
INSERT INTO recipe_has_chef (recipe_name,recipe_cuisine_name,chef_id) VALUES (Palaw,Turkmen,90);
INSERT INTO recipe_has_chef (recipe_name,recipe_cuisine_name,chef_id) VALUES (Shurpa,Turkmen,90);
INSERT INTO recipe_has_chef (recipe_name,recipe_cuisine_name,chef_id) VALUES (Nyama Choma,Kenyan,5);
INSERT INTO recipe_has_chef (recipe_name,recipe_cuisine_name,chef_id) VALUES (Sukuma Wiki,Kenyan,5);
INSERT INTO recipe_has_chef (recipe_name,recipe_cuisine_name,chef_id) VALUES (Ugali,Kenyan,5);
INSERT INTO recipe_has_chef (recipe_name,recipe_cuisine_name,chef_id) VALUES (Nyama Choma,Kenyan,8);
INSERT INTO recipe_has_chef (recipe_name,recipe_cuisine_name,chef_id) VALUES (Sukuma Wiki,Kenyan,8);
INSERT INTO recipe_has_chef (recipe_name,recipe_cuisine_name,chef_id) VALUES (Ugali,Kenyan,8);
INSERT INTO recipe_has_chef (recipe_name,recipe_cuisine_name,chef_id) VALUES (Nyama Choma,Kenyan,9);
INSERT INTO recipe_has_chef (recipe_name,recipe_cuisine_name,chef_id) VALUES (Sukuma Wiki,Kenyan,9);
INSERT INTO recipe_has_chef (recipe_name,recipe_cuisine_name,chef_id) VALUES (Ugali,Kenyan,9);
INSERT INTO recipe_has_chef (recipe_name,recipe_cuisine_name,chef_id) VALUES (Nyama Choma,Kenyan,24);
INSERT INTO recipe_has_chef (recipe_name,recipe_cuisine_name,chef_id) VALUES (Sukuma Wiki,Kenyan,24);
INSERT INTO recipe_has_chef (recipe_name,recipe_cuisine_name,chef_id) VALUES (Ugali,Kenyan,24);
INSERT INTO recipe_has_chef (recipe_name,recipe_cuisine_name,chef_id) VALUES (Nyama Choma,Kenyan,41);
INSERT INTO recipe_has_chef (recipe_name,recipe_cuisine_name,chef_id) VALUES (Sukuma Wiki,Kenyan,41);
INSERT INTO recipe_has_chef (recipe_name,recipe_cuisine_name,chef_id) VALUES (Ugali,Kenyan,41);
INSERT INTO recipe_has_chef (recipe_name,recipe_cuisine_name,chef_id) VALUES (Nyama Choma,Kenyan,48);
INSERT INTO recipe_has_chef (recipe_name,recipe_cuisine_name,chef_id) VALUES (Sukuma Wiki,Kenyan,48);
INSERT INTO recipe_has_chef (recipe_name,recipe_cuisine_name,chef_id) VALUES (Ugali,Kenyan,48);
INSERT INTO recipe_has_chef (recipe_name,recipe_cuisine_name,chef_id) VALUES (Nyama Choma,Kenyan,54);
INSERT INTO recipe_has_chef (recipe_name,recipe_cuisine_name,chef_id) VALUES (Sukuma Wiki,Kenyan,54);
INSERT INTO recipe_has_chef (recipe_name,recipe_cuisine_name,chef_id) VALUES (Ugali,Kenyan,54);
INSERT INTO recipe_has_chef (recipe_name,recipe_cuisine_name,chef_id) VALUES (Nyama Choma,Kenyan,71);
INSERT INTO recipe_has_chef (recipe_name,recipe_cuisine_name,chef_id) VALUES (Sukuma Wiki,Kenyan,71);
INSERT INTO recipe_has_chef (recipe_name,recipe_cuisine_name,chef_id) VALUES (Ugali,Kenyan,71);
INSERT INTO recipe_has_chef (recipe_name,recipe_cuisine_name,chef_id) VALUES (Nyama Choma,Kenyan,77);
INSERT INTO recipe_has_chef (recipe_name,recipe_cuisine_name,chef_id) VALUES (Sukuma Wiki,Kenyan,77);
INSERT INTO recipe_has_chef (recipe_name,recipe_cuisine_name,chef_id) VALUES (Ugali,Kenyan,77);
INSERT INTO recipe_has_chef (recipe_name,recipe_cuisine_name,chef_id) VALUES (Nyama Choma,Kenyan,79);
INSERT INTO recipe_has_chef (recipe_name,recipe_cuisine_name,chef_id) VALUES (Sukuma Wiki,Kenyan,79);
INSERT INTO recipe_has_chef (recipe_name,recipe_cuisine_name,chef_id) VALUES (Ugali,Kenyan,79);
INSERT INTO recipe_has_chef (recipe_name,recipe_cuisine_name,chef_id) VALUES (Nyama Choma,Kenyan,81);
INSERT INTO recipe_has_chef (recipe_name,recipe_cuisine_name,chef_id) VALUES (Sukuma Wiki,Kenyan,81);
INSERT INTO recipe_has_chef (recipe_name,recipe_cuisine_name,chef_id) VALUES (Ugali,Kenyan,81);
INSERT INTO recipe_has_chef (recipe_name,recipe_cuisine_name,chef_id) VALUES (Nyama Choma,Kenyan,90);
INSERT INTO recipe_has_chef (recipe_name,recipe_cuisine_name,chef_id) VALUES (Sukuma Wiki,Kenyan,90);
INSERT INTO recipe_has_chef (recipe_name,recipe_cuisine_name,chef_id) VALUES (Ugali,Kenyan,90);
INSERT INTO recipe_has_chef (recipe_name,recipe_cuisine_name,chef_id) VALUES (Nyama Choma,Kenyan,99);
INSERT INTO recipe_has_chef (recipe_name,recipe_cuisine_name,chef_id) VALUES (Sukuma Wiki,Kenyan,99);
INSERT INTO recipe_has_chef (recipe_name,recipe_cuisine_name,chef_id) VALUES (Ugali,Kenyan,99);
INSERT INTO recipe_has_chef (recipe_name,recipe_cuisine_name,chef_id) VALUES (Osso Buco,Italian,11);
INSERT INTO recipe_has_chef (recipe_name,recipe_cuisine_name,chef_id) VALUES (Spaghetti Carbonara,Italian,11);
INSERT INTO recipe_has_chef (recipe_name,recipe_cuisine_name,chef_id) VALUES (Tiramisu,Italian,11);
INSERT INTO recipe_has_chef (recipe_name,recipe_cuisine_name,chef_id) VALUES (Osso Buco,Italian,14);
INSERT INTO recipe_has_chef (recipe_name,recipe_cuisine_name,chef_id) VALUES (Spaghetti Carbonara,Italian,14);
INSERT INTO recipe_has_chef (recipe_name,recipe_cuisine_name,chef_id) VALUES (Tiramisu,Italian,14);
INSERT INTO recipe_has_chef (recipe_name,recipe_cuisine_name,chef_id) VALUES (Osso Buco,Italian,17);
INSERT INTO recipe_has_chef (recipe_name,recipe_cuisine_name,chef_id) VALUES (Spaghetti Carbonara,Italian,17);
INSERT INTO recipe_has_chef (recipe_name,recipe_cuisine_name,chef_id) VALUES (Tiramisu,Italian,17);
INSERT INTO recipe_has_chef (recipe_name,recipe_cuisine_name,chef_id) VALUES (Osso Buco,Italian,18);
INSERT INTO recipe_has_chef (recipe_name,recipe_cuisine_name,chef_id) VALUES (Spaghetti Carbonara,Italian,18);
INSERT INTO recipe_has_chef (recipe_name,recipe_cuisine_name,chef_id) VALUES (Tiramisu,Italian,18);
INSERT INTO recipe_has_chef (recipe_name,recipe_cuisine_name,chef_id) VALUES (Osso Buco,Italian,32);
INSERT INTO recipe_has_chef (recipe_name,recipe_cuisine_name,chef_id) VALUES (Spaghetti Carbonara,Italian,32);
INSERT INTO recipe_has_chef (recipe_name,recipe_cuisine_name,chef_id) VALUES (Tiramisu,Italian,32);
INSERT INTO recipe_has_chef (recipe_name,recipe_cuisine_name,chef_id) VALUES (Osso Buco,Italian,49);
INSERT INTO recipe_has_chef (recipe_name,recipe_cuisine_name,chef_id) VALUES (Spaghetti Carbonara,Italian,49);
INSERT INTO recipe_has_chef (recipe_name,recipe_cuisine_name,chef_id) VALUES (Tiramisu,Italian,49);
INSERT INTO recipe_has_chef (recipe_name,recipe_cuisine_name,chef_id) VALUES (Osso Buco,Italian,61);
INSERT INTO recipe_has_chef (recipe_name,recipe_cuisine_name,chef_id) VALUES (Spaghetti Carbonara,Italian,61);
INSERT INTO recipe_has_chef (recipe_name,recipe_cuisine_name,chef_id) VALUES (Tiramisu,Italian,61);
INSERT INTO recipe_has_chef (recipe_name,recipe_cuisine_name,chef_id) VALUES (Osso Buco,Italian,83);
INSERT INTO recipe_has_chef (recipe_name,recipe_cuisine_name,chef_id) VALUES (Spaghetti Carbonara,Italian,83);
INSERT INTO recipe_has_chef (recipe_name,recipe_cuisine_name,chef_id) VALUES (Tiramisu,Italian,83);
INSERT INTO recipe_has_chef (recipe_name,recipe_cuisine_name,chef_id) VALUES (Tavë Kosi,Albanian,12);
INSERT INTO recipe_has_chef (recipe_name,recipe_cuisine_name,chef_id) VALUES (Bakllasarem,Albanian,12);
INSERT INTO recipe_has_chef (recipe_name,recipe_cuisine_name,chef_id) VALUES (Fërgesë,Albanian,12);
INSERT INTO recipe_has_chef (recipe_name,recipe_cuisine_name,chef_id) VALUES (Speca të mbushur,Albanian,12);
INSERT INTO recipe_has_chef (recipe_name,recipe_cuisine_name,chef_id) VALUES (Byrek me Spinaq,Albanian,12);
INSERT INTO recipe_has_chef (recipe_name,recipe_cuisine_name,chef_id) VALUES (Jani me fasule,Albanian,12);
INSERT INTO recipe_has_chef (recipe_name,recipe_cuisine_name,chef_id) VALUES (Shëndetli,Albanian,12);
INSERT INTO recipe_has_chef (recipe_name,recipe_cuisine_name,chef_id) VALUES (Qifqi,Albanian,12);
INSERT INTO recipe_has_chef (recipe_name,recipe_cuisine_name,chef_id) VALUES (Përime në zgare,Albanian,12);
INSERT INTO recipe_has_chef (recipe_name,recipe_cuisine_name,chef_id) VALUES (Mish me midhje,Albanian,12);
INSERT INTO recipe_has_chef (recipe_name,recipe_cuisine_name,chef_id) VALUES (Tavë Kosi,Albanian,23);
INSERT INTO recipe_has_chef (recipe_name,recipe_cuisine_name,chef_id) VALUES (Bakllasarem,Albanian,23);
INSERT INTO recipe_has_chef (recipe_name,recipe_cuisine_name,chef_id) VALUES (Fërgesë,Albanian,23);
INSERT INTO recipe_has_chef (recipe_name,recipe_cuisine_name,chef_id) VALUES (Speca të mbushur,Albanian,23);
INSERT INTO recipe_has_chef (recipe_name,recipe_cuisine_name,chef_id) VALUES (Byrek me Spinaq,Albanian,23);
INSERT INTO recipe_has_chef (recipe_name,recipe_cuisine_name,chef_id) VALUES (Jani me fasule,Albanian,23);
INSERT INTO recipe_has_chef (recipe_name,recipe_cuisine_name,chef_id) VALUES (Shëndetli,Albanian,23);
INSERT INTO recipe_has_chef (recipe_name,recipe_cuisine_name,chef_id) VALUES (Qifqi,Albanian,23);
INSERT INTO recipe_has_chef (recipe_name,recipe_cuisine_name,chef_id) VALUES (Përime në zgare,Albanian,23);
INSERT INTO recipe_has_chef (recipe_name,recipe_cuisine_name,chef_id) VALUES (Mish me midhje,Albanian,23);
INSERT INTO recipe_has_chef (recipe_name,recipe_cuisine_name,chef_id) VALUES (Tavë Kosi,Albanian,31);
INSERT INTO recipe_has_chef (recipe_name,recipe_cuisine_name,chef_id) VALUES (Bakllasarem,Albanian,31);
INSERT INTO recipe_has_chef (recipe_name,recipe_cuisine_name,chef_id) VALUES (Fërgesë,Albanian,31);
INSERT INTO recipe_has_chef (recipe_name,recipe_cuisine_name,chef_id) VALUES (Speca të mbushur,Albanian,31);
INSERT INTO recipe_has_chef (recipe_name,recipe_cuisine_name,chef_id) VALUES (Byrek me Spinaq,Albanian,31);
INSERT INTO recipe_has_chef (recipe_name,recipe_cuisine_name,chef_id) VALUES (Jani me fasule,Albanian,31);
INSERT INTO recipe_has_chef (recipe_name,recipe_cuisine_name,chef_id) VALUES (Shëndetli,Albanian,31);
INSERT INTO recipe_has_chef (recipe_name,recipe_cuisine_name,chef_id) VALUES (Qifqi,Albanian,31);
INSERT INTO recipe_has_chef (recipe_name,recipe_cuisine_name,chef_id) VALUES (Përime në zgare,Albanian,31);
INSERT INTO recipe_has_chef (recipe_name,recipe_cuisine_name,chef_id) VALUES (Mish me midhje,Albanian,31);
INSERT INTO recipe_has_chef (recipe_name,recipe_cuisine_name,chef_id) VALUES (Tavë Kosi,Albanian,33);
INSERT INTO recipe_has_chef (recipe_name,recipe_cuisine_name,chef_id) VALUES (Bakllasarem,Albanian,33);
INSERT INTO recipe_has_chef (recipe_name,recipe_cuisine_name,chef_id) VALUES (Fërgesë,Albanian,33);
INSERT INTO recipe_has_chef (recipe_name,recipe_cuisine_name,chef_id) VALUES (Speca të mbushur,Albanian,33);
INSERT INTO recipe_has_chef (recipe_name,recipe_cuisine_name,chef_id) VALUES (Byrek me Spinaq,Albanian,33);
INSERT INTO recipe_has_chef (recipe_name,recipe_cuisine_name,chef_id) VALUES (Jani me fasule,Albanian,33);
INSERT INTO recipe_has_chef (recipe_name,recipe_cuisine_name,chef_id) VALUES (Shëndetli,Albanian,33);
INSERT INTO recipe_has_chef (recipe_name,recipe_cuisine_name,chef_id) VALUES (Qifqi,Albanian,33);
INSERT INTO recipe_has_chef (recipe_name,recipe_cuisine_name,chef_id) VALUES (Përime në zgare,Albanian,33);
INSERT INTO recipe_has_chef (recipe_name,recipe_cuisine_name,chef_id) VALUES (Mish me midhje,Albanian,33);
INSERT INTO recipe_has_chef (recipe_name,recipe_cuisine_name,chef_id) VALUES (Tavë Kosi,Albanian,35);
INSERT INTO recipe_has_chef (recipe_name,recipe_cuisine_name,chef_id) VALUES (Bakllasarem,Albanian,35);
INSERT INTO recipe_has_chef (recipe_name,recipe_cuisine_name,chef_id) VALUES (Fërgesë,Albanian,35);
INSERT INTO recipe_has_chef (recipe_name,recipe_cuisine_name,chef_id) VALUES (Speca të mbushur,Albanian,35);
INSERT INTO recipe_has_chef (recipe_name,recipe_cuisine_name,chef_id) VALUES (Byrek me Spinaq,Albanian,35);
INSERT INTO recipe_has_chef (recipe_name,recipe_cuisine_name,chef_id) VALUES (Jani me fasule,Albanian,35);
INSERT INTO recipe_has_chef (recipe_name,recipe_cuisine_name,chef_id) VALUES (Shëndetli,Albanian,35);
INSERT INTO recipe_has_chef (recipe_name,recipe_cuisine_name,chef_id) VALUES (Qifqi,Albanian,35);
INSERT INTO recipe_has_chef (recipe_name,recipe_cuisine_name,chef_id) VALUES (Përime në zgare,Albanian,35);
INSERT INTO recipe_has_chef (recipe_name,recipe_cuisine_name,chef_id) VALUES (Mish me midhje,Albanian,35);
INSERT INTO recipe_has_chef (recipe_name,recipe_cuisine_name,chef_id) VALUES (Tavë Kosi,Albanian,39);
INSERT INTO recipe_has_chef (recipe_name,recipe_cuisine_name,chef_id) VALUES (Bakllasarem,Albanian,39);
INSERT INTO recipe_has_chef (recipe_name,recipe_cuisine_name,chef_id) VALUES (Fërgesë,Albanian,39);
INSERT INTO recipe_has_chef (recipe_name,recipe_cuisine_name,chef_id) VALUES (Speca të mbushur,Albanian,39);
INSERT INTO recipe_has_chef (recipe_name,recipe_cuisine_name,chef_id) VALUES (Byrek me Spinaq,Albanian,39);
INSERT INTO recipe_has_chef (recipe_name,recipe_cuisine_name,chef_id) VALUES (Jani me fasule,Albanian,39);
INSERT INTO recipe_has_chef (recipe_name,recipe_cuisine_name,chef_id) VALUES (Shëndetli,Albanian,39);
INSERT INTO recipe_has_chef (recipe_name,recipe_cuisine_name,chef_id) VALUES (Qifqi,Albanian,39);
INSERT INTO recipe_has_chef (recipe_name,recipe_cuisine_name,chef_id) VALUES (Përime në zgare,Albanian,39);
INSERT INTO recipe_has_chef (recipe_name,recipe_cuisine_name,chef_id) VALUES (Mish me midhje,Albanian,39);
INSERT INTO recipe_has_chef (recipe_name,recipe_cuisine_name,chef_id) VALUES (Tavë Kosi,Albanian,41);
INSERT INTO recipe_has_chef (recipe_name,recipe_cuisine_name,chef_id) VALUES (Bakllasarem,Albanian,41);
INSERT INTO recipe_has_chef (recipe_name,recipe_cuisine_name,chef_id) VALUES (Fërgesë,Albanian,41);
INSERT INTO recipe_has_chef (recipe_name,recipe_cuisine_name,chef_id) VALUES (Speca të mbushur,Albanian,41);
INSERT INTO recipe_has_chef (recipe_name,recipe_cuisine_name,chef_id) VALUES (Byrek me Spinaq,Albanian,41);
INSERT INTO recipe_has_chef (recipe_name,recipe_cuisine_name,chef_id) VALUES (Jani me fasule,Albanian,41);
INSERT INTO recipe_has_chef (recipe_name,recipe_cuisine_name,chef_id) VALUES (Shëndetli,Albanian,41);
INSERT INTO recipe_has_chef (recipe_name,recipe_cuisine_name,chef_id) VALUES (Qifqi,Albanian,41);
INSERT INTO recipe_has_chef (recipe_name,recipe_cuisine_name,chef_id) VALUES (Përime në zgare,Albanian,41);
INSERT INTO recipe_has_chef (recipe_name,recipe_cuisine_name,chef_id) VALUES (Mish me midhje,Albanian,41);
INSERT INTO recipe_has_chef (recipe_name,recipe_cuisine_name,chef_id) VALUES (Tavë Kosi,Albanian,48);
INSERT INTO recipe_has_chef (recipe_name,recipe_cuisine_name,chef_id) VALUES (Bakllasarem,Albanian,48);
INSERT INTO recipe_has_chef (recipe_name,recipe_cuisine_name,chef_id) VALUES (Fërgesë,Albanian,48);
INSERT INTO recipe_has_chef (recipe_name,recipe_cuisine_name,chef_id) VALUES (Speca të mbushur,Albanian,48);
INSERT INTO recipe_has_chef (recipe_name,recipe_cuisine_name,chef_id) VALUES (Byrek me Spinaq,Albanian,48);
INSERT INTO recipe_has_chef (recipe_name,recipe_cuisine_name,chef_id) VALUES (Jani me fasule,Albanian,48);
INSERT INTO recipe_has_chef (recipe_name,recipe_cuisine_name,chef_id) VALUES (Shëndetli,Albanian,48);
INSERT INTO recipe_has_chef (recipe_name,recipe_cuisine_name,chef_id) VALUES (Qifqi,Albanian,48);
INSERT INTO recipe_has_chef (recipe_name,recipe_cuisine_name,chef_id) VALUES (Përime në zgare,Albanian,48);
INSERT INTO recipe_has_chef (recipe_name,recipe_cuisine_name,chef_id) VALUES (Mish me midhje,Albanian,48);
INSERT INTO recipe_has_chef (recipe_name,recipe_cuisine_name,chef_id) VALUES (Tavë Kosi,Albanian,70);
INSERT INTO recipe_has_chef (recipe_name,recipe_cuisine_name,chef_id) VALUES (Bakllasarem,Albanian,70);
INSERT INTO recipe_has_chef (recipe_name,recipe_cuisine_name,chef_id) VALUES (Fërgesë,Albanian,70);
INSERT INTO recipe_has_chef (recipe_name,recipe_cuisine_name,chef_id) VALUES (Speca të mbushur,Albanian,70);
INSERT INTO recipe_has_chef (recipe_name,recipe_cuisine_name,chef_id) VALUES (Byrek me Spinaq,Albanian,70);
INSERT INTO recipe_has_chef (recipe_name,recipe_cuisine_name,chef_id) VALUES (Jani me fasule,Albanian,70);
INSERT INTO recipe_has_chef (recipe_name,recipe_cuisine_name,chef_id) VALUES (Shëndetli,Albanian,70);
INSERT INTO recipe_has_chef (recipe_name,recipe_cuisine_name,chef_id) VALUES (Qifqi,Albanian,70);
INSERT INTO recipe_has_chef (recipe_name,recipe_cuisine_name,chef_id) VALUES (Përime në zgare,Albanian,70);
INSERT INTO recipe_has_chef (recipe_name,recipe_cuisine_name,chef_id) VALUES (Mish me midhje,Albanian,70);
INSERT INTO recipe_has_chef (recipe_name,recipe_cuisine_name,chef_id) VALUES (Tavë Kosi,Albanian,76);
INSERT INTO recipe_has_chef (recipe_name,recipe_cuisine_name,chef_id) VALUES (Bakllasarem,Albanian,76);
INSERT INTO recipe_has_chef (recipe_name,recipe_cuisine_name,chef_id) VALUES (Fërgesë,Albanian,76);
INSERT INTO recipe_has_chef (recipe_name,recipe_cuisine_name,chef_id) VALUES (Speca të mbushur,Albanian,76);
INSERT INTO recipe_has_chef (recipe_name,recipe_cuisine_name,chef_id) VALUES (Byrek me Spinaq,Albanian,76);
INSERT INTO recipe_has_chef (recipe_name,recipe_cuisine_name,chef_id) VALUES (Jani me fasule,Albanian,76);
INSERT INTO recipe_has_chef (recipe_name,recipe_cuisine_name,chef_id) VALUES (Shëndetli,Albanian,76);
INSERT INTO recipe_has_chef (recipe_name,recipe_cuisine_name,chef_id) VALUES (Qifqi,Albanian,76);
INSERT INTO recipe_has_chef (recipe_name,recipe_cuisine_name,chef_id) VALUES (Përime në zgare,Albanian,76);
INSERT INTO recipe_has_chef (recipe_name,recipe_cuisine_name,chef_id) VALUES (Mish me midhje,Albanian,76);
INSERT INTO recipe_has_chef (recipe_name,recipe_cuisine_name,chef_id) VALUES (Tavë Kosi,Albanian,83);
INSERT INTO recipe_has_chef (recipe_name,recipe_cuisine_name,chef_id) VALUES (Bakllasarem,Albanian,83);
INSERT INTO recipe_has_chef (recipe_name,recipe_cuisine_name,chef_id) VALUES (Fërgesë,Albanian,83);
INSERT INTO recipe_has_chef (recipe_name,recipe_cuisine_name,chef_id) VALUES (Speca të mbushur,Albanian,83);
INSERT INTO recipe_has_chef (recipe_name,recipe_cuisine_name,chef_id) VALUES (Byrek me Spinaq,Albanian,83);
INSERT INTO recipe_has_chef (recipe_name,recipe_cuisine_name,chef_id) VALUES (Jani me fasule,Albanian,83);
INSERT INTO recipe_has_chef (recipe_name,recipe_cuisine_name,chef_id) VALUES (Shëndetli,Albanian,83);
INSERT INTO recipe_has_chef (recipe_name,recipe_cuisine_name,chef_id) VALUES (Qifqi,Albanian,83);
INSERT INTO recipe_has_chef (recipe_name,recipe_cuisine_name,chef_id) VALUES (Përime në zgare,Albanian,83);
INSERT INTO recipe_has_chef (recipe_name,recipe_cuisine_name,chef_id) VALUES (Mish me midhje,Albanian,83);
INSERT INTO recipe_has_chef (recipe_name,recipe_cuisine_name,chef_id) VALUES (Tavë Kosi,Albanian,84);
INSERT INTO recipe_has_chef (recipe_name,recipe_cuisine_name,chef_id) VALUES (Bakllasarem,Albanian,84);
INSERT INTO recipe_has_chef (recipe_name,recipe_cuisine_name,chef_id) VALUES (Fërgesë,Albanian,84);
INSERT INTO recipe_has_chef (recipe_name,recipe_cuisine_name,chef_id) VALUES (Speca të mbushur,Albanian,84);
INSERT INTO recipe_has_chef (recipe_name,recipe_cuisine_name,chef_id) VALUES (Byrek me Spinaq,Albanian,84);
INSERT INTO recipe_has_chef (recipe_name,recipe_cuisine_name,chef_id) VALUES (Jani me fasule,Albanian,84);
INSERT INTO recipe_has_chef (recipe_name,recipe_cuisine_name,chef_id) VALUES (Shëndetli,Albanian,84);
INSERT INTO recipe_has_chef (recipe_name,recipe_cuisine_name,chef_id) VALUES (Qifqi,Albanian,84);
INSERT INTO recipe_has_chef (recipe_name,recipe_cuisine_name,chef_id) VALUES (Përime në zgare,Albanian,84);
INSERT INTO recipe_has_chef (recipe_name,recipe_cuisine_name,chef_id) VALUES (Mish me midhje,Albanian,84);
INSERT INTO recipe_has_chef (recipe_name,recipe_cuisine_name,chef_id) VALUES (Tavë Kosi,Albanian,85);
INSERT INTO recipe_has_chef (recipe_name,recipe_cuisine_name,chef_id) VALUES (Bakllasarem,Albanian,85);
INSERT INTO recipe_has_chef (recipe_name,recipe_cuisine_name,chef_id) VALUES (Fërgesë,Albanian,85);
INSERT INTO recipe_has_chef (recipe_name,recipe_cuisine_name,chef_id) VALUES (Speca të mbushur,Albanian,85);
INSERT INTO recipe_has_chef (recipe_name,recipe_cuisine_name,chef_id) VALUES (Byrek me Spinaq,Albanian,85);
INSERT INTO recipe_has_chef (recipe_name,recipe_cuisine_name,chef_id) VALUES (Jani me fasule,Albanian,85);
INSERT INTO recipe_has_chef (recipe_name,recipe_cuisine_name,chef_id) VALUES (Shëndetli,Albanian,85);
INSERT INTO recipe_has_chef (recipe_name,recipe_cuisine_name,chef_id) VALUES (Qifqi,Albanian,85);
INSERT INTO recipe_has_chef (recipe_name,recipe_cuisine_name,chef_id) VALUES (Përime në zgare,Albanian,85);
INSERT INTO recipe_has_chef (recipe_name,recipe_cuisine_name,chef_id) VALUES (Mish me midhje,Albanian,85);
INSERT INTO recipe_has_chef (recipe_name,recipe_cuisine_name,chef_id) VALUES (Bara Brith,Welsh,13);
INSERT INTO recipe_has_chef (recipe_name,recipe_cuisine_name,chef_id) VALUES (Cawl,Welsh,13);
INSERT INTO recipe_has_chef (recipe_name,recipe_cuisine_name,chef_id) VALUES (Welsh Rarebit,Welsh,13);
INSERT INTO recipe_has_chef (recipe_name,recipe_cuisine_name,chef_id) VALUES (Bara Brith,Welsh,19);
INSERT INTO recipe_has_chef (recipe_name,recipe_cuisine_name,chef_id) VALUES (Cawl,Welsh,19);
INSERT INTO recipe_has_chef (recipe_name,recipe_cuisine_name,chef_id) VALUES (Welsh Rarebit,Welsh,19);
INSERT INTO recipe_has_chef (recipe_name,recipe_cuisine_name,chef_id) VALUES (Bara Brith,Welsh,27);
INSERT INTO recipe_has_chef (recipe_name,recipe_cuisine_name,chef_id) VALUES (Cawl,Welsh,27);
INSERT INTO recipe_has_chef (recipe_name,recipe_cuisine_name,chef_id) VALUES (Welsh Rarebit,Welsh,27);
INSERT INTO recipe_has_chef (recipe_name,recipe_cuisine_name,chef_id) VALUES (Bara Brith,Welsh,28);
INSERT INTO recipe_has_chef (recipe_name,recipe_cuisine_name,chef_id) VALUES (Cawl,Welsh,28);
INSERT INTO recipe_has_chef (recipe_name,recipe_cuisine_name,chef_id) VALUES (Welsh Rarebit,Welsh,28);
INSERT INTO recipe_has_chef (recipe_name,recipe_cuisine_name,chef_id) VALUES (Bara Brith,Welsh,33);
INSERT INTO recipe_has_chef (recipe_name,recipe_cuisine_name,chef_id) VALUES (Cawl,Welsh,33);
INSERT INTO recipe_has_chef (recipe_name,recipe_cuisine_name,chef_id) VALUES (Welsh Rarebit,Welsh,33);
INSERT INTO recipe_has_chef (recipe_name,recipe_cuisine_name,chef_id) VALUES (Bara Brith,Welsh,34);
INSERT INTO recipe_has_chef (recipe_name,recipe_cuisine_name,chef_id) VALUES (Cawl,Welsh,34);
INSERT INTO recipe_has_chef (recipe_name,recipe_cuisine_name,chef_id) VALUES (Welsh Rarebit,Welsh,34);
INSERT INTO recipe_has_chef (recipe_name,recipe_cuisine_name,chef_id) VALUES (Bara Brith,Welsh,84);
INSERT INTO recipe_has_chef (recipe_name,recipe_cuisine_name,chef_id) VALUES (Cawl,Welsh,84);
INSERT INTO recipe_has_chef (recipe_name,recipe_cuisine_name,chef_id) VALUES (Welsh Rarebit,Welsh,84);
INSERT INTO recipe_has_chef (recipe_name,recipe_cuisine_name,chef_id) VALUES (Bara Brith,Welsh,85);
INSERT INTO recipe_has_chef (recipe_name,recipe_cuisine_name,chef_id) VALUES (Cawl,Welsh,85);
INSERT INTO recipe_has_chef (recipe_name,recipe_cuisine_name,chef_id) VALUES (Welsh Rarebit,Welsh,85);
INSERT INTO recipe_has_chef (recipe_name,recipe_cuisine_name,chef_id) VALUES (Black Forest Cake,German,15);
INSERT INTO recipe_has_chef (recipe_name,recipe_cuisine_name,chef_id) VALUES (Pretzels,German,15);
INSERT INTO recipe_has_chef (recipe_name,recipe_cuisine_name,chef_id) VALUES (Sauerbraten,German,15);
INSERT INTO recipe_has_chef (recipe_name,recipe_cuisine_name,chef_id) VALUES (Black Forest Cake,German,24);
INSERT INTO recipe_has_chef (recipe_name,recipe_cuisine_name,chef_id) VALUES (Pretzels,German,24);
INSERT INTO recipe_has_chef (recipe_name,recipe_cuisine_name,chef_id) VALUES (Sauerbraten,German,24);
INSERT INTO recipe_has_chef (recipe_name,recipe_cuisine_name,chef_id) VALUES (Black Forest Cake,German,50);
INSERT INTO recipe_has_chef (recipe_name,recipe_cuisine_name,chef_id) VALUES (Pretzels,German,50);
INSERT INTO recipe_has_chef (recipe_name,recipe_cuisine_name,chef_id) VALUES (Sauerbraten,German,50);
INSERT INTO recipe_has_chef (recipe_name,recipe_cuisine_name,chef_id) VALUES (Black Forest Cake,German,56);
INSERT INTO recipe_has_chef (recipe_name,recipe_cuisine_name,chef_id) VALUES (Pretzels,German,56);
INSERT INTO recipe_has_chef (recipe_name,recipe_cuisine_name,chef_id) VALUES (Sauerbraten,German,56);
INSERT INTO recipe_has_chef (recipe_name,recipe_cuisine_name,chef_id) VALUES (Black Forest Cake,German,81);
INSERT INTO recipe_has_chef (recipe_name,recipe_cuisine_name,chef_id) VALUES (Pretzels,German,81);
INSERT INTO recipe_has_chef (recipe_name,recipe_cuisine_name,chef_id) VALUES (Sauerbraten,German,81);
INSERT INTO recipe_has_chef (recipe_name,recipe_cuisine_name,chef_id) VALUES (Black Forest Cake,German,86);
INSERT INTO recipe_has_chef (recipe_name,recipe_cuisine_name,chef_id) VALUES (Pretzels,German,86);
INSERT INTO recipe_has_chef (recipe_name,recipe_cuisine_name,chef_id) VALUES (Sauerbraten,German,86);
INSERT INTO recipe_has_chef (recipe_name,recipe_cuisine_name,chef_id) VALUES (Black Forest Cake,German,88);
INSERT INTO recipe_has_chef (recipe_name,recipe_cuisine_name,chef_id) VALUES (Pretzels,German,88);
INSERT INTO recipe_has_chef (recipe_name,recipe_cuisine_name,chef_id) VALUES (Sauerbraten,German,88);
INSERT INTO recipe_has_chef (recipe_name,recipe_cuisine_name,chef_id) VALUES (Black Forest Cake,German,96);
INSERT INTO recipe_has_chef (recipe_name,recipe_cuisine_name,chef_id) VALUES (Pretzels,German,96);
INSERT INTO recipe_has_chef (recipe_name,recipe_cuisine_name,chef_id) VALUES (Sauerbraten,German,96);
INSERT INTO recipe_has_chef (recipe_name,recipe_cuisine_name,chef_id) VALUES (Black Forest Cake,German,100);
INSERT INTO recipe_has_chef (recipe_name,recipe_cuisine_name,chef_id) VALUES (Pretzels,German,100);
INSERT INTO recipe_has_chef (recipe_name,recipe_cuisine_name,chef_id) VALUES (Sauerbraten,German,100);
INSERT INTO recipe_has_chef (recipe_name,recipe_cuisine_name,chef_id) VALUES (Shopska Salata,Bulgarian,16);
INSERT INTO recipe_has_chef (recipe_name,recipe_cuisine_name,chef_id) VALUES (Kavarma,Bulgarian,16);
INSERT INTO recipe_has_chef (recipe_name,recipe_cuisine_name,chef_id) VALUES (Banitsa,Bulgarian,16);
INSERT INTO recipe_has_chef (recipe_name,recipe_cuisine_name,chef_id) VALUES (Mekitsa,Bulgarian,16);
INSERT INTO recipe_has_chef (recipe_name,recipe_cuisine_name,chef_id) VALUES (Musaka,Bulgarian,16);
INSERT INTO recipe_has_chef (recipe_name,recipe_cuisine_name,chef_id) VALUES (Tarator,Bulgarian,16);
INSERT INTO recipe_has_chef (recipe_name,recipe_cuisine_name,chef_id) VALUES (Kadaif,Bulgarian,16);
INSERT INTO recipe_has_chef (recipe_name,recipe_cuisine_name,chef_id) VALUES (Bulgarian Cheese Toast,Bulgarian,16);
INSERT INTO recipe_has_chef (recipe_name,recipe_cuisine_name,chef_id) VALUES (Garash Cake,Bulgarian,16);
INSERT INTO recipe_has_chef (recipe_name,recipe_cuisine_name,chef_id) VALUES (Sarmi,Bulgarian,16);
INSERT INTO recipe_has_chef (recipe_name,recipe_cuisine_name,chef_id) VALUES (Shopska Salata,Bulgarian,26);
INSERT INTO recipe_has_chef (recipe_name,recipe_cuisine_name,chef_id) VALUES (Kavarma,Bulgarian,26);
INSERT INTO recipe_has_chef (recipe_name,recipe_cuisine_name,chef_id) VALUES (Banitsa,Bulgarian,26);
INSERT INTO recipe_has_chef (recipe_name,recipe_cuisine_name,chef_id) VALUES (Mekitsa,Bulgarian,26);
INSERT INTO recipe_has_chef (recipe_name,recipe_cuisine_name,chef_id) VALUES (Musaka,Bulgarian,26);
INSERT INTO recipe_has_chef (recipe_name,recipe_cuisine_name,chef_id) VALUES (Tarator,Bulgarian,26);
INSERT INTO recipe_has_chef (recipe_name,recipe_cuisine_name,chef_id) VALUES (Kadaif,Bulgarian,26);
INSERT INTO recipe_has_chef (recipe_name,recipe_cuisine_name,chef_id) VALUES (Bulgarian Cheese Toast,Bulgarian,26);
INSERT INTO recipe_has_chef (recipe_name,recipe_cuisine_name,chef_id) VALUES (Garash Cake,Bulgarian,26);
INSERT INTO recipe_has_chef (recipe_name,recipe_cuisine_name,chef_id) VALUES (Sarmi,Bulgarian,26);
INSERT INTO recipe_has_chef (recipe_name,recipe_cuisine_name,chef_id) VALUES (Shopska Salata,Bulgarian,29);
INSERT INTO recipe_has_chef (recipe_name,recipe_cuisine_name,chef_id) VALUES (Kavarma,Bulgarian,29);
INSERT INTO recipe_has_chef (recipe_name,recipe_cuisine_name,chef_id) VALUES (Banitsa,Bulgarian,29);
INSERT INTO recipe_has_chef (recipe_name,recipe_cuisine_name,chef_id) VALUES (Mekitsa,Bulgarian,29);
INSERT INTO recipe_has_chef (recipe_name,recipe_cuisine_name,chef_id) VALUES (Musaka,Bulgarian,29);
INSERT INTO recipe_has_chef (recipe_name,recipe_cuisine_name,chef_id) VALUES (Tarator,Bulgarian,29);
INSERT INTO recipe_has_chef (recipe_name,recipe_cuisine_name,chef_id) VALUES (Kadaif,Bulgarian,29);
INSERT INTO recipe_has_chef (recipe_name,recipe_cuisine_name,chef_id) VALUES (Bulgarian Cheese Toast,Bulgarian,29);
INSERT INTO recipe_has_chef (recipe_name,recipe_cuisine_name,chef_id) VALUES (Garash Cake,Bulgarian,29);
INSERT INTO recipe_has_chef (recipe_name,recipe_cuisine_name,chef_id) VALUES (Sarmi,Bulgarian,29);
INSERT INTO recipe_has_chef (recipe_name,recipe_cuisine_name,chef_id) VALUES (Shopska Salata,Bulgarian,45);
INSERT INTO recipe_has_chef (recipe_name,recipe_cuisine_name,chef_id) VALUES (Kavarma,Bulgarian,45);
INSERT INTO recipe_has_chef (recipe_name,recipe_cuisine_name,chef_id) VALUES (Banitsa,Bulgarian,45);
INSERT INTO recipe_has_chef (recipe_name,recipe_cuisine_name,chef_id) VALUES (Mekitsa,Bulgarian,45);
INSERT INTO recipe_has_chef (recipe_name,recipe_cuisine_name,chef_id) VALUES (Musaka,Bulgarian,45);
INSERT INTO recipe_has_chef (recipe_name,recipe_cuisine_name,chef_id) VALUES (Tarator,Bulgarian,45);
INSERT INTO recipe_has_chef (recipe_name,recipe_cuisine_name,chef_id) VALUES (Kadaif,Bulgarian,45);
INSERT INTO recipe_has_chef (recipe_name,recipe_cuisine_name,chef_id) VALUES (Bulgarian Cheese Toast,Bulgarian,45);
INSERT INTO recipe_has_chef (recipe_name,recipe_cuisine_name,chef_id) VALUES (Garash Cake,Bulgarian,45);
INSERT INTO recipe_has_chef (recipe_name,recipe_cuisine_name,chef_id) VALUES (Sarmi,Bulgarian,45);
INSERT INTO recipe_has_chef (recipe_name,recipe_cuisine_name,chef_id) VALUES (Shopska Salata,Bulgarian,53);
INSERT INTO recipe_has_chef (recipe_name,recipe_cuisine_name,chef_id) VALUES (Kavarma,Bulgarian,53);
INSERT INTO recipe_has_chef (recipe_name,recipe_cuisine_name,chef_id) VALUES (Banitsa,Bulgarian,53);
INSERT INTO recipe_has_chef (recipe_name,recipe_cuisine_name,chef_id) VALUES (Mekitsa,Bulgarian,53);
INSERT INTO recipe_has_chef (recipe_name,recipe_cuisine_name,chef_id) VALUES (Musaka,Bulgarian,53);
INSERT INTO recipe_has_chef (recipe_name,recipe_cuisine_name,chef_id) VALUES (Tarator,Bulgarian,53);
INSERT INTO recipe_has_chef (recipe_name,recipe_cuisine_name,chef_id) VALUES (Kadaif,Bulgarian,53);
INSERT INTO recipe_has_chef (recipe_name,recipe_cuisine_name,chef_id) VALUES (Bulgarian Cheese Toast,Bulgarian,53);
INSERT INTO recipe_has_chef (recipe_name,recipe_cuisine_name,chef_id) VALUES (Garash Cake,Bulgarian,53);
INSERT INTO recipe_has_chef (recipe_name,recipe_cuisine_name,chef_id) VALUES (Sarmi,Bulgarian,53);
INSERT INTO recipe_has_chef (recipe_name,recipe_cuisine_name,chef_id) VALUES (Shopska Salata,Bulgarian,55);
INSERT INTO recipe_has_chef (recipe_name,recipe_cuisine_name,chef_id) VALUES (Kavarma,Bulgarian,55);
INSERT INTO recipe_has_chef (recipe_name,recipe_cuisine_name,chef_id) VALUES (Banitsa,Bulgarian,55);
INSERT INTO recipe_has_chef (recipe_name,recipe_cuisine_name,chef_id) VALUES (Mekitsa,Bulgarian,55);
INSERT INTO recipe_has_chef (recipe_name,recipe_cuisine_name,chef_id) VALUES (Musaka,Bulgarian,55);
INSERT INTO recipe_has_chef (recipe_name,recipe_cuisine_name,chef_id) VALUES (Tarator,Bulgarian,55);
INSERT INTO recipe_has_chef (recipe_name,recipe_cuisine_name,chef_id) VALUES (Kadaif,Bulgarian,55);
INSERT INTO recipe_has_chef (recipe_name,recipe_cuisine_name,chef_id) VALUES (Bulgarian Cheese Toast,Bulgarian,55);
INSERT INTO recipe_has_chef (recipe_name,recipe_cuisine_name,chef_id) VALUES (Garash Cake,Bulgarian,55);
INSERT INTO recipe_has_chef (recipe_name,recipe_cuisine_name,chef_id) VALUES (Sarmi,Bulgarian,55);
INSERT INTO recipe_has_chef (recipe_name,recipe_cuisine_name,chef_id) VALUES (Shopska Salata,Bulgarian,82);
INSERT INTO recipe_has_chef (recipe_name,recipe_cuisine_name,chef_id) VALUES (Kavarma,Bulgarian,82);
INSERT INTO recipe_has_chef (recipe_name,recipe_cuisine_name,chef_id) VALUES (Banitsa,Bulgarian,82);
INSERT INTO recipe_has_chef (recipe_name,recipe_cuisine_name,chef_id) VALUES (Mekitsa,Bulgarian,82);
INSERT INTO recipe_has_chef (recipe_name,recipe_cuisine_name,chef_id) VALUES (Musaka,Bulgarian,82);
INSERT INTO recipe_has_chef (recipe_name,recipe_cuisine_name,chef_id) VALUES (Tarator,Bulgarian,82);
INSERT INTO recipe_has_chef (recipe_name,recipe_cuisine_name,chef_id) VALUES (Kadaif,Bulgarian,82);
INSERT INTO recipe_has_chef (recipe_name,recipe_cuisine_name,chef_id) VALUES (Bulgarian Cheese Toast,Bulgarian,82);
INSERT INTO recipe_has_chef (recipe_name,recipe_cuisine_name,chef_id) VALUES (Garash Cake,Bulgarian,82);
INSERT INTO recipe_has_chef (recipe_name,recipe_cuisine_name,chef_id) VALUES (Sarmi,Bulgarian,82);
INSERT INTO recipe_has_chef (recipe_name,recipe_cuisine_name,chef_id) VALUES (Shopska Salata,Bulgarian,93);
INSERT INTO recipe_has_chef (recipe_name,recipe_cuisine_name,chef_id) VALUES (Kavarma,Bulgarian,93);
INSERT INTO recipe_has_chef (recipe_name,recipe_cuisine_name,chef_id) VALUES (Banitsa,Bulgarian,93);
INSERT INTO recipe_has_chef (recipe_name,recipe_cuisine_name,chef_id) VALUES (Mekitsa,Bulgarian,93);
INSERT INTO recipe_has_chef (recipe_name,recipe_cuisine_name,chef_id) VALUES (Musaka,Bulgarian,93);
INSERT INTO recipe_has_chef (recipe_name,recipe_cuisine_name,chef_id) VALUES (Tarator,Bulgarian,93);
INSERT INTO recipe_has_chef (recipe_name,recipe_cuisine_name,chef_id) VALUES (Kadaif,Bulgarian,93);
INSERT INTO recipe_has_chef (recipe_name,recipe_cuisine_name,chef_id) VALUES (Bulgarian Cheese Toast,Bulgarian,93);
INSERT INTO recipe_has_chef (recipe_name,recipe_cuisine_name,chef_id) VALUES (Garash Cake,Bulgarian,93);
INSERT INTO recipe_has_chef (recipe_name,recipe_cuisine_name,chef_id) VALUES (Sarmi,Bulgarian,93);
INSERT INTO recipe_has_chef (recipe_name,recipe_cuisine_name,chef_id) VALUES (Shopska Salata,Bulgarian,94);
INSERT INTO recipe_has_chef (recipe_name,recipe_cuisine_name,chef_id) VALUES (Kavarma,Bulgarian,94);
INSERT INTO recipe_has_chef (recipe_name,recipe_cuisine_name,chef_id) VALUES (Banitsa,Bulgarian,94);
INSERT INTO recipe_has_chef (recipe_name,recipe_cuisine_name,chef_id) VALUES (Mekitsa,Bulgarian,94);
INSERT INTO recipe_has_chef (recipe_name,recipe_cuisine_name,chef_id) VALUES (Musaka,Bulgarian,94);
INSERT INTO recipe_has_chef (recipe_name,recipe_cuisine_name,chef_id) VALUES (Tarator,Bulgarian,94);
INSERT INTO recipe_has_chef (recipe_name,recipe_cuisine_name,chef_id) VALUES (Kadaif,Bulgarian,94);
INSERT INTO recipe_has_chef (recipe_name,recipe_cuisine_name,chef_id) VALUES (Bulgarian Cheese Toast,Bulgarian,94);
INSERT INTO recipe_has_chef (recipe_name,recipe_cuisine_name,chef_id) VALUES (Garash Cake,Bulgarian,94);
INSERT INTO recipe_has_chef (recipe_name,recipe_cuisine_name,chef_id) VALUES (Sarmi,Bulgarian,94);
INSERT INTO recipe_has_chef (recipe_name,recipe_cuisine_name,chef_id) VALUES (Chicken Biryani,Indian,16);
INSERT INTO recipe_has_chef (recipe_name,recipe_cuisine_name,chef_id) VALUES (Mango Lassi,Indian,16);
INSERT INTO recipe_has_chef (recipe_name,recipe_cuisine_name,chef_id) VALUES (Palak Paneer,Indian,16);
INSERT INTO recipe_has_chef (recipe_name,recipe_cuisine_name,chef_id) VALUES (Chicken Biryani,Indian,18);
INSERT INTO recipe_has_chef (recipe_name,recipe_cuisine_name,chef_id) VALUES (Mango Lassi,Indian,18);
INSERT INTO recipe_has_chef (recipe_name,recipe_cuisine_name,chef_id) VALUES (Palak Paneer,Indian,18);
INSERT INTO recipe_has_chef (recipe_name,recipe_cuisine_name,chef_id) VALUES (Chicken Biryani,Indian,27);
INSERT INTO recipe_has_chef (recipe_name,recipe_cuisine_name,chef_id) VALUES (Mango Lassi,Indian,27);
INSERT INTO recipe_has_chef (recipe_name,recipe_cuisine_name,chef_id) VALUES (Palak Paneer,Indian,27);
INSERT INTO recipe_has_chef (recipe_name,recipe_cuisine_name,chef_id) VALUES (Chicken Biryani,Indian,55);
INSERT INTO recipe_has_chef (recipe_name,recipe_cuisine_name,chef_id) VALUES (Mango Lassi,Indian,55);
INSERT INTO recipe_has_chef (recipe_name,recipe_cuisine_name,chef_id) VALUES (Palak Paneer,Indian,55);
INSERT INTO recipe_has_chef (recipe_name,recipe_cuisine_name,chef_id) VALUES (Chicken Biryani,Indian,61);
INSERT INTO recipe_has_chef (recipe_name,recipe_cuisine_name,chef_id) VALUES (Mango Lassi,Indian,61);
INSERT INTO recipe_has_chef (recipe_name,recipe_cuisine_name,chef_id) VALUES (Palak Paneer,Indian,61);
INSERT INTO recipe_has_chef (recipe_name,recipe_cuisine_name,chef_id) VALUES (Chicken Biryani,Indian,62);
INSERT INTO recipe_has_chef (recipe_name,recipe_cuisine_name,chef_id) VALUES (Mango Lassi,Indian,62);
INSERT INTO recipe_has_chef (recipe_name,recipe_cuisine_name,chef_id) VALUES (Palak Paneer,Indian,62);
INSERT INTO recipe_has_chef (recipe_name,recipe_cuisine_name,chef_id) VALUES (Chicken Biryani,Indian,84);
INSERT INTO recipe_has_chef (recipe_name,recipe_cuisine_name,chef_id) VALUES (Mango Lassi,Indian,84);
INSERT INTO recipe_has_chef (recipe_name,recipe_cuisine_name,chef_id) VALUES (Palak Paneer,Indian,84);
INSERT INTO recipe_has_chef (recipe_name,recipe_cuisine_name,chef_id) VALUES (Chiles en Nogada,Mexican,16);
INSERT INTO recipe_has_chef (recipe_name,recipe_cuisine_name,chef_id) VALUES (Flan,Mexican,16);
INSERT INTO recipe_has_chef (recipe_name,recipe_cuisine_name,chef_id) VALUES (Tacos al Pastor,Mexican,16);
INSERT INTO recipe_has_chef (recipe_name,recipe_cuisine_name,chef_id) VALUES (Chiles en Nogada,Mexican,21);
INSERT INTO recipe_has_chef (recipe_name,recipe_cuisine_name,chef_id) VALUES (Flan,Mexican,21);
INSERT INTO recipe_has_chef (recipe_name,recipe_cuisine_name,chef_id) VALUES (Tacos al Pastor,Mexican,21);
INSERT INTO recipe_has_chef (recipe_name,recipe_cuisine_name,chef_id) VALUES (Chiles en Nogada,Mexican,42);
INSERT INTO recipe_has_chef (recipe_name,recipe_cuisine_name,chef_id) VALUES (Flan,Mexican,42);
INSERT INTO recipe_has_chef (recipe_name,recipe_cuisine_name,chef_id) VALUES (Tacos al Pastor,Mexican,42);
INSERT INTO recipe_has_chef (recipe_name,recipe_cuisine_name,chef_id) VALUES (Chiles en Nogada,Mexican,43);
INSERT INTO recipe_has_chef (recipe_name,recipe_cuisine_name,chef_id) VALUES (Flan,Mexican,43);
INSERT INTO recipe_has_chef (recipe_name,recipe_cuisine_name,chef_id) VALUES (Tacos al Pastor,Mexican,43);
INSERT INTO recipe_has_chef (recipe_name,recipe_cuisine_name,chef_id) VALUES (Chiles en Nogada,Mexican,44);
INSERT INTO recipe_has_chef (recipe_name,recipe_cuisine_name,chef_id) VALUES (Flan,Mexican,44);
INSERT INTO recipe_has_chef (recipe_name,recipe_cuisine_name,chef_id) VALUES (Tacos al Pastor,Mexican,44);
INSERT INTO recipe_has_chef (recipe_name,recipe_cuisine_name,chef_id) VALUES (Chiles en Nogada,Mexican,48);
INSERT INTO recipe_has_chef (recipe_name,recipe_cuisine_name,chef_id) VALUES (Flan,Mexican,48);
INSERT INTO recipe_has_chef (recipe_name,recipe_cuisine_name,chef_id) VALUES (Tacos al Pastor,Mexican,48);
INSERT INTO recipe_has_chef (recipe_name,recipe_cuisine_name,chef_id) VALUES (Chiles en Nogada,Mexican,55);
INSERT INTO recipe_has_chef (recipe_name,recipe_cuisine_name,chef_id) VALUES (Flan,Mexican,55);
INSERT INTO recipe_has_chef (recipe_name,recipe_cuisine_name,chef_id) VALUES (Tacos al Pastor,Mexican,55);
INSERT INTO recipe_has_chef (recipe_name,recipe_cuisine_name,chef_id) VALUES (Chiles en Nogada,Mexican,63);
INSERT INTO recipe_has_chef (recipe_name,recipe_cuisine_name,chef_id) VALUES (Flan,Mexican,63);
INSERT INTO recipe_has_chef (recipe_name,recipe_cuisine_name,chef_id) VALUES (Tacos al Pastor,Mexican,63);
INSERT INTO recipe_has_chef (recipe_name,recipe_cuisine_name,chef_id) VALUES (Chiles en Nogada,Mexican,69);
INSERT INTO recipe_has_chef (recipe_name,recipe_cuisine_name,chef_id) VALUES (Flan,Mexican,69);
INSERT INTO recipe_has_chef (recipe_name,recipe_cuisine_name,chef_id) VALUES (Tacos al Pastor,Mexican,69);
INSERT INTO recipe_has_chef (recipe_name,recipe_cuisine_name,chef_id) VALUES (Chiles en Nogada,Mexican,70);
INSERT INTO recipe_has_chef (recipe_name,recipe_cuisine_name,chef_id) VALUES (Flan,Mexican,70);
INSERT INTO recipe_has_chef (recipe_name,recipe_cuisine_name,chef_id) VALUES (Tacos al Pastor,Mexican,70);
INSERT INTO recipe_has_chef (recipe_name,recipe_cuisine_name,chef_id) VALUES (Chiles en Nogada,Mexican,72);
INSERT INTO recipe_has_chef (recipe_name,recipe_cuisine_name,chef_id) VALUES (Flan,Mexican,72);
INSERT INTO recipe_has_chef (recipe_name,recipe_cuisine_name,chef_id) VALUES (Tacos al Pastor,Mexican,72);
INSERT INTO recipe_has_chef (recipe_name,recipe_cuisine_name,chef_id) VALUES (Chiles en Nogada,Mexican,75);
INSERT INTO recipe_has_chef (recipe_name,recipe_cuisine_name,chef_id) VALUES (Flan,Mexican,75);
INSERT INTO recipe_has_chef (recipe_name,recipe_cuisine_name,chef_id) VALUES (Tacos al Pastor,Mexican,75);
INSERT INTO recipe_has_chef (recipe_name,recipe_cuisine_name,chef_id) VALUES (Chiles en Nogada,Mexican,79);
INSERT INTO recipe_has_chef (recipe_name,recipe_cuisine_name,chef_id) VALUES (Flan,Mexican,79);
INSERT INTO recipe_has_chef (recipe_name,recipe_cuisine_name,chef_id) VALUES (Tacos al Pastor,Mexican,79);
INSERT INTO recipe_has_chef (recipe_name,recipe_cuisine_name,chef_id) VALUES (Chiles en Nogada,Mexican,80);
INSERT INTO recipe_has_chef (recipe_name,recipe_cuisine_name,chef_id) VALUES (Flan,Mexican,80);
INSERT INTO recipe_has_chef (recipe_name,recipe_cuisine_name,chef_id) VALUES (Tacos al Pastor,Mexican,80);
INSERT INTO recipe_has_chef (recipe_name,recipe_cuisine_name,chef_id) VALUES (Chiles en Nogada,Mexican,89);
INSERT INTO recipe_has_chef (recipe_name,recipe_cuisine_name,chef_id) VALUES (Flan,Mexican,89);
INSERT INTO recipe_has_chef (recipe_name,recipe_cuisine_name,chef_id) VALUES (Tacos al Pastor,Mexican,89);
INSERT INTO recipe_has_chef (recipe_name,recipe_cuisine_name,chef_id) VALUES (Chiles en Nogada,Mexican,91);
INSERT INTO recipe_has_chef (recipe_name,recipe_cuisine_name,chef_id) VALUES (Flan,Mexican,91);
INSERT INTO recipe_has_chef (recipe_name,recipe_cuisine_name,chef_id) VALUES (Tacos al Pastor,Mexican,91);
INSERT INTO recipe_has_chef (recipe_name,recipe_cuisine_name,chef_id) VALUES (Chiles en Nogada,Mexican,94);
INSERT INTO recipe_has_chef (recipe_name,recipe_cuisine_name,chef_id) VALUES (Flan,Mexican,94);
INSERT INTO recipe_has_chef (recipe_name,recipe_cuisine_name,chef_id) VALUES (Tacos al Pastor,Mexican,94);
INSERT INTO recipe_has_chef (recipe_name,recipe_cuisine_name,chef_id) VALUES (Chiles en Nogada,Mexican,98);
INSERT INTO recipe_has_chef (recipe_name,recipe_cuisine_name,chef_id) VALUES (Flan,Mexican,98);
INSERT INTO recipe_has_chef (recipe_name,recipe_cuisine_name,chef_id) VALUES (Tacos al Pastor,Mexican,98);
INSERT INTO recipe_has_chef (recipe_name,recipe_cuisine_name,chef_id) VALUES (Doro Wat,Ethiopian,17);
INSERT INTO recipe_has_chef (recipe_name,recipe_cuisine_name,chef_id) VALUES (Injera,Ethiopian,17);
INSERT INTO recipe_has_chef (recipe_name,recipe_cuisine_name,chef_id) VALUES (Kitfo,Ethiopian,17);
INSERT INTO recipe_has_chef (recipe_name,recipe_cuisine_name,chef_id) VALUES (Doro Wat,Ethiopian,22);
INSERT INTO recipe_has_chef (recipe_name,recipe_cuisine_name,chef_id) VALUES (Injera,Ethiopian,22);
INSERT INTO recipe_has_chef (recipe_name,recipe_cuisine_name,chef_id) VALUES (Kitfo,Ethiopian,22);
INSERT INTO recipe_has_chef (recipe_name,recipe_cuisine_name,chef_id) VALUES (Doro Wat,Ethiopian,27);
INSERT INTO recipe_has_chef (recipe_name,recipe_cuisine_name,chef_id) VALUES (Injera,Ethiopian,27);
INSERT INTO recipe_has_chef (recipe_name,recipe_cuisine_name,chef_id) VALUES (Kitfo,Ethiopian,27);
INSERT INTO recipe_has_chef (recipe_name,recipe_cuisine_name,chef_id) VALUES (Doro Wat,Ethiopian,40);
INSERT INTO recipe_has_chef (recipe_name,recipe_cuisine_name,chef_id) VALUES (Injera,Ethiopian,40);
INSERT INTO recipe_has_chef (recipe_name,recipe_cuisine_name,chef_id) VALUES (Kitfo,Ethiopian,40);
INSERT INTO recipe_has_chef (recipe_name,recipe_cuisine_name,chef_id) VALUES (Doro Wat,Ethiopian,67);
INSERT INTO recipe_has_chef (recipe_name,recipe_cuisine_name,chef_id) VALUES (Injera,Ethiopian,67);
INSERT INTO recipe_has_chef (recipe_name,recipe_cuisine_name,chef_id) VALUES (Kitfo,Ethiopian,67);
INSERT INTO recipe_has_chef (recipe_name,recipe_cuisine_name,chef_id) VALUES (Doro Wat,Ethiopian,78);
INSERT INTO recipe_has_chef (recipe_name,recipe_cuisine_name,chef_id) VALUES (Injera,Ethiopian,78);
INSERT INTO recipe_has_chef (recipe_name,recipe_cuisine_name,chef_id) VALUES (Kitfo,Ethiopian,78);
INSERT INTO recipe_has_chef (recipe_name,recipe_cuisine_name,chef_id) VALUES (Doro Wat,Ethiopian,87);
INSERT INTO recipe_has_chef (recipe_name,recipe_cuisine_name,chef_id) VALUES (Injera,Ethiopian,87);
INSERT INTO recipe_has_chef (recipe_name,recipe_cuisine_name,chef_id) VALUES (Kitfo,Ethiopian,87);
INSERT INTO recipe_has_chef (recipe_name,recipe_cuisine_name,chef_id) VALUES (Cheeseburger,American,17);
INSERT INTO recipe_has_chef (recipe_name,recipe_cuisine_name,chef_id) VALUES (Apple Pie,American,17);
INSERT INTO recipe_has_chef (recipe_name,recipe_cuisine_name,chef_id) VALUES (Fried Chicken,American,17);
INSERT INTO recipe_has_chef (recipe_name,recipe_cuisine_name,chef_id) VALUES (Macaroni and Cheese,American,17);
INSERT INTO recipe_has_chef (recipe_name,recipe_cuisine_name,chef_id) VALUES (Barbecue Ribs,American,17);
INSERT INTO recipe_has_chef (recipe_name,recipe_cuisine_name,chef_id) VALUES (Pancakes,American,17);
INSERT INTO recipe_has_chef (recipe_name,recipe_cuisine_name,chef_id) VALUES (Chocolate Chip Cookies,American,17);
INSERT INTO recipe_has_chef (recipe_name,recipe_cuisine_name,chef_id) VALUES (BLT Sandwich,American,17);
INSERT INTO recipe_has_chef (recipe_name,recipe_cuisine_name,chef_id) VALUES (Clam Chowder,American,17);
INSERT INTO recipe_has_chef (recipe_name,recipe_cuisine_name,chef_id) VALUES (Brownies,American,17);
INSERT INTO recipe_has_chef (recipe_name,recipe_cuisine_name,chef_id) VALUES (Cheeseburger,American,28);
INSERT INTO recipe_has_chef (recipe_name,recipe_cuisine_name,chef_id) VALUES (Apple Pie,American,28);
INSERT INTO recipe_has_chef (recipe_name,recipe_cuisine_name,chef_id) VALUES (Fried Chicken,American,28);
INSERT INTO recipe_has_chef (recipe_name,recipe_cuisine_name,chef_id) VALUES (Macaroni and Cheese,American,28);
INSERT INTO recipe_has_chef (recipe_name,recipe_cuisine_name,chef_id) VALUES (Barbecue Ribs,American,28);
INSERT INTO recipe_has_chef (recipe_name,recipe_cuisine_name,chef_id) VALUES (Pancakes,American,28);
INSERT INTO recipe_has_chef (recipe_name,recipe_cuisine_name,chef_id) VALUES (Chocolate Chip Cookies,American,28);
INSERT INTO recipe_has_chef (recipe_name,recipe_cuisine_name,chef_id) VALUES (BLT Sandwich,American,28);
INSERT INTO recipe_has_chef (recipe_name,recipe_cuisine_name,chef_id) VALUES (Clam Chowder,American,28);
INSERT INTO recipe_has_chef (recipe_name,recipe_cuisine_name,chef_id) VALUES (Brownies,American,28);
INSERT INTO recipe_has_chef (recipe_name,recipe_cuisine_name,chef_id) VALUES (Cheeseburger,American,50);
INSERT INTO recipe_has_chef (recipe_name,recipe_cuisine_name,chef_id) VALUES (Apple Pie,American,50);
INSERT INTO recipe_has_chef (recipe_name,recipe_cuisine_name,chef_id) VALUES (Fried Chicken,American,50);
INSERT INTO recipe_has_chef (recipe_name,recipe_cuisine_name,chef_id) VALUES (Macaroni and Cheese,American,50);
INSERT INTO recipe_has_chef (recipe_name,recipe_cuisine_name,chef_id) VALUES (Barbecue Ribs,American,50);
INSERT INTO recipe_has_chef (recipe_name,recipe_cuisine_name,chef_id) VALUES (Pancakes,American,50);
INSERT INTO recipe_has_chef (recipe_name,recipe_cuisine_name,chef_id) VALUES (Chocolate Chip Cookies,American,50);
INSERT INTO recipe_has_chef (recipe_name,recipe_cuisine_name,chef_id) VALUES (BLT Sandwich,American,50);
INSERT INTO recipe_has_chef (recipe_name,recipe_cuisine_name,chef_id) VALUES (Clam Chowder,American,50);
INSERT INTO recipe_has_chef (recipe_name,recipe_cuisine_name,chef_id) VALUES (Brownies,American,50);
INSERT INTO recipe_has_chef (recipe_name,recipe_cuisine_name,chef_id) VALUES (Cheeseburger,American,54);
INSERT INTO recipe_has_chef (recipe_name,recipe_cuisine_name,chef_id) VALUES (Apple Pie,American,54);
INSERT INTO recipe_has_chef (recipe_name,recipe_cuisine_name,chef_id) VALUES (Fried Chicken,American,54);
INSERT INTO recipe_has_chef (recipe_name,recipe_cuisine_name,chef_id) VALUES (Macaroni and Cheese,American,54);
INSERT INTO recipe_has_chef (recipe_name,recipe_cuisine_name,chef_id) VALUES (Barbecue Ribs,American,54);
INSERT INTO recipe_has_chef (recipe_name,recipe_cuisine_name,chef_id) VALUES (Pancakes,American,54);
INSERT INTO recipe_has_chef (recipe_name,recipe_cuisine_name,chef_id) VALUES (Chocolate Chip Cookies,American,54);
INSERT INTO recipe_has_chef (recipe_name,recipe_cuisine_name,chef_id) VALUES (BLT Sandwich,American,54);
INSERT INTO recipe_has_chef (recipe_name,recipe_cuisine_name,chef_id) VALUES (Clam Chowder,American,54);
INSERT INTO recipe_has_chef (recipe_name,recipe_cuisine_name,chef_id) VALUES (Brownies,American,54);
INSERT INTO recipe_has_chef (recipe_name,recipe_cuisine_name,chef_id) VALUES (Cheeseburger,American,56);
INSERT INTO recipe_has_chef (recipe_name,recipe_cuisine_name,chef_id) VALUES (Apple Pie,American,56);
INSERT INTO recipe_has_chef (recipe_name,recipe_cuisine_name,chef_id) VALUES (Fried Chicken,American,56);
INSERT INTO recipe_has_chef (recipe_name,recipe_cuisine_name,chef_id) VALUES (Macaroni and Cheese,American,56);
INSERT INTO recipe_has_chef (recipe_name,recipe_cuisine_name,chef_id) VALUES (Barbecue Ribs,American,56);
INSERT INTO recipe_has_chef (recipe_name,recipe_cuisine_name,chef_id) VALUES (Pancakes,American,56);
INSERT INTO recipe_has_chef (recipe_name,recipe_cuisine_name,chef_id) VALUES (Chocolate Chip Cookies,American,56);
INSERT INTO recipe_has_chef (recipe_name,recipe_cuisine_name,chef_id) VALUES (BLT Sandwich,American,56);
INSERT INTO recipe_has_chef (recipe_name,recipe_cuisine_name,chef_id) VALUES (Clam Chowder,American,56);
INSERT INTO recipe_has_chef (recipe_name,recipe_cuisine_name,chef_id) VALUES (Brownies,American,56);
INSERT INTO recipe_has_chef (recipe_name,recipe_cuisine_name,chef_id) VALUES (Cheeseburger,American,60);
INSERT INTO recipe_has_chef (recipe_name,recipe_cuisine_name,chef_id) VALUES (Apple Pie,American,60);
INSERT INTO recipe_has_chef (recipe_name,recipe_cuisine_name,chef_id) VALUES (Fried Chicken,American,60);
INSERT INTO recipe_has_chef (recipe_name,recipe_cuisine_name,chef_id) VALUES (Macaroni and Cheese,American,60);
INSERT INTO recipe_has_chef (recipe_name,recipe_cuisine_name,chef_id) VALUES (Barbecue Ribs,American,60);
INSERT INTO recipe_has_chef (recipe_name,recipe_cuisine_name,chef_id) VALUES (Pancakes,American,60);
INSERT INTO recipe_has_chef (recipe_name,recipe_cuisine_name,chef_id) VALUES (Chocolate Chip Cookies,American,60);
INSERT INTO recipe_has_chef (recipe_name,recipe_cuisine_name,chef_id) VALUES (BLT Sandwich,American,60);
INSERT INTO recipe_has_chef (recipe_name,recipe_cuisine_name,chef_id) VALUES (Clam Chowder,American,60);
INSERT INTO recipe_has_chef (recipe_name,recipe_cuisine_name,chef_id) VALUES (Brownies,American,60);
INSERT INTO recipe_has_chef (recipe_name,recipe_cuisine_name,chef_id) VALUES (Cheeseburger,American,64);
INSERT INTO recipe_has_chef (recipe_name,recipe_cuisine_name,chef_id) VALUES (Apple Pie,American,64);
INSERT INTO recipe_has_chef (recipe_name,recipe_cuisine_name,chef_id) VALUES (Fried Chicken,American,64);
INSERT INTO recipe_has_chef (recipe_name,recipe_cuisine_name,chef_id) VALUES (Macaroni and Cheese,American,64);
INSERT INTO recipe_has_chef (recipe_name,recipe_cuisine_name,chef_id) VALUES (Barbecue Ribs,American,64);
INSERT INTO recipe_has_chef (recipe_name,recipe_cuisine_name,chef_id) VALUES (Pancakes,American,64);
INSERT INTO recipe_has_chef (recipe_name,recipe_cuisine_name,chef_id) VALUES (Chocolate Chip Cookies,American,64);
INSERT INTO recipe_has_chef (recipe_name,recipe_cuisine_name,chef_id) VALUES (BLT Sandwich,American,64);
INSERT INTO recipe_has_chef (recipe_name,recipe_cuisine_name,chef_id) VALUES (Clam Chowder,American,64);
INSERT INTO recipe_has_chef (recipe_name,recipe_cuisine_name,chef_id) VALUES (Brownies,American,64);
INSERT INTO recipe_has_chef (recipe_name,recipe_cuisine_name,chef_id) VALUES (Cheeseburger,American,77);
INSERT INTO recipe_has_chef (recipe_name,recipe_cuisine_name,chef_id) VALUES (Apple Pie,American,77);
INSERT INTO recipe_has_chef (recipe_name,recipe_cuisine_name,chef_id) VALUES (Fried Chicken,American,77);
INSERT INTO recipe_has_chef (recipe_name,recipe_cuisine_name,chef_id) VALUES (Macaroni and Cheese,American,77);
INSERT INTO recipe_has_chef (recipe_name,recipe_cuisine_name,chef_id) VALUES (Barbecue Ribs,American,77);
INSERT INTO recipe_has_chef (recipe_name,recipe_cuisine_name,chef_id) VALUES (Pancakes,American,77);
INSERT INTO recipe_has_chef (recipe_name,recipe_cuisine_name,chef_id) VALUES (Chocolate Chip Cookies,American,77);
INSERT INTO recipe_has_chef (recipe_name,recipe_cuisine_name,chef_id) VALUES (BLT Sandwich,American,77);
INSERT INTO recipe_has_chef (recipe_name,recipe_cuisine_name,chef_id) VALUES (Clam Chowder,American,77);
INSERT INTO recipe_has_chef (recipe_name,recipe_cuisine_name,chef_id) VALUES (Brownies,American,77);
INSERT INTO recipe_has_chef (recipe_name,recipe_cuisine_name,chef_id) VALUES (Cheeseburger,American,99);
INSERT INTO recipe_has_chef (recipe_name,recipe_cuisine_name,chef_id) VALUES (Apple Pie,American,99);
INSERT INTO recipe_has_chef (recipe_name,recipe_cuisine_name,chef_id) VALUES (Fried Chicken,American,99);
INSERT INTO recipe_has_chef (recipe_name,recipe_cuisine_name,chef_id) VALUES (Macaroni and Cheese,American,99);
INSERT INTO recipe_has_chef (recipe_name,recipe_cuisine_name,chef_id) VALUES (Barbecue Ribs,American,99);
INSERT INTO recipe_has_chef (recipe_name,recipe_cuisine_name,chef_id) VALUES (Pancakes,American,99);
INSERT INTO recipe_has_chef (recipe_name,recipe_cuisine_name,chef_id) VALUES (Chocolate Chip Cookies,American,99);
INSERT INTO recipe_has_chef (recipe_name,recipe_cuisine_name,chef_id) VALUES (BLT Sandwich,American,99);
INSERT INTO recipe_has_chef (recipe_name,recipe_cuisine_name,chef_id) VALUES (Clam Chowder,American,99);
INSERT INTO recipe_has_chef (recipe_name,recipe_cuisine_name,chef_id) VALUES (Brownies,American,99);
INSERT INTO recipe_has_chef (recipe_name,recipe_cuisine_name,chef_id) VALUES (Ghapama,Armenian,19);
INSERT INTO recipe_has_chef (recipe_name,recipe_cuisine_name,chef_id) VALUES (Harissa,Armenian,19);
INSERT INTO recipe_has_chef (recipe_name,recipe_cuisine_name,chef_id) VALUES (Lahmajoun,Armenian,19);
INSERT INTO recipe_has_chef (recipe_name,recipe_cuisine_name,chef_id) VALUES (Ghapama,Armenian,30);
INSERT INTO recipe_has_chef (recipe_name,recipe_cuisine_name,chef_id) VALUES (Harissa,Armenian,30);
INSERT INTO recipe_has_chef (recipe_name,recipe_cuisine_name,chef_id) VALUES (Lahmajoun,Armenian,30);
INSERT INTO recipe_has_chef (recipe_name,recipe_cuisine_name,chef_id) VALUES (Ghapama,Armenian,39);
INSERT INTO recipe_has_chef (recipe_name,recipe_cuisine_name,chef_id) VALUES (Harissa,Armenian,39);
INSERT INTO recipe_has_chef (recipe_name,recipe_cuisine_name,chef_id) VALUES (Lahmajoun,Armenian,39);
INSERT INTO recipe_has_chef (recipe_name,recipe_cuisine_name,chef_id) VALUES (Ghapama,Armenian,41);
INSERT INTO recipe_has_chef (recipe_name,recipe_cuisine_name,chef_id) VALUES (Harissa,Armenian,41);
INSERT INTO recipe_has_chef (recipe_name,recipe_cuisine_name,chef_id) VALUES (Lahmajoun,Armenian,41);
INSERT INTO recipe_has_chef (recipe_name,recipe_cuisine_name,chef_id) VALUES (Ghapama,Armenian,51);
INSERT INTO recipe_has_chef (recipe_name,recipe_cuisine_name,chef_id) VALUES (Harissa,Armenian,51);
INSERT INTO recipe_has_chef (recipe_name,recipe_cuisine_name,chef_id) VALUES (Lahmajoun,Armenian,51);
INSERT INTO recipe_has_chef (recipe_name,recipe_cuisine_name,chef_id) VALUES (Ghapama,Armenian,87);
INSERT INTO recipe_has_chef (recipe_name,recipe_cuisine_name,chef_id) VALUES (Harissa,Armenian,87);
INSERT INTO recipe_has_chef (recipe_name,recipe_cuisine_name,chef_id) VALUES (Lahmajoun,Armenian,87);
INSERT INTO recipe_has_chef (recipe_name,recipe_cuisine_name,chef_id) VALUES (Ghapama,Armenian,89);
INSERT INTO recipe_has_chef (recipe_name,recipe_cuisine_name,chef_id) VALUES (Harissa,Armenian,89);
INSERT INTO recipe_has_chef (recipe_name,recipe_cuisine_name,chef_id) VALUES (Lahmajoun,Armenian,89);
INSERT INTO recipe_has_chef (recipe_name,recipe_cuisine_name,chef_id) VALUES (Ghapama,Armenian,91);
INSERT INTO recipe_has_chef (recipe_name,recipe_cuisine_name,chef_id) VALUES (Harissa,Armenian,91);
INSERT INTO recipe_has_chef (recipe_name,recipe_cuisine_name,chef_id) VALUES (Lahmajoun,Armenian,91);
INSERT INTO recipe_has_chef (recipe_name,recipe_cuisine_name,chef_id) VALUES (Ghapama,Armenian,92);
INSERT INTO recipe_has_chef (recipe_name,recipe_cuisine_name,chef_id) VALUES (Harissa,Armenian,92);
INSERT INTO recipe_has_chef (recipe_name,recipe_cuisine_name,chef_id) VALUES (Lahmajoun,Armenian,92);
INSERT INTO chef_has_cuisine (chef_id,cuisine_name) VALUES (1,Kazakh);
INSERT INTO chef_has_cuisine (chef_id,cuisine_name) VALUES (1,Greek);
INSERT INTO chef_has_cuisine (chef_id,cuisine_name) VALUES (1,Chinese);
INSERT INTO chef_has_cuisine (chef_id,cuisine_name) VALUES (2,Korean);
INSERT INTO chef_has_cuisine (chef_id,cuisine_name) VALUES (2,Turkish);
INSERT INTO chef_has_cuisine (chef_id,cuisine_name) VALUES (2,Russian);
INSERT INTO chef_has_cuisine (chef_id,cuisine_name) VALUES (3,Chinese);
INSERT INTO chef_has_cuisine (chef_id,cuisine_name) VALUES (3,Japanese);
INSERT INTO chef_has_cuisine (chef_id,cuisine_name) VALUES (4,French);
INSERT INTO chef_has_cuisine (chef_id,cuisine_name) VALUES (4,Turkmen);
INSERT INTO chef_has_cuisine (chef_id,cuisine_name) VALUES (5,Kenyan);
INSERT INTO chef_has_cuisine (chef_id,cuisine_name) VALUES (6,Russian);
INSERT INTO chef_has_cuisine (chef_id,cuisine_name) VALUES (6,Chinese);
INSERT INTO chef_has_cuisine (chef_id,cuisine_name) VALUES (7,Korean);
INSERT INTO chef_has_cuisine (chef_id,cuisine_name) VALUES (8,Kenyan);
INSERT INTO chef_has_cuisine (chef_id,cuisine_name) VALUES (9,Kenyan);
INSERT INTO chef_has_cuisine (chef_id,cuisine_name) VALUES (9,Russian);
INSERT INTO chef_has_cuisine (chef_id,cuisine_name) VALUES (10,Turkmen);
INSERT INTO chef_has_cuisine (chef_id,cuisine_name) VALUES (11,Italian);
INSERT INTO chef_has_cuisine (chef_id,cuisine_name) VALUES (12,Albanian);
INSERT INTO chef_has_cuisine (chef_id,cuisine_name) VALUES (12,Kazakh);
INSERT INTO chef_has_cuisine (chef_id,cuisine_name) VALUES (13,Chinese);
INSERT INTO chef_has_cuisine (chef_id,cuisine_name) VALUES (13,Welsh);
INSERT INTO chef_has_cuisine (chef_id,cuisine_name) VALUES (14,Italian);
INSERT INTO chef_has_cuisine (chef_id,cuisine_name) VALUES (15,German);
INSERT INTO chef_has_cuisine (chef_id,cuisine_name) VALUES (16,Bulgarian);
INSERT INTO chef_has_cuisine (chef_id,cuisine_name) VALUES (16,Indian);
INSERT INTO chef_has_cuisine (chef_id,cuisine_name) VALUES (16,Mexican);
INSERT INTO chef_has_cuisine (chef_id,cuisine_name) VALUES (17,Ethiopian);
INSERT INTO chef_has_cuisine (chef_id,cuisine_name) VALUES (17,American);
INSERT INTO chef_has_cuisine (chef_id,cuisine_name) VALUES (17,Italian);
INSERT INTO chef_has_cuisine (chef_id,cuisine_name) VALUES (18,Italian);
INSERT INTO chef_has_cuisine (chef_id,cuisine_name) VALUES (18,Indian);
INSERT INTO chef_has_cuisine (chef_id,cuisine_name) VALUES (19,Armenian);
INSERT INTO chef_has_cuisine (chef_id,cuisine_name) VALUES (19,Welsh);
INSERT INTO chef_has_cuisine (chef_id,cuisine_name) VALUES (20,French);
INSERT INTO chef_has_cuisine (chef_id,cuisine_name) VALUES (20,Greek);
INSERT INTO chef_has_cuisine (chef_id,cuisine_name) VALUES (21,Mexican);
INSERT INTO chef_has_cuisine (chef_id,cuisine_name) VALUES (22,French);
INSERT INTO chef_has_cuisine (chef_id,cuisine_name) VALUES (22,Korean);
INSERT INTO chef_has_cuisine (chef_id,cuisine_name) VALUES (22,Ethiopian);
INSERT INTO chef_has_cuisine (chef_id,cuisine_name) VALUES (23,Albanian);
INSERT INTO chef_has_cuisine (chef_id,cuisine_name) VALUES (23,Greek);
INSERT INTO chef_has_cuisine (chef_id,cuisine_name) VALUES (24,Kenyan);
INSERT INTO chef_has_cuisine (chef_id,cuisine_name) VALUES (24,German);
INSERT INTO chef_has_cuisine (chef_id,cuisine_name) VALUES (25,Korean);
INSERT INTO chef_has_cuisine (chef_id,cuisine_name) VALUES (25,Greek);
INSERT INTO chef_has_cuisine (chef_id,cuisine_name) VALUES (26,Bulgarian);
INSERT INTO chef_has_cuisine (chef_id,cuisine_name) VALUES (26,Greek);
INSERT INTO chef_has_cuisine (chef_id,cuisine_name) VALUES (27,Ethiopian);
INSERT INTO chef_has_cuisine (chef_id,cuisine_name) VALUES (27,Welsh);
INSERT INTO chef_has_cuisine (chef_id,cuisine_name) VALUES (27,Indian);
INSERT INTO chef_has_cuisine (chef_id,cuisine_name) VALUES (28,Turkish);
INSERT INTO chef_has_cuisine (chef_id,cuisine_name) VALUES (28,Welsh);
INSERT INTO chef_has_cuisine (chef_id,cuisine_name) VALUES (28,American);
INSERT INTO chef_has_cuisine (chef_id,cuisine_name) VALUES (29,Bulgarian);
INSERT INTO chef_has_cuisine (chef_id,cuisine_name) VALUES (30,Armenian);
INSERT INTO chef_has_cuisine (chef_id,cuisine_name) VALUES (31,Russian);
INSERT INTO chef_has_cuisine (chef_id,cuisine_name) VALUES (31,Albanian);
INSERT INTO chef_has_cuisine (chef_id,cuisine_name) VALUES (31,Japanese);
INSERT INTO chef_has_cuisine (chef_id,cuisine_name) VALUES (32,Italian);
INSERT INTO chef_has_cuisine (chef_id,cuisine_name) VALUES (33,Welsh);
INSERT INTO chef_has_cuisine (chef_id,cuisine_name) VALUES (33,Albanian);
INSERT INTO chef_has_cuisine (chef_id,cuisine_name) VALUES (34,Welsh);
INSERT INTO chef_has_cuisine (chef_id,cuisine_name) VALUES (34,Russian);
INSERT INTO chef_has_cuisine (chef_id,cuisine_name) VALUES (34,Greek);
INSERT INTO chef_has_cuisine (chef_id,cuisine_name) VALUES (35,Chinese);
INSERT INTO chef_has_cuisine (chef_id,cuisine_name) VALUES (35,Albanian);
INSERT INTO chef_has_cuisine (chef_id,cuisine_name) VALUES (36,Greek);
INSERT INTO chef_has_cuisine (chef_id,cuisine_name) VALUES (37,Russian);
INSERT INTO chef_has_cuisine (chef_id,cuisine_name) VALUES (38,Greek);
INSERT INTO chef_has_cuisine (chef_id,cuisine_name) VALUES (39,Armenian);
INSERT INTO chef_has_cuisine (chef_id,cuisine_name) VALUES (39,Albanian);
INSERT INTO chef_has_cuisine (chef_id,cuisine_name) VALUES (39,Greek);
INSERT INTO chef_has_cuisine (chef_id,cuisine_name) VALUES (40,Ethiopian);
INSERT INTO chef_has_cuisine (chef_id,cuisine_name) VALUES (41,Armenian);
INSERT INTO chef_has_cuisine (chef_id,cuisine_name) VALUES (41,Albanian);
INSERT INTO chef_has_cuisine (chef_id,cuisine_name) VALUES (41,Kenyan);
INSERT INTO chef_has_cuisine (chef_id,cuisine_name) VALUES (42,Mexican);
INSERT INTO chef_has_cuisine (chef_id,cuisine_name) VALUES (42,Korean);
INSERT INTO chef_has_cuisine (chef_id,cuisine_name) VALUES (42,Turkish);
INSERT INTO chef_has_cuisine (chef_id,cuisine_name) VALUES (43,Mexican);
INSERT INTO chef_has_cuisine (chef_id,cuisine_name) VALUES (44,Mexican);
INSERT INTO chef_has_cuisine (chef_id,cuisine_name) VALUES (44,Chinese);
INSERT INTO chef_has_cuisine (chef_id,cuisine_name) VALUES (45,Bulgarian);
INSERT INTO chef_has_cuisine (chef_id,cuisine_name) VALUES (46,Japanese);
INSERT INTO chef_has_cuisine (chef_id,cuisine_name) VALUES (47,Russian);
INSERT INTO chef_has_cuisine (chef_id,cuisine_name) VALUES (48,Kenyan);
INSERT INTO chef_has_cuisine (chef_id,cuisine_name) VALUES (48,Albanian);
INSERT INTO chef_has_cuisine (chef_id,cuisine_name) VALUES (48,Mexican);
INSERT INTO chef_has_cuisine (chef_id,cuisine_name) VALUES (49,Italian);
INSERT INTO chef_has_cuisine (chef_id,cuisine_name) VALUES (49,Japanese);
INSERT INTO chef_has_cuisine (chef_id,cuisine_name) VALUES (50,Greek);
INSERT INTO chef_has_cuisine (chef_id,cuisine_name) VALUES (50,German);
INSERT INTO chef_has_cuisine (chef_id,cuisine_name) VALUES (50,American);
INSERT INTO chef_has_cuisine (chef_id,cuisine_name) VALUES (51,Armenian);
INSERT INTO chef_has_cuisine (chef_id,cuisine_name) VALUES (52,Kazakh);
INSERT INTO chef_has_cuisine (chef_id,cuisine_name) VALUES (53,Chinese);
INSERT INTO chef_has_cuisine (chef_id,cuisine_name) VALUES (53,Bulgarian);
INSERT INTO chef_has_cuisine (chef_id,cuisine_name) VALUES (54,American);
INSERT INTO chef_has_cuisine (chef_id,cuisine_name) VALUES (54,Kenyan);
INSERT INTO chef_has_cuisine (chef_id,cuisine_name) VALUES (55,Bulgarian);
INSERT INTO chef_has_cuisine (chef_id,cuisine_name) VALUES (55,Indian);
INSERT INTO chef_has_cuisine (chef_id,cuisine_name) VALUES (55,Mexican);
INSERT INTO chef_has_cuisine (chef_id,cuisine_name) VALUES (56,German);
INSERT INTO chef_has_cuisine (chef_id,cuisine_name) VALUES (56,Japanese);
INSERT INTO chef_has_cuisine (chef_id,cuisine_name) VALUES (56,American);
INSERT INTO chef_has_cuisine (chef_id,cuisine_name) VALUES (57,Turkmen);
INSERT INTO chef_has_cuisine (chef_id,cuisine_name) VALUES (57,Kazakh);
INSERT INTO chef_has_cuisine (chef_id,cuisine_name) VALUES (58,Japanese);
INSERT INTO chef_has_cuisine (chef_id,cuisine_name) VALUES (58,Russian);
INSERT INTO chef_has_cuisine (chef_id,cuisine_name) VALUES (59,Turkmen);
INSERT INTO chef_has_cuisine (chef_id,cuisine_name) VALUES (59,Chinese);
INSERT INTO chef_has_cuisine (chef_id,cuisine_name) VALUES (60,Korean);
INSERT INTO chef_has_cuisine (chef_id,cuisine_name) VALUES (60,American);
INSERT INTO chef_has_cuisine (chef_id,cuisine_name) VALUES (61,Turkish);
INSERT INTO chef_has_cuisine (chef_id,cuisine_name) VALUES (61,Italian);
INSERT INTO chef_has_cuisine (chef_id,cuisine_name) VALUES (61,Indian);
INSERT INTO chef_has_cuisine (chef_id,cuisine_name) VALUES (62,Indian);
INSERT INTO chef_has_cuisine (chef_id,cuisine_name) VALUES (62,Turkmen);
INSERT INTO chef_has_cuisine (chef_id,cuisine_name) VALUES (63,Mexican);
INSERT INTO chef_has_cuisine (chef_id,cuisine_name) VALUES (64,American);
INSERT INTO chef_has_cuisine (chef_id,cuisine_name) VALUES (65,Greek);
INSERT INTO chef_has_cuisine (chef_id,cuisine_name) VALUES (66,Korean);
INSERT INTO chef_has_cuisine (chef_id,cuisine_name) VALUES (66,Turkmen);
INSERT INTO chef_has_cuisine (chef_id,cuisine_name) VALUES (67,Ethiopian);
INSERT INTO chef_has_cuisine (chef_id,cuisine_name) VALUES (67,Russian);
INSERT INTO chef_has_cuisine (chef_id,cuisine_name) VALUES (67,Turkish);
INSERT INTO chef_has_cuisine (chef_id,cuisine_name) VALUES (68,Japanese);
INSERT INTO chef_has_cuisine (chef_id,cuisine_name) VALUES (68,Turkish);
INSERT INTO chef_has_cuisine (chef_id,cuisine_name) VALUES (68,Turkmen);
INSERT INTO chef_has_cuisine (chef_id,cuisine_name) VALUES (69,Mexican);
INSERT INTO chef_has_cuisine (chef_id,cuisine_name) VALUES (70,Mexican);
INSERT INTO chef_has_cuisine (chef_id,cuisine_name) VALUES (70,Albanian);
INSERT INTO chef_has_cuisine (chef_id,cuisine_name) VALUES (71,Turkish);
INSERT INTO chef_has_cuisine (chef_id,cuisine_name) VALUES (71,Kenyan);
INSERT INTO chef_has_cuisine (chef_id,cuisine_name) VALUES (71,Japanese);
INSERT INTO chef_has_cuisine (chef_id,cuisine_name) VALUES (72,Chinese);
INSERT INTO chef_has_cuisine (chef_id,cuisine_name) VALUES (72,Mexican);
INSERT INTO chef_has_cuisine (chef_id,cuisine_name) VALUES (73,Turkmen);
INSERT INTO chef_has_cuisine (chef_id,cuisine_name) VALUES (74,Korean);
INSERT INTO chef_has_cuisine (chef_id,cuisine_name) VALUES (75,Mexican);
INSERT INTO chef_has_cuisine (chef_id,cuisine_name) VALUES (76,Albanian);
INSERT INTO chef_has_cuisine (chef_id,cuisine_name) VALUES (76,Turkish);
INSERT INTO chef_has_cuisine (chef_id,cuisine_name) VALUES (77,Kenyan);
INSERT INTO chef_has_cuisine (chef_id,cuisine_name) VALUES (77,Turkish);
INSERT INTO chef_has_cuisine (chef_id,cuisine_name) VALUES (77,American);
INSERT INTO chef_has_cuisine (chef_id,cuisine_name) VALUES (78,Ethiopian);
INSERT INTO chef_has_cuisine (chef_id,cuisine_name) VALUES (79,Kenyan);
INSERT INTO chef_has_cuisine (chef_id,cuisine_name) VALUES (79,Turkish);
INSERT INTO chef_has_cuisine (chef_id,cuisine_name) VALUES (79,Mexican);
INSERT INTO chef_has_cuisine (chef_id,cuisine_name) VALUES (80,Mexican);
INSERT INTO chef_has_cuisine (chef_id,cuisine_name) VALUES (80,Kazakh);
INSERT INTO chef_has_cuisine (chef_id,cuisine_name) VALUES (81,Kenyan);
INSERT INTO chef_has_cuisine (chef_id,cuisine_name) VALUES (81,German);
INSERT INTO chef_has_cuisine (chef_id,cuisine_name) VALUES (82,Chinese);
INSERT INTO chef_has_cuisine (chef_id,cuisine_name) VALUES (82,Bulgarian);
INSERT INTO chef_has_cuisine (chef_id,cuisine_name) VALUES (83,Korean);
INSERT INTO chef_has_cuisine (chef_id,cuisine_name) VALUES (83,Albanian);
INSERT INTO chef_has_cuisine (chef_id,cuisine_name) VALUES (83,Italian);
INSERT INTO chef_has_cuisine (chef_id,cuisine_name) VALUES (84,Albanian);
INSERT INTO chef_has_cuisine (chef_id,cuisine_name) VALUES (84,Indian);
INSERT INTO chef_has_cuisine (chef_id,cuisine_name) VALUES (84,Welsh);
INSERT INTO chef_has_cuisine (chef_id,cuisine_name) VALUES (85,Turkmen);
INSERT INTO chef_has_cuisine (chef_id,cuisine_name) VALUES (85,Albanian);
INSERT INTO chef_has_cuisine (chef_id,cuisine_name) VALUES (85,Welsh);
INSERT INTO chef_has_cuisine (chef_id,cuisine_name) VALUES (86,German);
INSERT INTO chef_has_cuisine (chef_id,cuisine_name) VALUES (87,Ethiopian);
INSERT INTO chef_has_cuisine (chef_id,cuisine_name) VALUES (87,Russian);
INSERT INTO chef_has_cuisine (chef_id,cuisine_name) VALUES (87,Armenian);
INSERT INTO chef_has_cuisine (chef_id,cuisine_name) VALUES (88,German);
INSERT INTO chef_has_cuisine (chef_id,cuisine_name) VALUES (89,Armenian);
INSERT INTO chef_has_cuisine (chef_id,cuisine_name) VALUES (89,Mexican);
INSERT INTO chef_has_cuisine (chef_id,cuisine_name) VALUES (89,Turkish);
INSERT INTO chef_has_cuisine (chef_id,cuisine_name) VALUES (90,Kenyan);
INSERT INTO chef_has_cuisine (chef_id,cuisine_name) VALUES (90,Turkmen);
INSERT INTO chef_has_cuisine (chef_id,cuisine_name) VALUES (91,Mexican);
INSERT INTO chef_has_cuisine (chef_id,cuisine_name) VALUES (91,Armenian);
INSERT INTO chef_has_cuisine (chef_id,cuisine_name) VALUES (91,French);
INSERT INTO chef_has_cuisine (chef_id,cuisine_name) VALUES (92,French);
INSERT INTO chef_has_cuisine (chef_id,cuisine_name) VALUES (92,Japanese);
INSERT INTO chef_has_cuisine (chef_id,cuisine_name) VALUES (92,Armenian);
INSERT INTO chef_has_cuisine (chef_id,cuisine_name) VALUES (93,Bulgarian);
INSERT INTO chef_has_cuisine (chef_id,cuisine_name) VALUES (93,Greek);
INSERT INTO chef_has_cuisine (chef_id,cuisine_name) VALUES (94,Mexican);
INSERT INTO chef_has_cuisine (chef_id,cuisine_name) VALUES (94,Bulgarian);
INSERT INTO chef_has_cuisine (chef_id,cuisine_name) VALUES (95,Chinese);
INSERT INTO chef_has_cuisine (chef_id,cuisine_name) VALUES (96,German);
INSERT INTO chef_has_cuisine (chef_id,cuisine_name) VALUES (96,Greek);
INSERT INTO chef_has_cuisine (chef_id,cuisine_name) VALUES (96,French);
INSERT INTO chef_has_cuisine (chef_id,cuisine_name) VALUES (97,Japanese);
INSERT INTO chef_has_cuisine (chef_id,cuisine_name) VALUES (97,Russian);
INSERT INTO chef_has_cuisine (chef_id,cuisine_name) VALUES (97,Greek);
INSERT INTO chef_has_cuisine (chef_id,cuisine_name) VALUES (98,Mexican);
INSERT INTO chef_has_cuisine (chef_id,cuisine_name) VALUES (99,American);
INSERT INTO chef_has_cuisine (chef_id,cuisine_name) VALUES (99,Kenyan);
INSERT INTO chef_has_cuisine (chef_id,cuisine_name) VALUES (99,Russian);
INSERT INTO chef_has_cuisine (chef_id,cuisine_name) VALUES (100,German);
